2089
8022
899
1544
7285
5696
8361
8360
1461
4464
1666
4053
8537
3576
5633
3158
4988
2629
4736
4
3154
8011
1236
8814
7644
365
8197
5083
2914
2653
2151
6071
3515
5892
534
2250
1770
7319
6982
6395
1029
1486
5794
4329
8627
2598
8655
2766
4539
4891
3540
4473
9724
9356
3932
4048
4143
1079
9208
9863
2747
5831
7393
5945
8720
6410
253
1789
1346
3697
25
1957
741
5375
9888
8156
2533
9875
9280
2476
982
9374
7906
9511
9959
9294
4984
3036
4676
7516
7723
4910
8049
7328
5551
5745
4766
6389
5186
5076
3633
9595
2006
8321
4686
5004
5586
8994
5954
9422
2397
2825
3207
1602
8184
4207
1296
730
7104
1476
7015
77
9716
9308
5558
1100
8322
212
1695
2575
9490
2901
5052
1054
9632
7448
8731
5091
334
5499
2272
9612
7000
4818
2335
3090
5452
478
8449
5525
5555
6673
1201
4302
1484
1731
670
3340
7098
1170
3690
8176
9696
8040
2133
1069
8617
7730
4495
8560
1544
8845
4635
9541
4146
9184
7581
7169
6369
9795
8597
7601
8628
4645
2223
6515
3830
8267
6817
6145
3873
9558
7030
2617
2419
5240
7018
4866
7140
4956
1804
1038
4616
5007
753
6987
7017
209
1899
3177
9958
7216
25
8108
7133
6187
3812
8713
5330
6091
9796
9428
1103
2420
89
7502
8285
8070
7914
6871
337
6468
6949
4776
5547
2167
1645
8472
4322
8376
5217
2316
665
1986
4264
6439
8081
1573
8204
4024
4945
7988
7287
7964
1054
3443
8435
7730
5193
8917
1076
1932
4980
3012
6457
6637
4200
8063
9924
5543
2017
1850
6629
2258
6943
9204
1066
8518
4797
9980
5048
6915
2335
1192
3645
9907
198
5298
1907
3614
4056
7590
3223
293
4744
5518
7501
1184
6204
2415
1192
3953
9760
3928
6495
6087
5919
3925
899
5709
4197
2983
8219
824
1742
3177
6474
7293
5023
714
3340
966
8030
4911
7978
2531
1168
4574
9784
5879
3514
884
9159
227
6684
81
7109
5081
1088
4432
4326
8880
6648
3713
8415
3096
5167
9766
5959
8182
7062
9047
1709
4710
4149
2842
8929
7471
310
6353
4717
5791
5879
688
4732
8165
7748
2167
5281
7503
8913
4857
9362
934
3133
7456
4359
94
7292
3245
2546
6543
2839
5506
2993
8368
1179
7356
1533
8569
3620
3958
4087
9805
9272
6379
3467
828
1582
3975
7235
2445
7589
3668
3343
4016
2678
8940
2595
8997
120
7648
7550
8588
1311
5798
2539
6369
8685
5701
726
929
5530
8737
7744
1729
234
5417
6026
9756
3103
4046
2888
1272
8156
2364
869
1625
940
5193
5840
8230
2994
6356
7343
3341
7194
4601
5176
5196
6266
3909
8918
3406
9960
8224
1875
8482
1786
9609
4254
7459
4242
1980
7107
907
7635
4216
4579
2590
1191
9334
1098
398
7008
8600
3354
3481
9630
8904
2250
7264
9523
4883
9721
2023
9052
3978
6458
9795
5553
3937
2682
2575
4130
865
158
7337
6318
6127
1202
6995
9892
8555
2629
6367
286
5129
4849
2329
2146
3450
3289
9466
9153
7419
3906
7200
1562
2304
4717
9919
8238
9856
7747
6880
5203
1722
1167
342
2532
5434
9711
2468
9084
2303
4757
6905
1289
7923
3924
4180
2207
6005
7278
3519
3925
2856
87
649
585
809
9563
8786
5530
5967
5143
4046
400
6368
440
1139
293
2430
5487
3849
3132
5420
8453
1385
7957
8580
2627
4717
3936
8156
2425
8563
1732
7157
103
4629
4256
4425
2844
1027
1743
6209
5236
3238
6656
1335
1821
8583
5330
7504
8342
9314
2028
8403
8716
1752
4947
38
3003
2059
463
9029
9522
9372
6268
8329
6672
1630
5685
7420
7339
461
6798
641
8561
5887
9180
4947
5566
4616
5690
3882
1882
2133
3638
9381
2732
8558
5563
1328
3433
1526
4371
6882
9283
8145
4937
952
2560
4787
5364
2077
6646
5859
633
214
7850
3321
5892
5459
3711
4130
9734
7753
4894
547
9073
8588
6275
251
7959
9974
1591
2523
2576
3479
2486
6017
3696
2742
1561
9444
8243
634
160
1478
9873
8554
5667
7769
3234
3947
2797
8170
7962
4585
8202
8858
4020
648
1561
9404
9867
4749
3210
8119
9086
2275
6033
3246
2918
477
7563
1571
1229
469
4947
2254
8595
3832
527
1611
516
4722
3134
6170
5824
9001
1213
8529
7719
3852
2408
1106
1770
5698
3916
7629
9858
799
3798
4355
3701
7434
9434
1458
4701
1192
4630
7424
5684
5397
2940
705
7634
7181
7015
8185
4654
3784
6745
9928
1288
9393
9031
7687
6889
4520
9818
3269
5242
3298
9903
1242
7447
7097
3647
6587
5236
9799
3391
3374
2032
4579
9151
9801
5444
8584
2376
8759
8232
7005
4873
7546
6709
8959
4217
3343
4822
61
7548
2087
1268
5555
8023
7533
2370
3002
3671
7395
6403
6832
4165
6749
9239
3097
3578
7029
3269
6412
600
9417
1553
2971
9966
1927
9648
2723
2592
7954
7270
4968
6633
8219
8957
3108
1257
7389
3150
7801
4666
1489
3639
6957
6678
7204
8266
4350
4477
1847
4014
3999
285
4221
3082
5986
1820
5706
463
7719
7080
5510
24
329
1137
5246
9817
6084
953
9050
2567
800
8347
5667
5115
1533
9498
1986
7675
6712
2672
8008
3067
8922
4060
4402
5776
2912
9471
5554
285
8235
3547
4663
169
8093
7455
1231
2994
2800
4090
6598
7553
1592
3184
7410
7433
1888
7025
3385
9710
8305
6142
4001
9598
6657
7609
7498
4494
3697
9188
7214
3696
9064
9245
1685
6585
2328
3545
5251
8454
9291
787
641
7541
2206
1578
5297
960
7224
5510
3227
2368
7797
7761
5204
7286
6655
7158
4101
4583
6860
4950
3884
2550
2161
1618
8663
8764
9879
495
7529
1046
8876
938
643
887
4738
7075
5193
5019
8280
9408
4334
2738
4076
888
1456
3616
1391
8580
6017
7103
5377
1848
3557
1696
3032
1345
7769
756
5418
514
4732
2596
6702
7476
8420
5929
868
2684
6842
6294
4067
945
9328
5962
3589
4154
4466
1399
5216
778
3200
5642
3782
6
7035
8066
6669
4121
3290
8894
8828
7585
9221
2119
6314
293
6702
980
6325
7425
6595
5155
6030
6212
4250
4602
6274
2507
9229
6836
2600
4204
4542
4871
622
5024
9078
7106
2702
2007
5469
8609
7107
9675
3449
5920
9795
5284
2819
5190
8538
8944
6336
5183
2295
9778
3719
9380
894
7843
4621
1800
7068
8751
1964
930
3352
7141
7148
1021
7639
8311
6976
2264
4416
4002
92
9707
4626
8821
7000
6754
2901
1048
7398
4409
584
8338
7448
385
8084
4696
2213
6102
3661
6168
272
8213
1111
8896
260
8394
1376
6324
6431
993
6834
1210
1835
9807
8543
175
5821
8043
6976
7483
2750
4666
6020
4518
4759
8663
3157
6581
5222
6443
9039
465
6458
1623
1143
4326
1449
7121
5086
3543
6507
5747
2618
9052
4750
8060
8769
2568
8764
2406
1994
2474
979
65
1750
632
9417
8165
7878
1577
1227
6476
1143
5823
9557
1112
8048
209
1177
4214
1288
8491
125
4975
2761
3103
637
8965
194
5245
4252
5317
3168
3237
956
8399
8751
7247
228
7096
4055
3767
9413
1722
745
7979
3032
6509
7873
2231
6366
6530
5513
4660
4260
6756
4154
1229
2918
8367
7030
2194
8624
9239
9570
8395
6705
7627
7170
5462
957
945
5746
9997
7323
1574
1768
3666
5677
8264
8552
8410
9860
4474
6353
3345
6289
1128
7765
9570
5817
2859
5226
4258
3785
2264
4674
7288
3517
9099
4434
2058
6750
7398
3201
4669
4865
9695
2945
4019
2475
2754
6348
8192
719
5757
4940
1939
7291
4428
9862
6419
1081
8862
2681
7195
4755
4084
4688
1261
155
3646
9333
8085
5710
6191
4991
5837
9194
9942
5692
8277
58
3588
1352
6264
4347
9708
376
1590
143
6636
4845
4812
5896
1885
2943
8446
996
6706
6328
6775
836
5019
9128
4785
6826
3758
212
8982
9460
7647
3393
2688
2024
9244
2943
546
3565
4734
917
8647
864
2614
4375
6194
9094
1608
6114
7139
9584
7868
6576
3462
6661
2509
9610
4688
960
4205
7372
3978
4418
2894
9116
939
8533
2641
2276
3283
516
7322
7518
1102
518
1152
1772
4522
6582
8161
8836
9721
5226
644
9082
865
3368
2954
361
3998
2565
7144
5638
7816
1582
7982
8851
7307
2450
3004
3446
1586
755
4536
702
2670
1540
713
5941
4496
1465
9237
7984
9374
7799
8306
7988
7471
315
7776
6429
2683
3680
2641
1228
3153
3152
396
120
1634
1756
9017
5612
2782
9131
7243
6578
2467
5561
9263
5443
1376
9732
5614
2006
5619
8085
3836
6625
6020
5356
5991
2819
5703
4770
6338
6384
3080
5396
3297
1893
3615
3900
5444
7252
1424
6672
2687
2955
2628
8262
6099
7001
6231
6228
7426
6933
5744
416
2776
195
2852
5842
5300
4629
5040
6329
3122
2665
4646
9832
4585
2169
6266
1024
4534
8213
3808
8691
6729
3996
6251
5738
4933
5286
6425
4381
8988
7683
1117
9723
5961
1199
1625
8745
7867
3723
704
7696
5817
8448
3436
4301
5904
7420
7855
3899
946
7704
5660
5335
6394
7102
9807
117
2498
813
107
1672
834
740
9196
8126
4970
5757
3382
4765
4764
6930
7207
3979
4048
1304
7779
1540
2904
8459
8914
5732
4684
2025
3303
4954
6804
3654
9772
4398
7240
1262
3594
1091
1821
5038
8574
1457
6867
5133
2931
6224
9441
7888
8827
8633
3137
5954
7051
1637
7392
8212
9519
9326
2181
5903
4591
278
9491
1822
9334
3657
9948
2840
5408
6229
4342
3893
2491
2025
7741
127
1420
8669
9806
861
420
7222
7622
6831
3427
9198
6114
2729
8694
1842
691
2207
2700
3224
6682
8515
4007
1495
5146
2413
9853
5850
2245
6521
5129
9364
3360
1104
9269
5930
368
7021
4535
7024
8673
4560
5692
3405
3205
2283
6612
9706
4132
8689
9417
3212
5780
3159
1163
6837
1207
1043
1512
9933
6089
6776
8302
9918
2315
6912
6037
6100
7925
6120
9972
9338
7902
5986
789
5933
7211
818
740
9740
3869
5493
9700
5638
7780
1866
5862
8483
2054
8904
87
6294
2600
1663
5770
7049
6723
2318
2701
471
3184
7071
5668
6648
9509
9866
2681
9058
3656
3982
7216
2545
6935
4740
4428
7429
2503
2702
6433
7248
3428
6629
527
4149
4122
4802
1762
5651
4943
1662
9491
6120
2407
8621
7165
4609
6296
534
8974
5825
2670
9038
3317
8371
4949
5721
6573
7218
8048
9829
3034
9095
6531
7136
3026
9334
1720
3426
5776
8716
2035
6240
2197
4526
8211
8181
4881
6156
8746
5112
5997
2996
5106
4294
2064
2172
2144
7605
1800
2151
4081
9110
7147
924
282
7544
5796
4084
9501
1468
7832
6508
675
8732
8189
5185
9786
5558
6842
3311
5980
3746
2219
1204
5649
430
4905
25
3215
7933
2793
7285
4596
4352
6006
6384
9921
6053
5034
9778
3386
5386
7068
6990
5559
363
9003
9523
1420
9428
3547
2527
1322
1839
3527
8824
6165
8162
2870
5849
9191
5550
5047
9195
7098
3197
8029
1286
6083
674
7440
2698
4334
281
3908
2660
1188
4380
7488
6229
2885
3428
867
3525
2811
1173
8086
0
1824
5429
1559
5093
3236
469
6487
4480
9786
1665
878
9068
3390
16
3123
225
3581
4420
4238
2176
6084
8341
5604
4596
5544
4411
7406
4198
8437
7633
717
4034
2372
4652
3310
8038
8844
8628
3825
5182
1345
2492
6464
294
9203
1838
7513
5676
2688
7105
1823
3780
4466
1384
9011
2275
5240
6822
5107
9849
6269
1828
5536
1109
9640
1732
7618
4263
7329
3513
4833
2576
2974
1752
1136
5941
4843
1500
581
997
680
1046
2059
8995
6966
9546
4397
7200
4584
1972
6202
7272
1718
6418
4897
8283
6322
3590
2309
5255
4201
285
8673
7827
8308
1654
3093
5997
7224
5792
532
6164
6536
9097
7529
1116
9204
3080
9146
8409
5204
7254
2020
4716
5904
6352
933
8185
7812
2943
356
4717
6012
1213
9746
9265
6578
9513
5809
1365
7402
2224
248
9010
2152
9679
4659
4342
8383
9020
5656
214
5811
8639
332
3948
1424
2946
7393
5764
2357
5379
5022
988
4935
4602
4362
4599
6390
724
5101
1139
2524
7508
3558
7997
2194
827
4486
4851
8808
9754
1246
6117
4586
2606
7222
4010
4946
8387
6967
8278
3103
3602
232
7744
265
1923
187
8940
7130
6767
129
6552
8101
6624
574
6824
1837
3369
175
8713
7818
3617
2820
5163
4493
434
4377
9517
2403
6265
8151
1379
2520
3726
2947
9688
6410
8218
8522
7088
4947
5995
9394
2864
5287
8578
9602
3366
5592
6689
9825
3966
6312
4512
4533
3709
8507
3408
5309
9410
305
7970
3623
5315
4240
6066
2810
8961
8978
4380
148
87
4224
7727
6805
3406
8198
9589
6101
6464
983
2781
4571
630
669
8599
8647
815
3628
7494
94
4001
3459
7751
8694
7533
3868
9274
7194
3266
3931
2247
1107
1152
5091
7935
4462
8058
2290
7908
8894
2296
625
3674
4841
4291
9013
5643
7750
2145
9148
3914
2365
2588
4905
2638
5234
4653
8430
4302
9589
8868
3276
8194
2324
1151
7080
986
6909
8699
6162
5530
1938
149
5098
9550
4749
9360
9453
3845
8380
5436
893
2258
5162
8216
3968
5733
3131
1721
3806
9815
2616
5689
661
2768
3728
9047
7453
6103
9090
9553
8422
7737
3674
585
2057
728
3086
8609
4282
9478
4158
331
1170
3612
2208
1905
857
6086
9708
7453
5807
9196
7275
1123
9508
972
527
5338
2059
567
5024
1300
576
5456
1057
6202
5279
7013
6313
1822
919
2120
3965
3471
5500
7912
4080
5814
4716
3998
7215
6031
1637
6531
7009
9346
6585
7885
6672
1118
2231
6301
2518
2684
6425
8547
4349
6270
5479
5274
6286
520
2287
984
2661
3340
8059
9170
2813
6696
4105
752
2435
445
6587
3534
7103
8441
4587
3729
8902
745
2049
6558
2187
2351
3361
7592
7833
9506
800
7065
4186
6624
7066
6997
3560
1243
5418
8697
3882
2704
7098
5926
5020
2738
3551
4605
2467
656
9182
1306
3212
8789
9019
4359
267
9958
7180
9416
8784
781
6502
3538
5958
2459
9511
2820
1590
2544
8104
8154
8791
5742
2521
5885
8644
818
8592
4205
6649
2595
579
4475
5114
4844
2271
6603
9832
7840
8353
181
6741
1436
1888
4353
9643
3906
6483
7792
5151
161
3806
3856
3436
7848
5454
6945
8311
4850
4486
3854
2274
4197
646
9131
1419
2075
325
2009
6069
7975
667
7695
1854
9621
1867
4327
602
5070
4082
3922
1470
2790
5230
7415
1563
9019
8120
8087
1190
4987
3075
5722
6848
7174
4230
4082
4690
6663
3527
2182
6189
7640
4554
5967
8161
805
3713
8930
9269
2685
896
4745
5008
5451
8007
9105
5087
5628
5183
6562
7388
7676
4007
8903
8798
3863
9666
7543
9223
7793
2610
4772
8794
9488
1776
4117
6924
3485
4071
8617
2741
1267
7274
8591
7296
3484
1191
9459
7299
9369
1845
8748
4006
4101
8845
6695
9591
1738
2896
6464
7741
9432
4740
8739
8064
5230
8737
5915
475
5538
5285
1190
822
1350
3663
9003
1558
1662
1955
9656
3707
8889
7055
8062
5171
2897
2862
5629
1395
5425
7023
3331
948
6022
5273
6403
8285
4559
8498
9127
843
8918
8503
5083
3762
230
9074
879
2285
133
3341
8870
303
4740
5418
6727
4577
455
8330
4649
1328
5214
2533
7601
2970
8213
4436
4826
4031
7722
4148
8755
6471
8155
9846
835
10
6490
8651
8181
8392
2629
4068
9332
6852
5539
1052
6595
1917
1553
7604
3523
2225
5667
6475
357
6194
461
4244
1194
8546
3030
631
5752
671
7615
2374
8772
8113
8667
8112
8856
3544
7055
5808
8505
8671
3324
7838
135
9489
8612
1475
6183
452
1814
4393
6261
2011
5765
631
5689
6936
1321
3564
3001
7791
854
94
2628
2571
1939
4277
1546
5521
9354
4051
5197
6436
3095
8787
5907
1191
3432
1138
7234
6580
8285
2495
3983
8844
4875
7754
1126
3794
1968
5419
1508
8689
369
8870
3896
5209
710
9220
5166
5352
3817
2875
9381
6905
760
1549
293
4113
8224
8738
7016
3559
4326
3223
9252
1403
2470
5461
3457
4186
6180
7977
3868
122
8789
4099
596
5113
2113
6061
8412
6006
5814
5227
4652
243
4593
2210
9895
2162
4121
7911
2172
7154
4574
9926
7475
1654
2530
3825
3961
5838
1267
395
6167
3476
5010
3700
427
3976
2328
7739
4011
8701
1938
467
152
9337
7982
8457
4095
6266
8157
6519
7920
6901
1112
5151
3687
3501
6601
2631
1828
2128
2388
4205
2378
6881
753
6680
7874
7751
9809
448
3598
7063
4131
8133
5784
100
9711
3747
7211
1044
1599
8557
5100
7096
6931
1875
8454
7436
468
6759
8233
5251
9712
158
8539
4826
4889
3716
9046
8472
7366
739
5872
9172
9343
7108
3024
3791
5813
2848
8879
2656
2195
6894
8180
2412
3460
9487
395
8607
9631
6456
4756
4759
16
7395
5634
7692
2546
8428
2753
5288
8973
9470
4411
7718
9387
5286
4012
7455
2809
9465
2355
4357
9603
5608
7872
8283
2038
9724
2047
6228
5938
7396
5962
3230
8282
1687
1906
3528
832
852
8435
49
6916
443
1042
3153
5964
4189
7714
4396
3505
5109
8774
8525
6338
9394
9000
2628
202
2061
3347
126
7886
7595
88
6081
628
8211
7016
948
8254
5060
2171
8946
5887
4708
9191
8575
1822
5807
987
5051
7806
576
4652
1307
677
7485
9893
7281
3220
7902
3347
5418
4146
1413
8165
7717
3739
4800
6979
110
2994
7571
7568
5381
380
1348
1232
5452
2365
7883
9629
7942
7649
1497
3129
8642
521
1248
9108
1702
4784
2827
5737
2067
2892
4108
2947
247
9431
5906
141
6833
6124
7787
3946
2903
8027
7460
8838
1613
6542
7674
6013
3267
6464
1885
3089
3131
901
984
59
3138
5987
1595
3468
6360
1435
3627
6417
8083
1500
4872
9560
4210
8604
7248
1932
5359
5655
2471
660
8446
9600
3021
8795
306
6305
1224
726
2620
9739
4449
8708
3338
6255
1526
172
499
6992
8353
9540
4003
4010
8594
5172
9048
2237
9657
8441
8888
9134
374
6243
6523
2565
5527
9504
4169
268
3824
5003
8195
2469
5421
5638
9081
5341
3332
5047
5433
681
4384
3255
7262
4137
5855
9544
4209
8300
7981
4349
1288
992
9335
3200
8788
3056
2333
3702
5980
8169
7078
2641
462
8159
535
2055
6320
7830
4052
7546
7125
6065
3933
5903
4989
4070
9692
8652
8860
2856
4621
5216
715
167
8783
5687
4186
2868
7349
9233
8431
613
2615
8918
2462
7309
8885
1684
4516
3079
3096
8993
489
3041
7917
407
1906
8935
6790
3918
4589
3142
2341
3920
1054
3243
9746
4009
1162
9371
1457
4499
9998
8050
278
6463
8984
2806
5420
5928
9761
1567
3206
4581
2595
3786
1172
6147
8315
9009
3551
2034
4145
964
354
2421
2175
8633
1292
7028
5571
2716
7424
201
3883
6279
2363
5990
2038
182
9971
7562
4648
6646
254
6541
8746
3418
8367
9886
489
1640
7589
6473
136
8086
2432
908
9979
8503
2263
2532
3711
7075
3029
987
1854
3231
1682
3834
8961
4699
7592
9042
1049
9532
2422
903
6714
1972
8946
648
3131
1229
2335
8448
6644
9115
8603
6287
3398
7416
6806
1182
4694
5487
6796
8076
590
9809
9395
7249
1122
1361
4596
3946
6246
9407
8865
3003
4058
9475
1434
9699
4966
2487
874
4925
8934
5875
3042
654
6955
6481
5634
6727
7382
4998
891
293
8684
120
2819
2541
4808
2548
1127
250
391
6283
754
544
1690
8191
6753
5902
4267
3178
6695
3703
5087
1030
5162
5079
4663
4646
197
6956
7732
3106
5000
4863
779
1071
423
6758
5807
4951
6749
4998
11
6565
5961
3226
3236
5552
2340
6319
2063
9787
6820
5682
1890
8093
1540
2837
6930
6655
6953
5249
121
2246
5638
2363
7281
7653
5222
6940
3709
430
8254
4593
8051
7793
9582
1200
3634
3866
2888
8754
6964
6327
4812
9315
544
3692
5314
6835
9973
9070
7006
9882
5625
6015
7275
9160
2011
2473
9754
816
4781
5914
1498
8881
1445
4469
5447
7404
5802
964
2530
8405
721
8140
4398
2829
899
5579
2921
3674
824
6688
6831
7349
1695
3367
1556
3831
5113
4595
8871
2747
5250
4629
6346
9082
4480
9562
7936
251
4449
7039
6745
9370
2437
4282
7820
7027
4498
280
1812
7450
2441
3898
119
2342
7394
7422
7677
1141
8117
4291
1508
2480
172
1418
5180
1594
8200
2184
6486
8236
6854
4543
2308
6104
760
8306
8639
4718
9901
4595
6417
5144
162
3460
27
5626
6396
7598
8687
7737
4591
7564
5707
4920
9694
250
9239
3117
1973
2937
7209
2389
7509
4739
7041
3134
6669
3333
8861
5108
5604
4019
8117
2922
1490
42
6966
8088
4743
5081
7755
5208
9101
6951
583
420
7029
20
3462
6965
405
2966
594
5949
3561
3981
2668
6482
5946
2035
9493
2214
2328
3892
8198
8471
8830
1037
9574
2553
4926
8902
6722
6399
1397
4690
6925
5552
874
2611
1112
8011
7294
2905
3908
4488
5928
2195
8207
8056
3810
8863
9894
5765
9930
5142
3933
7198
2277
9138
5924
96
1744
6320
828
9501
1834
6703
9526
3627
319
4776
6030
4414
2657
9449
9093
8336
1277
9663
6089
935
160
8679
728
3612
1510
5679
6468
8625
7901
9171
438
9217
490
4096
3560
5044
3926
6623
2885
4485
1421
7603
1730
7170
9223
3005
7562
3932
824
5623
2194
7465
9799
8307
8513
5849
9733
9466
2396
2886
9231
5417
8590
6709
6389
6587
3336
8922
8382
9868
6305
2079
9970
9605
9102
2072
4727
722
9401
1172
8709
6404
200
3418
2530
7385
8411
299
2545
3533
5734
7462
7546
2314
7081
1822
2776
4111
183
5180
8415
5679
593
2540
4975
3563
3928
1185
7467
2143
3485
768
8856
4445
7688
8894
5878
2707
6792
8704
911
3497
3158
5783
8285
3522
6431
1627
9220
8125
7156
487
6252
8000
4930
9254
8944
6275
5454
4245
141
858
3451
7871
5209
6240
2790
9235
8873
4117
8812
2310
9877
7899
289
318
4939
2177
523
1513
1382
5624
6497
4670
5710
9679
187
5434
7193
9070
4157
3968
3050
6703
7624
3278
1121
1644
1541
7078
7506
5631
5675
7782
7235
8985
8722
4105
4280
9588
6641
2665
7044
7581
7574
7409
8542
131
8
8494
4218
2262
6989
244
18
4627
584
2838
4789
5496
5112
8066
2805
3663
4373
5564
6233
4746
8568
1058
3564
5272
3000
8604
4881
702
4628
5814
8745
8980
8696
817
2932
6505
9288
3225
5233
1360
5058
3582
2589
5539
3844
2714
1500
9020
7570
742
379
9579
7213
4643
5184
1486
3000
6395
3786
3852
7407
1878
2669
9600
5793
532
5042
611
2097
5449
8829
7888
3086
9408
8796
9634
6553
3903
9194
1797
4983
171
6311
310
3714
2241
3614
7602
6539
3071
9770
286
7089
4183
4278
3268
9194
3151
1246
1459
1274
5950
5394
8851
3274
9525
8765
4863
9953
7763
5645
2574
5844
3705
4146
2723
5344
8235
5110
6762
3486
7191
7547
6043
7978
539
3012
3185
159
9707
9162
6865
1984
2221
8505
4282
2318
8154
4738
4323
6738
7875
2153
1267
9574
8769
1784
4679
9674
8833
6730
8701
6002
2506
784
4890
8320
9975
3580
1020
3326
7534
5618
1477
4901
8279
9953
1092
3476
8789
2249
5423
8276
6532
9881
5480
7687
7703
8362
6563
5418
1322
6726
2115
4461
3542
9240
613
2918
3285
5288
5739
8163
8829
6131
6663
2020
6194
157
5165
1234
1201
4357
4868
9356
5602
5939
241
4046
7984
5598
4616
4213
5940
3700
8460
6087
8480
6586
8737
1871
1702
7476
1550
2814
1808
4533
3529
5142
2892
2760
1056
2795
1251
1561
2510
81
4266
7638
6415
8667
3787
3332
225
8724
5876
7578
6850
5592
9429
5214
9792
4949
1803
3146
7615
589
7761
9641
705
171
2147
9053
9123
4572
6503
2137
6867
3870
5070
2578
8124
9250
4682
9601
5043
9761
4952
1349
1696
9730
526
6294
159
6533
5759
5470
4766
4127
5116
407
782
3475
8118
2823
1654
1914
2176
5099
74
7366
1889
8292
126
2915
5349
8964
6389
4829
5157
9376
9595
3953
2095
8939
7771
925
7586
4453
2171
6788
7037
7623
4656
6962
1412
1950
6021
5035
3335
4305
9609
3057
5982
1755
6063
2196
2360
1098
6127
3211
6608
581
484
1152
1772
1116
5107
8786
9382
4274
453
4246
5369
8313
77
6998
4337
1047
885
3736
4998
8550
1215
6741
7933
8227
820
4102
5438
9258
3422
5911
7638
9795
1081
1794
1979
5845
1965
819
5969
7627
6516
2521
6392
6590
7013
7896
7277
6212
76
2747
2060
8090
98
1441
9240
4853
5386
330
7140
3712
7353
2844
662
2054
3427
3010
6612
3188
3215
406
4817
3623
2517
926
1757
8097
3593
5359
339
3934
4289
789
3343
8099
5928
8988
9648
3815
7306
8810
1235
3243
268
8989
672
632
887
7407
8138
4249
7056
7575
3923
8000
8943
5543
7481
6953
4307
6800
844
3926
1578
2206
3827
7426
1214
6184
9107
5785
8656
8832
3146
9497
4455
5627
688
6374
7545
632
1803
8237
3427
5423
4260
6168
4944
4958
1571
1941
7165
1458
5811
5308
8232
1849
3916
8099
5850
6600
2711
9720
5967
3537
2839
1704
8179
1760
991
1946
6161
562
7415
5634
3897
5407
8804
6951
2604
2128
5088
7768
590
2776
7741
2039
6669
8843
4488
6703
7168
9162
6485
4732
1619
2215
2026
2475
2540
2523
583
8266
3923
536
2330
2896
9863
7161
5541
4232
6773
4714
6650
9489
2002
5084
1722
7995
4152
5792
5132
9541
3460
1382
5001
6455
527
257
8001
6269
269
1796
1037
2243
726
9125
194
6499
5304
7742
5174
4222
4698
8893
5588
1605
8541
1550
6373
7650
5650
9135
7638
7355
5725
7355
2293
8990
886
2126
3199
1383
8123
1753
6359
1291
1714
1803
2009
7030
50
1350
4753
7990
1024
4192
2457
3992
5060
5479
9212
4952
7024
2547
4762
413
4936
5073
7468
6925
2539
2242
834
930
6587
1018
5321
5398
3644
479
7505
7303
8393
9308
9647
275
4911
599
94
7027
1191
4269
7539
5719
6188
1256
7366
608
7858
3458
7951
4776
4968
3433
3414
3832
3527
6903
8749
9159
3873
2945
3364
9281
4748
9782
6007
3238
9065
719
9906
7567
9713
6229
184
6574
4346
2928
9992
6835
1597
6711
3989
5891
9801
3899
1239
3149
8523
7295
1227
6894
9373
1205
2775
7796
4747
1782
9630
5205
6013
2527
5872
7685
8162
138
9011
7110
1997
7408
5264
140
4408
2177
5332
3835
1947
403
5382
3471
1962
4514
2563
215
575
7894
2951
1632
791
1559
6112
654
6290
6487
6250
8870
4660
9149
1894
7729
1326
7926
8974
520
4707
1935
4178
1684
7888
3115
8777
3892
9192
4073
2026
3304
6769
8961
8005
6615
1305
6130
1275
5876
6606
1963
3599
3503
9514
8520
7193
2964
3927
3051
4940
654
2698
1943
925
4039
2587
1714
3922
4400
3246
2973
9088
8824
6578
7494
5576
9834
4823
9321
9773
2579
1781
7023
7103
24
3202
9305
9555
7599
2659
6422
6904
6689
1745
3500
1109
5243
4286
9764
5597
2739
2123
8199
2671
3564
5151
3391
1760
9135
4098
3335
1042
3864
2231
4034
1296
9376
1844
760
7961
8600
9082
4429
6999
7603
2218
9901
560
4509
2893
8587
5364
758
7117
4260
3787
9832
1532
460
5594
5181
7156
486
9120
8847
5378
5087
4704
6622
291
1200
3371
605
2821
6244
6144
95
4285
8779
2361
1194
5333
8507
4808
8801
9875
7426
5450
5741
4510
3202
428
3634
1090
7383
8148
9372
8375
8451
151
3887
1941
9194
9076
3745
5744
4920
2076
4522
2795
659
6422
9410
5219
7827
7857
3934
4773
6717
5363
1244
9454
3223
9621
1421
9584
3758
4223
9522
8852
3406
2370
6630
9403
5703
1934
6228
169
4224
6019
9086
1182
7926
8704
2248
8387
349
7540
266
8068
8413
5323
529
8838
6128
6653
3763
7542
1535
7528
7102
421
3444
6696
61
6307
8098
2514
8050
153
5544
2909
4093
1121
6620
4020
2987
881
6819
433
857
3038
9689
9066
1934
8219
326
7506
6167
6429
6056
6550
7030
5727
4307
8790
2262
5346
518
9139
2300
7459
5494
9425
7174
3931
8899
8311
5227
4948
6154
5010
2028
1013
2880
8657
1777
3292
7448
7299
9351
4652
4917
6549
2764
4419
2867
3175
9475
1839
7858
6729
1298
7288
4747
1132
8692
8875
9785
1757
9305
7387
89
573
5081
7515
2649
5839
9315
8730
3928
4678
5051
9362
4398
4735
8871
2895
6451
1894
3075
185
1938
9884
1832
9139
8535
4476
6809
1287
7243
6723
3509
9828
8389
3392
8009
78
6207
1704
3093
249
9803
4812
1305
6502
5759
5238
7803
9578
9993
4042
3244
8647
2137
4141
5155
6208
6162
4724
7348
4016
9210
9149
6930
2951
7655
7945
158
3509
4740
970
923
5943
4522
4649
3172
858
9503
8953
8424
2179
5706
4072
809
9896
2902
8495
8246
9812
981
513
5747
8430
5242
7703
3463
9089
1118
9334
3537
2337
7211
6598
4931
4821
4035
6198
2357
9333
2636
1555
3627
8394
9249
621
2125
2062
5358
878
8397
3680
7166
3117
4736
8708
6019
9343
4871
1754
3948
1670
8375
6989
5326
4692
6027
9203
6771
1036
62
2421
6198
5909
5516
3610
1956
4159
8553
4618
9017
3476
8925
2703
6470
1848
775
6175
2201
8575
9835
8876
4374
2574
6471
8728
1407
4040
2408
5235
931
3420
9878
5453
9081
1511
8589
8793
1867
2559
7306
2456
102
2517
2509
4384
4879
1000
4789
893
2254
4489
837
9277
3322
1590
3955
2838
5039
2627
4839
6691
7373
7806
2284
4351
5208
777
2683
575
4484
5667
5349
1617
8260
1472
1444
3818
862
3866
5095
1649
8434
3306
8141
5128
9259
1104
1121
5395
2903
6956
9952
5783
2647
1159
7780
7482
9771
642
559
7856
5911
3359
7199
6448
1261
2284
5219
8663
2908
9999
7285
1687
7022
6362
294
2107
2218
2186
7671
7858
5166
854
4576
7658
3365
9937
9448
2081
495
6718
2416
5290
8656
4065
6722
4512
6701
1513
7060
7616
8476
1888
8443
548
8948
8541
1010
2811
7300
404
9381
8721
4743
4502
3528
3467
8318
5828
9717
698
584
4198
3886
2698
9924
231
7726
1377
56
3201
3170
7927
4579
6898
9919
5102
2239
1624
735
8893
682
9575
8810
2753
4905
2348
3465
5841
7064
6005
302
2863
3329
1143
4637
5465
2058
7930
3786
1283
7263
3354
2220
3687
6706
7706
1905
2548
423
5192
3715
7443
738
5242
9671
2514
6262
3791
8413
8
8775
6691
8423
4650
230
6866
1280
4195
7133
611
1810
7647
9359
3029
8860
8725
1565
3803
2552
3095
5205
5476
4808
4562
8328
5860
5691
8193
509
6755
9920
4413
7043
7139
2163
5020
4101
8587
9756
4872
1196
6642
8161
571
9424
6770
3885
9528
1110
9676
3959
3766
4449
8425
7181
9149
6794
7071
4620
8358
3223
1528
4762
6851
6569
9804
5377
9946
330
7882
1205
693
822
3129
8633
4955
2161
9195
1912
3867
2936
9539
6740
9178
3609
3646
8751
6449
8384
1284
370
7807
1462
5389
6697
8596
2437
858
8016
3363
9989
562
8894
5647
9398
3082
6538
2392
3648
2279
9512
5984
6425
3377
1644
5031
1571
129
7194
76
8526
8078
1499
2820
2905
7894
180
8928
5936
6123
793
8420
8715
1351
9675
9532
5078
4721
5297
3521
9676
8924
2869
4887
3858
2533
5272
9710
6391
9425
8466
2845
1366
7318
4728
3631
4358
6764
9549
186
8706
8429
7419
4882
630
6206
2773
5672
4129
5926
4474
667
977
1290
8958
1387
3958
6344
9549
7821
306
5410
2401
3182
8571
1698
1586
3829
6531
2071
9153
3185
6608
6126
5146
9010
3991
2523
6358
3083
1702
9094
851
6619
6006
2822
1082
777
2743
7793
8057
9675
8165
6107
5717
552
4198
9335
3121
5992
8221
5064
2195
7793
1994
6914
3797
7836
8991
5005
5959
4524
3665
5461
8244
7540
6649
6341
450
9898
7920
2993
5605
6254
2919
133
6319
2368
314
6173
4348
6894
333
4134
9544
2549
5802
9814
5712
6891
56
5696
913
6442
1213
3584
4730
9095
7768
9373
8249
386
7490
6568
2106
3969
5587
2040
7081
5610
726
2013
2746
120
9394
5542
483
750
8165
84
5186
8773
7187
8135
9796
7514
9086
6532
3251
6246
8019
8398
6035
6010
1866
7855
7838
342
6053
7373
4523
7853
1740
4260
7462
4619
8558
2532
8575
3696
5195
5901
4885
808
1412
1773
4288
4307
5777
8844
8290
1986
5207
1405
547
3334
3377
3332
7153
4696
4814
6875
3581
8400
9967
3380
8336
7754
5469
9238
7096
9332
9989
4717
2035
4300
9509
3808
4181
3641
3755
3390
8056
5118
6773
5133
9069
9959
7071
1033
8134
2954
5736
8856
2908
6124
1474
3966
5377
2748
6811
3688
3603
3623
5604
3176
2118
703
4660
2859
2715
4512
3227
326
5592
5432
6136
7318
5622
3418
9595
9273
8490
1328
2196
5718
7540
8499
7117
3169
216
4800
9637
941
1125
5774
1193
8284
5414
5664
5764
92
5724
7385
260
8285
925
9233
2865
9545
5075
3052
7399
8087
6198
9183
9725
768
2555
8340
3611
7107
7313
234
7713
6767
7858
3087
2547
9940
7642
7770
8657
6869
7888
1124
5607
4791
5100
864
5451
7276
7236
6237
7118
3554
3654
75
5075
8258
8229
2436
4135
6548
9380
3692
8324
9285
2242
2816
7799
5221
6913
3596
5745
2928
6249
5440
8947
6723
3104
9627
1072
9921
218
5404
5402
6990
9019
2457
3460
8456
5223
9514
8207
9384
1129
1025
8712
8272
3016
45
1580
5973
6154
1166
7276
5038
8914
8664
8005
945
250
6011
926
6024
5409
2728
6740
9783
480
2162
9200
5181
6656
4931
5017
6250
2888
9669
5576
2928
6082
4347
6594
9156
3958
542
9584
4822
997
7086
5556
6227
8439
4374
6725
5841
8916
3017
3103
6189
1508
8500
2387
5285
4702
6281
6157
5303
3308
149
3683
8821
451
5704
2832
1918
3463
9899
6
460
4606
4507
8710
875
8243
1383
8192
8293
6876
1091
1495
6320
2098
3939
3953
8906
8952
5824
9689
8083
6832
4536
8536
3973
1012
259
359
8933
6655
7953
9130
1775
2020
1858
8462
505
7760
832
8211
9091
3766
7939
2224
412
8616
5080
5564
8334
5852
1688
7233
3007
9865
5025
1829
1472
1771
9024
5890
9186
2882
2774
2252
3711
2801
6775
7463
143
7349
3986
2013
7887
8885
8053
2563
9089
2171
9175
3637
9190
1240
1494
645
8
5424
6700
7466
4299
5737
8171
3614
8866
5688
1520
4096
7003
8802
2849
3184
1841
991
1069
861
6979
7042
4400
3468
440
5468
2775
6044
917
7252
3099
4470
4175
6715
1454
3970
4749
9416
6912
3237
6975
4365
84
2603
9845
2594
7199
133
3503
4385
787
1842
5641
200
9348
512
7757
3346
5860
9606
6125
6798
9273
828
3920
3376
6341
7744
6244
7344
1411
6165
9155
4205
8617
9377
1775
6749
4275
3709
6279
8148
223
2674
2033
8535
972
8970
9342
3968
9922
1366
3579
4813
696
9362
5884
8313
5648
6836
2105
3749
8444
6896
5102
9240
7982
2540
6571
3006
8318
2709
2425
1703
7017
7203
3327
687
9954
3856
4176
8085
1767
1260
2939
7828
7195
705
6184
1752
2602
9883
1630
2697
9449
4555
5695
8748
2400
6307
265
1103
717
9767
232
4021
9151
3329
9081
6067
8096
5415
5215
3823
652
5201
1060
1944
2462
7744
2608
8876
6287
3907
5972
7077
398
42
7490
4089
6026
6673
1388
4701
392
1355
7137
3320
4502
9648
7503
4599
9098
9799
2023
1509
137
7342
3768
5613
9940
9853
7323
4802
3944
703
9813
4994
6558
7738
2758
5742
2864
6064
1638
6706
8398
6458
959
3178
4271
9702
9947
2741
5567
3949
1945
5651
2131
9246
9985
1716
6254
1117
3727
2133
5435
1141
6563
5978
8343
1497
6639
2596
4758
5941
6367
4254
7387
1641
3404
6631
7818
6754
1845
5643
2924
3534
7850
1166
7206
9977
994
8005
4113
8150
8889
5427
7244
9615
5139
9506
5042
4006
545
2027
9649
3946
7730
2024
9960
7164
9565
2390
1408
3916
4085
7224
2178
1853
8307
674
6105
2876
7696
4302
7375
9315
7053
8519
6470
2916
2026
137
6955
3808
7236
2328
5693
497
7233
7599
7914
4411
5490
1691
9390
8439
876
1924
1402
3026
2980
8719
1798
1059
6824
9641
8600
6944
6637
7340
9128
5681
1851
4668
719
8080
1176
3631
3468
3995
7830
5142
6398
1972
8010
68
1023
2685
4644
9502
3704
474
9462
1353
5971
2952
5836
3279
5459
6452
2071
8704
4883
2164
6961
817
2129
1312
3644
729
1104
4594
281
5220
5371
6065
3480
8775
8525
9663
7302
806
3760
6201
5866
5268
2803
6834
5976
674
3704
3476
6854
339
5399
4059
2410
4814
9103
7620
9610
5560
287
3130
5592
705
1347
670
5798
3241
4618
6972
4293
300
2759
576
8020
1661
2007
9287
5290
7603
1228
1044
8928
7010
9577
2941
1689
5518
6635
4120
5340
1990
452
5254
5877
4700
3987
5469
6012
6925
9315
194
719
7611
3998
3444
3862
958
771
9120
4348
7632
4399
859
7834
9516
8591
8606
137
7210
2560
923
8852
9122
1320
916
9420
2083
7822
5226
6594
8306
5306
3982
5694
9491
2924
4544
6578
2212
7504
5284
1350
5487
3337
4799
3353
7582
4450
7851
7203
3718
2916
9657
6070
62
1860
20
918
8281
136
4395
4275
7972
8713
2293
8278
3071
4022
6996
8120
1857
8934
2496
6495
1032
7361
8620
183
1976
5417
4990
2395
7520
8658
3789
8670
4757
6411
2872
8174
2592
2026
8362
7681
4143
4567
6978
5807
1115
3498
4716
2805
4249
3863
6977
9650
6138
915
9747
7753
7679
6968
3253
1589
9779
1875
8423
2130
7650
3973
5183
9426
9878
9773
9193
5119
4165
9705
1711
379
6090
4357
5354
1502
8034
947
8544
4694
6318
3472
7281
3324
8772
2776
3103
6881
2496
5173
7737
7365
5103
2785
1700
6020
9234
4785
8457
3367
8199
8317
8728
7957
6380
3332
1076
7750
1899
280
2458
5463
7912
269
8624
4062
5987
4443
6246
2059
9891
8891
5842
6514
189
1024
7101
1550
10
2156
6719
1458
2310
7426
4369
3679
9038
1583
9434
7690
3911
4611
4341
3599
3261
707
4323
6145
7408
5088
2008
1749
6262
6622
9870
4402
8115
9327
8495
534
5332
2479
3928
6372
3449
8025
2164
9499
6616
1024
6753
1535
7201
789
7104
6646
4218
6067
5297
4613
8605
4851
1069
7553
1191
9548
9919
6567
3633
3379
2012
7338
9490
7867
5178
1916
9145
4350
206
5585
9388
4759
7251
318
9199
1986
5583
7215
8516
5665
6664
5082
5280
1089
743
6129
2820
6227
5291
1426
2514
7821
1862
6481
1396
5833
4876
3192
189
3122
7617
4816
5934
6919
8041
6418
7605
5205
9333
7817
546
2020
4346
2353
2699
6110
5799
4646
4247
1157
8327
7692
2573
2342
3480
3008
799
3149
9833
6439
1963
5258
4097
3343
2972
3409
6245
3526
9646
2883
3182
2519
4393
1262
7734
447
8981
7470
2938
4452
382
9145
7418
7122
9644
1359
163
5147
8909
6311
291
4720
5874
996
2963
1905
6722
6297
3328
668
4228
9772
5508
7423
973
261
6992
4989
3096
5978
5229
5237
4701
409
1118
1377
133
5289
8976
4153
3828
1963
9151
8579
6081
3165
7207
9884
6996
1060
22
6279
8062
6153
9985
946
5046
2288
2473
6561
2593
4858
4732
5835
702
2984
6087
2460
2758
1614
1970
9030
2996
6483
7229
3763
5138
2291
5761
1528
9746
6490
2649
2588
1186
8364
6023
3422
365
8052
4886
9295
3075
9768
4160
7116
3803
6372
8167
1984
5919
2049
3029
404
8467
5434
6238
7314
9537
4631
2981
4860
9051
3241
4415
8169
5540
984
905
5100
6818
9187
3292
6824
4530
404
3835
5091
6109
2310
3716
6051
1977
6915
810
2674
2944
9165
7265
41
6382
3214
2707
5289
322
7094
1303
8752
7127
9487
886
1774
3228
4812
3391
7522
7668
6742
2806
2331
626
5093
3143
4834
6856
3369
5147
2406
8947
1137
1977
9257
4620
4254
2271
5218
8183
5192
3664
4282
5357
1156
6864
2805
859
3160
5679
2951
8004
7463
5997
5609
5479
1653
796
4700
1721
2088
1136
2011
9722
7411
8581
231
8470
7826
1408
291
2205
5368
3929
6153
8275
4568
1693
5923
3543
149
7205
9376
4935
9405
837
5256
4738
1193
6793
1608
6140
3482
2922
1435
5597
4666
9941
3873
4107
932
1097
3458
5390
6637
9728
9506
8767
3267
6321
4701
1213
6818
3168
6030
7198
983
8408
9826
4204
9288
5116
3415
5579
5900
7331
7573
6110
2682
3307
868
1796
5691
8729
6290
9921
968
1600
1000
8146
972
5160
6912
9027
6446
2893
1700
4839
520
9365
2956
4802
2457
705
8692
42
4531
6892
6947
1815
9590
496
6498
6623
4984
1749
5535
3460
7849
6645
5612
264
9621
6742
2015
6535
7660
7162
674
3095
160
1254
6002
420
7760
8051
1940
5288
727
2100
183
7469
8133
7833
6788
2358
6901
8896
9070
6886
2327
7785
7157
5246
9493
2767
9620
1636
18
630
670
2435
8336
1598
816
4298
8500
7638
6800
1390
4194
7221
6660
692
9421
9718
1438
221
6884
5861
472
3249
8127
6215
5116
1565
1242
1885
3464
4983
3130
8867
5149
8031
4445
3851
6177
2731
3303
4037
1078
7058
9697
9905
6149
3992
5517
8565
1356
2248
7521
3313
1650
5794
2734
2577
6272
8680
2770
213
8165
2707
9457
549
4693
6084
7867
6919
8531
6477
9869
7051
7022
1757
1655
6344
741
1827
8139
6005
1931
3841
1687
7295
2455
4577
4617
5963
5715
2128
1651
9979
3819
6742
8154
5049
7814
9559
7001
5980
6902
565
1835
6349
6318
8876
3871
2677
2217
7147
9070
9999
8618
4140
230
1006
9188
3339
1089
5825
8497
3044
3237
9175
2203
8259
7138
5696
707
2402
8878
5688
661
4308
3712
5500
2259
9287
7925
8351
5957
8446
4365
5613
2396
7630
7661
2096
2789
4842
5795
1681
8132
4247
8212
39
3517
6665
5563
3045
109
4182
2576
5460
7510
1839
75
1769
5634
3196
1784
9278
2120
2817
38
1819
3302
9928
3027
7327
2491
3055
2789
4175
8589
2479
7636
1545
3859
1833
5073
9896
5640
3973
2994
5016
5434
7230
7131
1586
3091
775
8919
9651
5845
7023
1213
304
3257
6820
8955
2445
9702
6405
5691
9853
8813
3181
9301
6946
640
9689
720
7967
7980
108
9473
4785
1201
8579
9231
7908
759
3621
4075
6590
6685
7886
7485
2951
3494
5482
4126
2666
9365
1746
5257
3091
3343
1604
4351
9465
4525
7277
5622
2533
6370
1446
660
9927
2154
3839
9634
5346
7025
9289
602
5555
9218
7211
1903
917
4456
1372
2763
4587
6131
588
680
9725
8483
7921
4866
6388
9405
1418
5635
3835
8704
2830
9447
7948
3064
2557
5214
4818
4199
8926
8187
1484
4229
4185
4624
3480
9621
9512
1245
8028
9372
8251
2164
2657
5892
9263
3093
1548
4535
4534
5411
4749
190
5737
9860
3655
3605
7827
4213
1279
6142
5357
5356
3091
5817
139
6780
4174
2992
912
617
4892
6962
2051
3832
3480
9182
796
8025
9498
1659
7288
1684
9662
7589
6543
5068
5453
6873
6967
5499
4986
8360
8542
9683
9097
7854
2933
524
348
3875
1286
2324
8977
3948
9556
6802
5970
2354
1503
3688
1633
6077
3915
1891
786
9785
9760
2138
3701
2722
3441
2664
8418
3477
2379
9620
2448
2593
3040
3628
8404
4922
5465
9816
6355
9033
3980
2741
2658
8267
2563
7196
576
4853
7463
7034
6791
1458
1056
9231
4801
9012
459
7044
8137
2489
7309
3380
3074
804
2656
2105
4756
5579
3666
1795
448
7752
5291
9706
695
2745
4226
7519
6703
962
1811
656
8760
7111
2488
4988
7100
1744
9490
3836
4603
4702
2062
5278
8670
6853
2308
8237
7457
4243
742
8537
6564
7801
4099
9043
5810
1569
5756
7861
2041
9350
5359
8183
6333
4495
4669
7361
3717
4673
1516
9326
4260
9001
1182
3540
1609
60
3890
9165
3082
8774
1862
3851
9917
9017
7963
6592
5776
8539
1342
4320
5365
5208
3157
2123
752
1295
4325
7646
9563
4466
1165
462
6414
6173
8801
8149
945
3264
1389
8291
1853
3340
9623
981
2746
2297
7716
5624
1861
5758
7067
5178
8596
3505
377
5091
2984
167
1042
2970
7780
3681
7457
3482
5464
6623
2203
392
353
3735
6570
2478
5898
6754
5850
9339
4942
1874
5229
8060
6175
3435
7991
8142
4033
9920
9311
2587
9237
8139
8353
1802
5593
1576
8485
3425
5904
9704
2935
3127
9038
5115
6634
748
2449
7914
8392
8237
3494
8648
1466
8040
7670
6733
6716
648
1559
3601
2166
3094
8295
8725
1199
4849
5857
7371
1338
6129
7512
1634
6613
2438
8606
9922
6017
6410
2912
1176
484
1397
6482
2076
2355
1171
3856
9369
5201
4318
9055
471
8825
8194
8242
5371
7883
9287
8265
7894
4618
7852
3654
9535
2884
5121
902
9703
8257
7452
8275
2802
3935
8607
9153
1650
4525
3932
6167
7729
5432
3653
3634
2674
1887
5491
2594
4464
3823
6087
5525
8113
3266
3822
1277
373
3338
5056
6929
3348
5174
3348
8892
893
3023
7787
4141
8328
182
7961
9260
3304
9676
4035
247
4256
8543
6870
5614
1119
9450
4506
2917
4934
2277
2492
8745
3796
4725
5955
5066
7703
8712
8842
9251
9423
3956
1132
2534
1800
0
5288
7368
1020
4645
7703
1118
4162
5810
7208
9436
2472
4073
9605
4383
6988
5876
2219
5552
9292
9406
2051
1926
6062
1170
1027
5919
5127
9778
584
5165
3843
7932
2304
1476
3820
5906
4918
5320
9541
1442
2307
7595
1271
3637
5775
9298
3775
7579
6201
3249
2453
7697
6713
431
5738
459
399
4845
9297
4637
7464
9989
9353
5644
1839
4236
1806
9018
8877
1360
3978
7305
472
9705
3304
4657
6940
215
6654
3708
6261
4357
9164
5059
6250
7313
2383
6539
2913
3636
5447
2271
9106
6914
6846
1726
2946
2101
1652
9342
3627
1775
7313
4865
4024
2189
1726
6895
9470
1776
5703
9848
7881
9495
5636
5202
1733
1308
1111
7866
1987
656
2537
5190
8613
8454
42
9745
8803
7557
4712
2417
9978
2599
1775
9897
2827
2808
8738
2287
3867
6809
285
1256
5467
4917
6683
4921
6468
6374
8339
3331
5752
6140
7399
2270
6457
1108
1646
7025
6337
4810
5015
7078
3355
690
2926
9990
6199
6972
6736
3800
8914
8934
3945
6883
9549
3500
8385
4304
3355
401
1078
6083
9692
7528
1513
5355
826
6100
8477
2346
4085
353
903
2578
8080
3893
8320
7371
3160
7502
123
4212
3249
2132
9780
831
9012
2455
253
6631
8466
3900
6814
4068
3467
8108
3920
1636
5664
4288
8122
5314
6742
3509
2660
53
5647
6596
308
2484
2951
118
6819
2763
3068
7794
3627
948
9825
8594
4153
8161
8995
9278
7081
5258
3558
6433
1260
8349
6418
387
3307
6765
9231
6290
4132
1346
1215
6570
3288
2180
7598
5849
4919
1714
7444
557
8207
5241
9553
2091
4170
6493
2059
8282
8157
1395
3836
2003
9020
936
2476
4342
7426
9446
8883
3827
4379
7237
1626
7568
4626
1614
967
6287
2741
5646
8199
6963
1929
4609
1236
8278
6539
5549
2681
142
617
3282
2247
3919
7565
4725
1339
9088
873
6150
2793
8973
9842
835
7778
9360
7941
7423
8295
9701
9720
9761
3353
7114
4131
1988
4646
4046
920
9686
1407
7669
974
3049
2100
5490
4074
7052
3581
2165
5543
3428
236
3982
1779
9688
5471
8660
685
8545
6378
1979
5250
2127
7592
1043
4259
6360
7847
2156
1083
2578
9425
886
8677
300
8658
9177
654
8198
8623
1809
9562
1721
7701
3973
5753
4975
4943
1910
319
8980
8121
9385
303
288
5748
8378
341
4862
8741
3184
9420
8864
6191
6120
9707
4139
443
1536
6410
4944
9180
1288
9132
2304
6163
670
7530
263
3049
9313
8826
5074
3853
5587
2246
9062
6838
9886
2512
3611
983
8454
9577
7881
8572
415
4573
5474
6766
3432
189
6810
7384
4028
4585
7011
58
8142
8344
2294
4637
8725
1716
8366
5486
4697
8987
3837
5563
9980
1020
5702
759
4071
236
7439
807
9695
5645
6606
8632
292
343
6938
7530
8098
2370
7686
1254
9742
9852
4970
4114
9100
7068
754
6970
7287
6954
1887
9513
2691
3757
2165
8460
8111
6998
6217
3767
5615
1229
3153
238
6847
1646
9901
8953
4899
5528
4322
4718
1891
7627
1526
7660
5338
3691
4241
422
3016
8646
1699
5231
3778
8900
7022
9618
6271
319
5461
9063
9654
5641
9478
3115
9965
1653
4088
8963
9574
7666
7413
4773
9512
6239
5111
4662
2491
4188
8626
6462
1731
9015
4609
2065
9505
3196
2467
9504
8391
8828
1599
5171
2327
8568
7892
5020
3650
8246
3308
5609
8860
7302
6527
3895
5564
1929
8911
6563
119
8216
2179
6884
9916
5043
8881
400
4079
6986
1535
7419
3160
5514
4678
1674
4095
956
7940
3250
8436
3623
7381
7039
1592
6453
9306
3724
9258
1680
8726
8511
2478
9229
5744
1986
3646
8805
2483
6063
5102
9787
9372
6216
4023
8097
4271
267
4659
9150
3262
9921
8733
1891
2670
4091
1301
4514
8622
110
1990
2630
6009
782
7672
684
5333
3527
9104
1109
1007
8296
2560
5843
4017
2882
3245
5896
3647
6696
3891
646
7958
4593
3944
4320
7008
4449
1660
1515
9635
6076
3060
2259
3938
1917
253
8759
7327
7571
758
1984
7064
8655
5988
3685
5050
3964
2508
4014
3760
3287
6821
6288
507
9295
7862
4458
2159
2767
6249
5854
6801
1038
8603
9511
8960
4080
8950
4935
8157
603
3324
9637
5864
2887
5238
7913
9834
6271
4870
8671
9863
8703
4514
4551
1737
5820
390
6701
3653
2076
8588
4184
9654
7755
5630
7367
3169
9685
9070
7314
6149
3742
3262
4891
1769
1024
3459
2279
6297
9070
7629
5738
4345
8328
4485
3197
1160
8298
6658
1258
1041
493
3947
4656
3660
8222
4640
5178
5788
6680
2402
7106
3509
8021
2728
3807
3095
9891
5948
5652
9999
9301
7339
9787
9808
5033
4211
1257
3007
3654
2053
2173
1114
4576
5988
9822
7252
8589
4188
4437
4118
2435
7218
3841
3014
9462
6432
6413
440
8616
4974
6261
8572
3131
8723
2045
4131
41
402
1641
4533
4039
5343
4541
7019
3604
6877
2128
4132
3607
8833
1790
6390
2308
9027
1719
4173
6492
2688
510
8751
8458
7819
7553
6358
9032
520
5735
2203
2215
6544
9861
1572
4343
4897
5620
6977
5022
6491
972
7003
6258
750
1763
1648
4051
2540
4053
6077
2313
8535
6370
9737
369
7690
6810
3447
7691
682
1385
3893
7693
7634
1071
8486
6318
1207
3879
7767
7578
1569
3623
5872
661
6362
8581
1105
6056
3323
905
7914
9655
33
5434
6731
2054
4133
4991
7344
6550
3058
2244
2484
3314
5474
9585
7426
4296
6961
2890
7560
5899
6285
9017
4381
4303
9106
5735
8098
1186
1042
8111
932
2981
3214
382
4325
4221
5396
8514
2287
1369
495
9478
2832
5915
872
7241
7775
6424
6923
4692
2445
802
8575
4874
6106
8065
6911
6147
890
2619
9691
1638
3259
8505
6771
6215
9455
7180
5387
6574
2107
1710
2833
2577
1415
2171
2717
1677
5712
8511
1713
5817
9797
8776
4460
1114
5521
9750
5148
6287
5102
1810
9772
1876
2275
9315
1813
4975
9142
6313
8123
4243
462
2895
9473
365
7722
6298
6506
2580
7422
7534
3667
8944
1541
6855
9415
8830
848
6320
4114
7936
1879
5607
3399
4549
6196
3167
9769
993
5265
4159
9566
7770
6799
6793
9209
9405
9882
5915
2548
8402
3139
1472
4233
9277
3490
7995
1366
8170
3155
225
972
2679
7802
447
8228
6218
4670
9452
9678
7457
401
5514
685
9930
400
1410
3891
2725
2459
5380
2135
8204
7814
7165
9829
3974
1136
7464
597
4746
3688
9767
4973
3203
6369
8686
9168
5828
3497
8608
947
2046
1997
4170
1745
8824
4231
997
8972
2491
7229
8990
1413
614
6324
3199
1431
8812
5792
5130
5109
2397
432
4335
1544
5692
1141
4253
7178
9078
2618
7941
741
4538
5093
7249
2709
8039
7056
1942
1971
4553
1775
5014
9675
4720
673
844
5533
3260
4366
7649
746
9018
5440
4253
4111
8561
5817
2740
2562
2512
5516
3910
2295
3833
9189
9227
5719
2605
4598
3019
1030
4789
8981
2467
269
9813
5411
9062
878
9832
4962
8356
5665
5201
8060
8132
7236
9076
8489
9857
5031
7699
5149
8758
3649
7810
2795
9756
4323
8310
5713
5419
6047
3576
4706
7263
6555
1339
967
5397
164
2433
3141
157
6633
4356
2965
7829
6565
4856
7960
7852
5037
8314
4860
7407
9182
7625
3916
5680
4455
5486
2769
8668
3018
2051
6330
5164
7791
2020
1860
8470
5054
5870
545
6047
3462
2634
2280
2316
4078
999
4267
9366
1205
5560
1339
1021
660
2670
7550
1842
3602
4132
3518
1368
4215
3480
2132
3131
3336
8952
5449
7802
5055
9375
9347
7380
7485
5588
1867
1499
8861
6929
4891
8855
6987
427
3535
9230
6974
896
8050
8493
5289
8749
1047
8811
3589
4923
5845
9452
7847
8692
629
4865
7333
2252
4970
8364
9400
7215
2720
6970
6577
31
268
3352
511
1283
1210
1836
1208
740
4566
1544
7596
6599
2459
2553
3404
7
6118
6753
1301
3076
6219
9709
4999
9035
9693
9636
3149
7937
5191
1960
1870
4240
7441
1708
7771
2517
2185
9945
2574
3187
6699
6520
838
8087
1730
5056
671
9445
7276
6263
7923
6002
9663
4499
647
7223
2949
8184
8776
281
6068
3306
2325
8204
2595
1694
5622
2627
7813
2956
4252
3593
5069
2424
6253
1539
7443
7286
7760
8210
7386
7061
9518
360
7289
1332
6416
8181
868
1173
4053
4137
986
9635
3607
4806
7249
2759
7913
6989
3259
9811
9726
8381
2021
6598
4033
8081
8301
5133
2781
4269
4257
6662
6194
3650
8113
7000
1273
3485
9095
5181
815
6561
956
204
8413
3632
7048
8185
4275
7780
5344
5396
1770
3421
4303
7543
5102
3749
2729
6272
5317
7570
2721
5674
6653
5550
3239
2366
6224
4722
113
388
6736
156
8345
3779
6415
8302
5690
1663
3138
9404
1438
5555
4212
2919
3821
9010
9883
8384
6854
542
788
785
2937
6426
3065
146
5604
9993
2823
8729
6564
6987
5642
8506
284
9433
2556
3976
3105
6807
4593
3405
1948
9919
1847
1013
2688
1525
1196
7106
976
6924
8465
848
5766
1212
1199
4682
1427
3902
5138
3709
3803
8537
3806
2003
6589
3664
8979
174
5307
5399
3394
9356
8063
6534
3160
7317
128
3857
4184
2453
75
1063
4616
7392
7023
2938
5158
6269
9978
4936
9672
3352
9639
6408
6910
8450
1171
9772
4527
6208
6274
5450
9518
2430
3541
2752
2001
5330
6728
561
1511
4246
2033
1815
7421
7805
6130
4858
1516
3715
8832
8521
3172
6736
3981
2251
2498
7487
5297
7527
5379
8952
3398
1782
2891
8418
9506
8290
6710
2851
8128
4034
7614
3657
177
9500
8989
677
5900
3660
9896
7484
7840
8113
9738
9091
6569
8710
5095
7850
228
3790
3085
3379
6724
8527
9594
9492
8003
7466
902
5558
1505
2516
7107
6243
9096
4197
6454
3000
2578
6050
6895
5692
1099
5521
1874
6586
5086
5202
6129
4989
3180
2338
7826
4109
1039
7058
1884
1435
3999
4727
5912
2762
5800
6818
9437
4692
599
8361
8196
2121
2454
9707
1085
991
6948
1603
9629
4045
9550
4653
3906
2678
5369
8114
2534
1362
3434
6027
9115
5858
1717
4168
9888
8048
8370
7418
3145
7254
1409
867
7403
2444
4018
2198
9593
3999
7100
5412
1379
2999
9801
2662
4921
7979
6220
2669
5769
7549
5545
7363
6734
3618
972
9106
1904
4351
3263
2669
1513
6471
19
9445
7154
78
8532
481
8196
9610
7455
898
5703
2372
5243
353
8143
9517
3211
313
2927
6383
9948
4455
3572
157
5000
817
3511
9524
96
3381
1231
5606
2740
8736
3353
6891
3127
6154
9744
79
3072
5027
139
1257
8714
5748
7805
176
245
3526
5237
6971
9663
7820
1340
5925
1176
9043
4856
1928
5996
9374
7594
326
5144
664
7357
7232
5990
2907
3566
3508
5356
6652
7313
8999
8929
2919
5264
1719
8781
7216
5515
4574
3848
8179
2926
2018
1130
4326
2208
132
9578
6224
4264
8538
6925
3393
6611
788
7022
9432
3347
4395
8325
1001
7548
3578
9004
9238
8638
8304
9818
8800
2104
5269
1810
6800
5870
3617
7726
260
2921
624
5954
8779
8893
8980
2771
3622
4891
1795
8897
1451
4566
4315
1944
9215
1616
8638
6064
7686
7119
8372
4599
2231
7256
1467
6491
762
8727
783
7643
7447
3350
6864
3046
9941
8615
1011
7396
8807
7310
5426
9647
3095
8591
772
811
1457
7790
6301
146
6328
3284
6345
2450
1196
1484
5017
3226
4224
9264
2961
6131
1797
5142
9948
1205
5953
4664
1152
7611
9758
9948
9320
5858
686
1585
4390
127
7441
5079
8067
8484
318
1484
1364
6107
1379
7228
6547
7709
9385
9693
7359
7335
770
8772
8493
225
9797
3331
2794
709
1894
4637
7183
9961
7922
5704
1256
3822
5660
5600
93
8074
219
8903
860
8673
7523
7920
9039
5206
8884
8229
420
1028
4882
8248
4879
5471
8113
1433
409
4774
4733
8153
8032
6810
7527
1861
4061
7699
6734
17
5880
5179
389
1048
767
3673
1316
4399
9880
1125
7352
7737
6421
4752
4578
8215
6739
2519
2370
5867
7724
6909
4753
812
555
8860
5194
1952
786
546
3285
5629
1843
9161
1843
836
904
2014
2212
1143
9623
4667
5394
4803
1002
9128
6508
7695
4514
2729
5174
2610
6184
7105
2837
9959
6555
2967
4340
4589
5182
6598
50
7909
3247
7089
6017
5829
1559
6269
5038
5501
6187
4753
9154
3235
9838
8637
907
7975
6066
3941
9178
7815
7689
211
3206
5459
5870
13
8148
3770
3984
3147
1046
9860
3700
9066
6756
3529
9043
9892
7201
6599
8394
8538
3134
3164
9874
294
3232
496
861
4705
5470
9026
8433
4987
3759
5646
6936
9667
5412
6964
4805
9186
8100
8228
235
4872
8481
4388
4334
2789
8237
8152
4732
6520
985
3116
2984
9979
5128
4535
9336
162
9050
9679
6161
8465
699
1567
8824
1953
5752
501
1206
9872
8228
5955
8686
5042
9317
2577
571
3643
6176
7702
9818
1483
3612
6619
3179
6040
1772
5771
4021
648
6953
6201
5525
3322
2495
3172
6741
9957
5080
5141
8656
5067
3874
3053
2472
8413
5811
8141
5109
2544
6779
8490
2907
2092
678
7432
1570
3489
9095
248
8031
3495
2280
867
7421
2544
9139
8002
1435
8057
5366
5502
4583
9489
2324
4623
5476
976
4612
6401
277
7295
657
884
5368
5726
8026
4493
7880
6975
5745
1171
1518
1906
69
4162
3421
5513
6955
5600
7708
5826
7255
1721
7997
6501
2397
1413
7845
8241
6008
3175
245
9196
7971
5199
9239
9287
4616
9633
2579
5205
5115
8403
676
3672
9667
1184
8209
7131
4989
4713
5625
7812
9227
5419
2643
7237
8307
5975
2707
1722
2685
9699
9567
8492
3865
7638
8819
5272
3153
8591
7868
7165
3226
7594
1041
3183
4872
8294
7614
3117
3972
5158
2705
7043
2588
7678
431
3031
2320
1193
777
9356
7543
2551
8245
2305
9915
16
1295
5902
1396
4184
3713
5391
5344
4375
9300
7114
6688
8664
1607
1581
7801
9272
648
6352
9852
6922
732
5463
4593
2743
9832
2153
4981
2071
6646
4722
1675
8427
7208
9530
4441
3700
1330
7214
8634
8569
6638
8643
8063
3429
5007
499
7550
5352
356
7246
3872
4476
4188
4247
7116
5677
8441
61
211
7324
8751
6913
4130
593
4726
2763
7794
5702
3682
7184
1515
7075
3854
9765
9018
3927
3917
9302
2075
5033
5280
4061
9400
3208
6309
4356
5905
9964
1949
4877
9541
6720
8704
2681
4799
9230
1361
6851
1969
8892
8736
1989
5194
1590
3321
4778
1305
8436
4081
1284
4440
6516
9813
1666
6148
7339
3936
8097
9834
3628
7037
2450
3758
7690
2713
1503
9293
3731
467
8772
3225
8361
6813
8350
6149
9383
2804
2011
2807
3497
6781
224
3898
1265
2801
6647
4632
8987
6194
1526
1625
9769
5291
1918
1760
1029
6859
7398
2923
3512
7815
7741
311
3322
3474
8286
8431
6440
4641
113
5763
4541
7689
1121
1724
620
1731
393
9162
5685
172
7587
596
8501
9632
5620
2082
877
2043
1649
99
9374
9316
9115
4051
3816
4920
6976
4166
9622
5342
4193
2239
2540
8468
2871
8972
1514
5272
4982
9252
931
7898
9018
756
4692
7840
8848
7041
8921
7752
2205
3316
6622
2319
9490
9851
9234
7025
6733
7757
1644
2630
8087
6418
3561
4091
9006
8489
8805
3128
2588
6742
9135
4017
9736
1386
6067
132
3519
8381
3823
7385
2816
9108
7626
8979
7628
4361
9242
8529
468
4406
9710
4605
6990
5969
6195
4404
5872
2918
4793
3354
9364
9866
3621
6902
4718
6316
3078
1157
1517
3633
222
2830
6988
6156
6850
3841
9676
767
8480
5862
9968
7925
1087
280
7117
6414
2766
7220
8081
1679
4724
1849
7329
5537
9819
9624
1512
3557
4757
7811
5946
9583
1698
2118
7941
696
7599
1695
7425
2401
3534
6507
5825
6229
9025
8935
846
7676
695
86
5645
1428
1707
3878
5846
1027
5497
9831
5416
7760
9186
9878
7719
4395
6125
5623
4422
2366
9094
259
6288
6953
8686
2088
833
7292
2334
4624
9833
7392
8427
6682
1304
2632
7969
6003
5846
2567
6997
5446
7882
7817
4305
8566
2089
8725
8411
2645
9297
130
2471
5692
8163
8567
17
8780
6258
7699
8568
8762
7545
8171
2530
4914
9733
274
2355
7235
5078
411
2157
195
7315
7281
9724
8679
2376
8206
7270
1486
3984
4134
1244
6794
2237
8828
2421
8329
3317
7005
4050
5395
5577
666
4820
4306
1284
825
4247
9447
95
3184
7802
1357
1343
3380
1394
3110
5318
1039
4425
3407
2946
8114
7671
5117
9755
8476
6324
3744
2764
637
3611
3796
95
4235
3273
1303
9939
8961
9187
4837
7420
7774
3693
3305
6650
9316
4234
6593
1679
1937
3818
8011
1128
3402
3647
2242
4768
5041
4698
7898
4208
5095
2870
4596
9600
4371
4943
1177
4176
431
694
6631
3619
3232
8093
1953
9638
7611
7358
6653
9897
9629
8339
9782
2980
348
7837
4764
1667
4666
9814
7206
1256
7995
563
7800
3278
4415
6283
9274
6350
7680
7398
4016
7495
1158
8602
1017
19
1292
5565
5469
1424
4500
9669
2681
3886
1152
813
1430
1924
6306
3542
9786
3776
3816
6848
9685
342
136
7238
4502
9863
6944
3671
4277
7634
8424
3888
2166
8397
5622
3188
8845
7389
1725
8288
5660
1748
2606
4236
2289
8944
8237
308
6607
814
9128
4573
9467
3642
4073
1314
7068
856
7333
4039
5058
6643
3005
1235
7103
2603
8411
7040
238
2642
5583
1340
5999
3327
8025
4586
6375
8468
5127
5066
9320
4610
1152
6413
5265
4836
4191
2351
6684
44
1954
954
1764
6716
249
8373
4991
817
4968
7914
4155
3541
533
6023
3581
6346
3753
443
5296
5418
8001
7319
6955
5042
4824
5429
7734
6980
8041
806
2050
609
3508
6305
3257
5872
3165
2588
5320
3203
3188
5245
95
5395
4645
7855
5484
9116
6389
5848
9070
9342
9087
8971
5031
5621
9927
2471
1320
6517
6498
2843
8676
9558
3612
9647
2711
2463
3670
9812
6916
2354
356
2863
523
5957
8629
2905
7305
4046
398
836
9224
7106
8236
9443
6573
5604
6791
8198
7488
6467
4636
3334
2600
567
9062
709
1638
8702
6890
6259
4154
1134
6925
7910
3250
9840
3652
1969
3019
7715
2377
194
8018
9337
7267
5182
1212
4373
5953
9768
2451
4352
6201
7581
8716
1091
6608
9663
725
9160
1393
8766
7350
9688
916
6214
2709
6023
6446
7243
8758
5882
9250
4314
6189
4437
2692
4044
4050
8006
8944
8646
3993
3188
2428
2643
9770
670
3257
466
5054
3636
6524
6473
3188
7735
8756
3053
3214
5354
6500
6952
5148
5337
1208
6707
7077
6482
2303
5280
9098
9609
3359
9948
9084
9747
8725
7884
1684
1159
6258
3044
7443
4566
4913
1531
717
1855
7046
6698
6467
3860
5068
9775
3327
6357
6529
9966
3179
4465
900
598
2464
3870
1578
7778
7770
5067
8334
7573
3951
8301
2460
7042
8793
8622
1602
8775
6555
4609
7830
1591
7522
8206
6788
1110
8655
5595
9575
5900
4713
5992
8452
3104
5418
5944
9593
8459
9311
1533
8775
4626
9706
1541
5810
1499
1974
4193
5256
7109
2888
3479
7094
1152
2927
9275
9394
3541
4938
263
3285
5633
8945
896
9463
5789
9928
8579
1279
8728
7254
3532
9111
2744
7843
807
536
5980
4098
5449
1202
5309
5540
1532
6633
232
9300
9899
5153
9539
8750
2281
5186
4259
6705
3462
4543
9481
2928
1475
1587
8362
4472
5942
4597
1547
1645
9425
4076
8309
7561
9712
4914
3117
4296
3535
2561
5990
129
3733
1253
6823
2260
7474
7208
6710
7896
8475
4060
568
9108
5900
6762
558
3683
9806
8906
5434
4109
2835
8031
6148
5605
3832
1035
8106
3060
7439
2542
7386
8291
6354
5999
4890
6711
240
3265
5069
3615
8745
4463
1728
1066
6733
7665
1096
1618
5190
9638
3742
7200
3311
3147
7104
484
8954
5875
8914
7286
9847
9745
4497
5480
7148
3524
1227
9330
6141
8288
9082
5730
3344
8644
2261
9080
9763
5382
5117
4165
4775
7294
1384
3271
7705
1981
9540
3540
9240
1213
1110
4591
8866
4203
9319
2066
2048
5466
1606
9444
6430
9194
6375
475
792
7888
7703
5171
2754
120
9572
3427
4890
9626
2028
7598
1257
6910
4892
2355
2508
3409
3296
2162
2416
5957
2887
6409
8026
6154
563
6877
9865
9042
2182
1583
3438
8924
3
7217
1163
8732
7589
4439
6696
5573
8204
9708
9435
414
9925
7741
9486
7435
3167
1330
988
7978
3060
6198
4048
8760
5537
1417
6680
4811
7425
366
3783
9668
9765
3677
8948
1132
4644
4648
336
5155
5888
7467
1896
2758
9126
807
7534
5257
7697
6070
5619
4767
5289
1019
8089
9287
7564
1716
3072
9177
700
7966
4970
5246
2755
5074
8994
9207
4803
5523
4303
9972
6908
8666
3324
4618
5262
3240
8029
8924
4921
158
1014
3980
1647
4110
5462
4353
9210
6979
5075
5991
3743
5723
6569
6780
8263
5101
430
5245
94
5979
8330
426
6650
5357
7988
2206
2923
943
9818
1962
7142
3536
2524
6946
5684
8674
801
3286
6130
6493
4441
3321
2777
8025
8920
193
6136
3532
7549
9403
8723
3792
542
1018
4820
2551
4378
9696
5053
4713
6963
9932
3047
7260
6873
7899
5428
2362
41
9455
8060
2219
5154
4788
3874
4585
1995
1653
2276
1953
5653
6828
4830
6855
7559
2545
3429
9142
308
7088
5684
3011
361
8973
7825
5285
9324
2432
6472
7443
6706
273
8822
4158
1450
2994
2503
129
1643
9049
4653
3062
208
9350
721
713
2911
2725
5384
3430
2609
6148
7796
4309
817
9882
3811
4555
1220
4546
8992
1579
7230
5384
1345
314
2979
9489
7360
9139
8913
1043
1691
83
6103
3322
4264
447
7560
526
4442
6449
6888
7904
1145
3219
8692
6338
1122
4952
275
8242
8580
7080
1120
8571
2550
360
3055
8916
5175
8955
5111
5413
967
8499
5483
7991
5489
6674
855
4363
3550
4241
5475
7375
2473
6112
8785
2184
6967
6350
9058
1038
1851
9504
5711
6747
5472
1329
5143
1155
8166
4058
7501
3156
6855
1533
2968
5461
6731
8852
6328
2177
1335
7615
8422
9924
4803
3613
4797
5250
2049
6154
3533
553
5118
5197
4962
2264
8
8786
4825
6582
4978
5814
9022
5219
5601
6124
6606
2433
5339
7333
1149
4225
2253
1544
872
7158
6199
8891
6585
8930
1516
7593
6400
7935
1468
8121
3247
9992
195
3276
4374
1817
9140
5954
7426
9522
8252
8079
609
6028
5729
1252
7226
1709
5940
8334
7887
5835
5492
548
2295
3250
9406
5052
3608
2328
8749
3169
4201
2378
7869
7535
3867
216
7986
9907
3327
6628
1292
8430
4320
661
7723
6952
158
4494
9689
2983
5332
7732
2671
6587
6299
102
9556
5594
9827
9843
5809
6682
1659
4107
9648
3403
9407
6981
800
2637
2729
7488
7575
8409
790
1001
5606
2158
9586
9398
7609
7289
9586
603
3101
5038
2942
3652
8604
8649
3948
610
7659
1061
4845
7570
9682
490
1033
8435
1195
4200
5871
3565
7412
4123
5483
2254
5233
9156
5782
3724
3669
7330
9564
463
7786
638
676
346
5746
8712
8948
8298
7356
6532
1247
2688
4566
6447
8634
2623
8278
7772
4230
8320
5278
8593
6750
8350
7361
7590
9470
6305
8769
147
3265
5395
1955
6569
5174
735
1952
6141
7071
3417
6856
1532
308
679
3591
6235
5102
2272
6008
8573
1052
8557
576
322
4234
2612
6980
176
3367
4291
2931
847
133
6045
9403
9730
6854
6169
1952
4568
9433
3225
8880
325
1461
8015
2106
7084
8203
790
9591
9830
189
2214
7355
1206
6386
3158
1071
5031
9890
3831
305
6561
2477
5508
4159
4427
5948
9156
5454
9843
3247
7939
9714
8321
2408
2253
9759
2966
3037
5369
8608
2261
7474
9974
1484
4395
1037
6835
2493
5852
5913
2989
4002
6353
5586
4434
163
1205
9031
4209
9289
4008
3227
5132
6153
7364
8751
7010
4683
7530
7864
502
8242
1080
5122
2374
4845
9524
4891
4949
7069
4941
4725
6662
8966
136
8552
3908
4277
3072
1792
4720
1290
4425
1564
2400
4416
3823
4258
3165
6586
6999
3549
4317
2689
7711
6222
7526
5516
3144
4046
9342
5941
8853
2701
3314
9172
798
3421
1170
6703
7086
749
4396
444
6781
6910
3047
9493
3289
5132
6523
3276
2804
8175
41
2170
6454
555
5315
9747
5972
2813
6471
438
7724
3503
3606
5693
8495
1981
1665
2108
5534
2304
6276
5902
7949
3719
9446
5903
4117
9409
3034
8206
3840
4112
473
3176
8498
4913
155
8399
7354
3034
3806
6260
9406
5171
9913
2176
7382
9375
1638
5480
7851
185
4954
1048
1664
5223
6978
9472
7472
8635
5467
7354
4178
5818
4428
4432
2152
6280
4138
7110
2654
9835
9529
4710
4442
1543
7106
4905
8257
8152
4811
8220
4898
2504
3752
8118
1322
6620
6353
8254
9393
1192
679
9515
8751
9773
984
4068
9158
1732
2360
7099
2013
5483
6299
817
6088
7256
9083
5851
9752
621
4297
8673
4385
9968
1589
1151
7435
8062
1602
8243
670
7634
6108
2879
3230
6452
1516
1162
3030
1048
6229
5904
7551
3653
4659
1085
8299
9883
5806
7704
8235
6673
2270
1093
6540
7410
3968
646
3136
4117
2152
66
7894
7387
7341
5535
7831
3112
2749
6435
8618
2427
1377
9096
9242
9968
9799
190
8160
7882
7485
5825
4205
6627
5133
3398
3925
6539
2264
7417
307
4010
7249
7651
3963
1264
1131
3166
3585
3275
2444
1052
7461
4261
4358
1208
2758
3510
1979
9365
1714
4359
1211
3853
3776
8333
4856
9002
8524
6290
2194
9563
7131
6546
2852
5534
5735
5119
7321
3407
744
4413
2521
3779
4885
2271
9526
7263
331
2489
5410
9530
6825
387
9092
2907
964
1099
696
4882
876
860
7122
6548
908
7689
7539
5783
5031
3162
5877
7224
8588
6641
3853
3965
9339
5085
5329
9391
3852
2569
3284
8982
6966
6492
221
1097
2404
5529
8752
7068
6512
4915
3687
5860
6497
6938
9761
3272
5945
781
3563
6844
4712
2893
590
4723
6039
1890
1729
5544
7611
5427
9421
2
4237
2982
2309
4653
8103
376
5725
9562
8579
1811
7745
7956
2485
3937
5623
5355
6923
8085
819
3687
455
1321
1675
4657
746
5264
9625
9554
340
298
417
2423
7577
7290
1193
7713
1085
5185
3821
221
1682
7199
3697
6015
8660
679
1010
6105
5483
4938
1088
8117
9214
8451
3625
5864
9669
2111
3692
6634
8913
5200
7003
509
9408
9513
941
9015
7405
5599
1449
9110
6248
6198
1934
8235
7486
8587
7405
8714
1299
1051
7025
7946
3122
5349
9370
4556
3880
2325
2296
260
1033
653
2976
9622
9166
7418
8087
3416
7718
5205
1051
2869
3888
5803
5258
5463
4772
5175
5847
2943
8875
1629
1757
7436
7767
9614
7873
580
2607
8992
4095
9131
1835
8644
2595
1850
6944
5202
4085
4827
2401
1444
9084
6582
6322
4366
6350
254
5273
1039
8920
7414
7521
3267
522
8201
9600
8348
5507
2535
4791
6242
8304
2736
2476
1535
631
397
3040
5242
1256
3819
6705
8378
336
5039
8802
4614
238
2162
6241
7566
3815
3799
196
7058
5985
9421
5604
7941
1142
4329
2859
899
7276
5087
4156
2965
6951
8699
9565
4895
2486
163
8810
7600
8341
3021
5162
8808
1715
3335
3428
9526
7209
1648
2145
3512
2159
8709
4807
8565
8646
5747
3057
9217
9919
7657
3745
9967
5981
914
7856
3092
17
9503
828
9530
1865
1182
3386
4416
2157
1101
4688
683
8646
8487
6671
5683
6650
7080
8559
9896
6324
5400
9779
5313
3838
6237
1753
7207
8130
8664
3220
2817
302
2769
4152
9417
3032
2932
4125
6802
7493
6170
4513
9425
1991
4996
6708
2981
1681
8548
251
2741
2657
7542
4781
3454
80
8187
7062
4696
8460
2487
8691
2446
96
4144
5336
4153
4761
1379
8116
7956
6614
6787
5568
107
5133
19
3862
8572
8671
8780
2347
1797
4009
1563
7278
5260
4735
3508
3326
9554
5728
7169
9991
3376
1205
1100
808
8732
4122
8260
8439
5860
7788
7990
6186
107
855
8784
3919
7101
756
4175
15
9970
2882
3444
3684
5366
3885
6875
8257
7329
5426
3558
2375
3046
5161
7310
7389
4382
9890
8573
2975
1106
3905
9401
8682
7400
1329
5903
2427
9492
2690
5616
7100
9037
2770
8721
4922
4648
4495
354
1529
3426
9793
2671
5376
6334
2461
7013
9250
957
7063
7610
8368
1094
1128
6227
7046
381
3705
4374
1848
5891
3268
6557
8859
7336
3568
1265
2705
1272
6742
3368
2775
5571
3968
3544
6336
4645
4686
2481
1849
7672
8764
7028
8283
4890
7179
4911
8886
715
2838
9789
1537
5974
2485
5453
4293
4944
390
1661
5030
2715
4503
3804
3582
563
9423
4848
2584
3561
2708
8041
2532
9830
3738
3498
368
7552
9661
7822
4906
3346
6044
1498
7519
1933
3697
7634
8977
3415
4686
8250
2186
9126
2430
2010
5543
2328
2033
281
6470
9990
7890
6285
6260
595
5235
7636
7761
6843
6005
2030
5578
3518
390
6054
1678
8343
6630
8288
404
6126
8174
434
899
4977
8536
4139
6759
7584
6607
8341
6241
7639
622
2082
2781
599
1367
6497
1908
2946
7801
8764
2049
7930
5583
7525
5564
4645
6969
9731
3732
1167
7109
9033
424
6762
5911
3674
8926
5844
7089
8346
8583
7710
8213
9318
7997
6261
3625
6677
7572
5697
4036
3507
9222
7468
5365
3481
6953
4468
2869
4067
954
5024
9377
905
9907
3173
4169
5501
9338
3976
2891
5744
5720
3257
3671
7577
7
6374
2554
125
8436
7067
9882
4084
6580
9602
2170
3875
9089
8558
6974
4892
9394
6097
4422
32
8354
3448
9036
8141
5415
2838
4585
1907
9765
207
2060
9306
4588
893
739
4523
6561
6011
4154
3019
4340
7367
1134
4531
6965
4502
2878
1048
9903
9801
4497
1433
7163
7926
2015
7062
5509
7871
2076
6416
8246
1861
6844
2697
6197
6499
8650
8597
4960
8736
512
2448
2196
6432
5484
7200
3014
5426
8083
7135
497
3859
6700
6618
1370
2958
1005
2261
9966
7892
1028
8117
1406
3088
4682
6117
3709
959
9406
1982
6296
480
1122
1185
2630
5026
7150
110
575
2882
2580
6189
7474
8802
385
4208
5587
671
2309
1308
6080
2098
9131
4259
6854
1878
6516
8090
2591
8558
8439
1831
6454
1512
1706
3155
1988
142
1195
7064
5096
7651
5857
1823
4339
7408
9614
1753
9698
2459
144
7252
3342
9070
4577
2937
8873
9919
9100
465
7992
9901
8597
904
2343
8246
8742
2313
6471
6324
3566
3291
7167
1598
2544
4427
2412
2118
1669
810
8006
4726
9156
6411
5813
4725
3313
4528
6972
9994
2321
6034
9069
3368
5781
2138
3806
1865
777
812
1352
4705
5414
9210
1415
3730
6089
59
2131
8689
5436
6560
7672
6580
3024
7314
5045
3840
708
259
7840
1800
8177
4630
8566
3331
1536
1872
7250
4478
9991
3757
3694
9362
9425
706
8165
1885
3280
1516
6431
2284
6126
4304
1068
7349
5678
9157
9407
4997
8673
5590
6122
4897
7783
7559
3558
5279
8448
4150
2417
3410
5735
3801
5505
1306
6022
2734
3597
2376
8121
1428
5198
6464
1660
7008
5586
2318
7546
2945
3514
6726
5826
1850
1585
4339
3025
9748
1832
3827
7623
8279
5636
345
6760
5765
7443
2477
7501
4825
7260
2948
2409
3379
2630
9043
9488
7686
9216
973
9069
9379
2260
9295
8288
7341
7568
1005
3250
1588
4049
9991
5908
776
2832
1534
8807
1294
432
7650
4946
7674
1075
4078
2681
9104
6092
1162
88
4887
2979
2508
790
6988
2239
8361
9883
6826
8522
9644
9168
6088
8818
6289
9133
8634
38
3412
4658
4609
7703
3159
8739
7964
5364
863
7607
5748
2550
3858
1809
9893
6345
7415
2189
9917
4684
6404
6707
7262
1099
9129
7845
8367
8699
2656
4048
7162
7330
9678
5491
2578
5940
1227
842
2028
5896
4827
4598
2699
24
2043
9115
4545
4261
8563
7210
5773
3862
3798
3913
2293
4940
2567
5832
3158
4757
1263
4034
6070
9165
1334
1981
7825
9302
2682
3709
8874
8664
3867
8462
3953
1990
7856
9717
9079
4562
67
7689
7130
6776
8307
720
7440
8441
8841
4271
4509
625
5265
3969
8647
9336
2485
5064
701
127
9567
2110
859
502
5374
5923
4915
5787
4828
5356
8475
3589
4982
4118
8969
2841
563
5135
1270
2614
8189
7163
9417
7800
1580
2505
638
6615
4502
9677
1950
9297
6894
4385
2335
9928
6524
584
3661
5712
6713
2836
8818
6195
1996
7614
2826
3258
2251
2787
7461
6997
4021
5864
8671
9383
1956
9916
1732
4062
6272
2894
6527
7836
3165
9847
6182
8382
5937
636
1273
7215
770
7217
7044
2717
7278
1669
6789
7918
2471
8524
3084
684
6180
9427
995
2041
9489
2941
9938
7029
9796
1991
8881
2127
9345
9218
8492
5439
8854
3720
351
4298
5054
155
3234
5741
3781
4822
5572
8650
9710
6575
8686
2312
4517
7510
5191
7086
5129
1077
2754
8314
8173
5773
3504
1079
5302
5952
7200
3792
5700
6829
43
2748
5223
254
5300
9797
9506
4435
4218
3116
4311
386
7693
3860
2437
3494
9008
2746
8454
9700
2387
8347
5818
5435
6378
1582
154
2564
5148
1826
7270
989
1307
3384
3948
5244
2735
3522
7581
7193
2534
1963
3735
5219
6473
5389
5897
2144
6207
8489
9556
3597
6702
7055
3377
5722
638
669
1558
8125
1905
5064
4200
3059
2788
5340
9465
9843
2201
3206
1130
677
1878
5545
5628
6706
4974
1104
3677
7963
3719
8753
7608
9397
5542
7999
6864
2659
7786
9563
3684
3000
6782
1213
6978
2807
239
9040
8182
9564
9731
5515
637
8708
5463
6853
8842
8986
199
5246
161
8533
7076
7785
2203
394
913
5823
2368
3230
7842
9424
9388
5909
724
1962
2670
8869
1700
1622
416
1556
8761
4275
682
100
5436
9666
3511
2164
486
3984
6361
1131
6863
6844
3458
5773
5844
6784
8711
6507
4828
8587
8292
6295
5728
3940
7058
7156
4012
19
8658
301
7942
7753
8179
1108
1067
9970
8213
1982
3357
1886
3807
535
3280
1044
1287
8668
7481
8767
2392
1968
8513
4449
6308
3400
3385
8782
7890
9490
3589
2755
1556
6976
2033
2443
5477
5583
6973
1808
4688
3745
3157
2956
5339
4941
9384
876
5842
7571
6522
1501
1280
6644
328
6370
393
2630
8380
6040
8974
2713
8338
7081
5589
5838
3479
7535
1529
740
1722
5964
8979
4830
7936
2677
5837
6539
4395
6537
2486
6688
7025
7937
7678
9379
861
357
9769
1368
1585
1344
7365
3229
8622
6589
9846
3517
5197
6315
2836
6332
7859
5947
5592
4846
4424
2634
2315
2964
830
9994
116
2218
3221
3342
7655
2
5410
5501
6374
6385
3948
4
8846
3765
7376
8666
5918
3860
3602
943
3954
5739
8505
2923
643
5420
4330
3479
6606
6843
8482
7463
9852
9002
7217
6594
1736
5974
6209
8127
4004
8598
7562
8318
8475
3520
7223
3600
7084
3255
9591
4975
6414
7592
8954
3181
6545
3478
7068
5715
7085
384
275
8520
1001
2375
907
9333
1824
8261
1396
663
1469
5715
6316
7601
7335
3975
182
8990
5567
5618
6111
1173
9633
2236
6020
3136
17
6835
8577
7268
260
3016
4295
8932
1009
7845
3949
5507
3950
5750
704
7855
3039
9243
8201
7336
6709
6002
6169
619
2656
9269
6404
1043
3921
868
3173
736
9186
1782
8242
1714
3469
5979
1097
7504
2919
2989
2886
955
9378
1700
8547
694
8725
859
2
1754
2497
9493
7446
5457
2572
9518
2461
6670
4903
8159
5322
3127
5685
9649
7497
8039
3449
6099
293
4578
8813
7668
8890
4254
6290
5373
4840
7366
2532
4168
2079
9506
9277
2779
5450
4750
4026
4039
1815
728
9693
6993
8545
9427
3732
2761
8215
3185
8190
8588
1491
6892
5199
6830
4093
309
8498
8149
3781
2375
5125
2343
6445
8992
9996
3512
563
329
117
3925
513
7069
2222
1033
7633
9598
4633
8204
4552
4241
5722
6674
2862
3219
4186
5452
9510
9223
8144
5246
7148
3608
3247
5535
4266
3581
5824
9532
6533
4783
9831
2806
8152
6532
1707
8655
5745
3564
4223
6543
5625
2768
8108
7094
8822
1316
5791
9472
5045
2687
9137
5811
7570
9744
2460
2429
4233
7163
4765
9521
2851
3586
672
7552
5523
2925
8782
3264
4103
7906
2325
9048
5309
276
7531
2721
6718
132
442
673
1478
9380
5230
8611
830
1709
2780
2748
4473
6255
5171
4295
4232
1908
8175
408
8190
2547
8739
9140
9074
2413
1926
6956
8915
8896
4876
4889
5288
1522
1412
9201
8324
2690
9133
2805
7298
293
3324
9479
6229
3537
6724
1104
805
9272
5709
3400
5720
970
8976
9532
5751
8573
974
2594
1965
6887
8094
8877
5286
250
4738
8747
6029
6807
5109
5514
6178
314
288
6683
3250
5416
4798
1793
6649
3123
252
4901
7295
8184
2077
4832
957
5474
5316
2167
9136
9989
4636
1173
713
6178
3787
6615
6115
6728
2445
4214
9923
9116
3867
4777
1581
6539
5747
7161
6794
1381
3185
5256
1098
3619
6356
5572
5962
9812
5019
2929
7147
5413
4130
931
6964
5078
892
9854
6263
325
215
9973
6535
3797
1622
8991
5837
6446
4997
8185
9613
3322
7771
7019
6611
8279
558
551
8330
5940
859
7711
420
8026
7561
7906
7362
5964
4362
4496
3551
8348
2987
6155
3167
6130
2254
4409
28
4818
8877
3633
3784
3644
1573
9781
7304
3133
3722
4176
3013
3743
8160
6905
9478
6924
147
597
6978
5638
836
8282
6591
5596
3447
3596
9780
3014
7691
9089
6806
3859
5081
2890
7718
941
254
8824
9707
9297
7624
1289
5469
3621
1661
9123
3030
1040
3041
2001
3988
3477
9243
6940
3868
3677
7797
9447
3377
4594
143
6112
6488
8011
3609
2233
5631
6590
3166
823
2183
3213
822
7576
5599
6824
1620
3319
6089
3865
6586
9036
3051
7566
5043
962
9169
4665
6490
3556
8592
7087
1285
7959
1151
7599
5924
5109
8393
5882
497
2024
9626
5266
1962
8398
6696
3109
8874
2340
1392
8158
7753
475
708
4755
8002
4357
5450
1465
1226
8528
1908
5339
812
5608
9412
818
6809
1243
3309
9025
7126
8033
4236
9870
9850
9143
6509
3567
3399
6212
6773
9567
3782
5513
8424
5277
3748
2689
242
3700
3265
6061
7015
1024
7574
1503
1127
3772
2506
2076
4674
3319
4522
5067
6810
8077
7444
2773
9413
5327
6997
4133
5947
1323
3055
2526
1878
8269
2282
1685
6722
6241
6461
2241
5744
8219
7854
7477
7233
7742
4079
4563
6293
9896
6976
9900
9047
2210
5935
3984
8612
2859
3129
6148
9235
3035
4573
5840
2047
4830
821
9510
6308
5748
1053
1626
8850
2486
9702
7948
5246
180
877
4777
4567
1846
4005
9414
8170
7003
8683
5587
5142
9731
459
4490
3145
7244
3366
1908
2237
4853
1069
6057
6004
5036
5266
547
1688
115
7820
9184
1482
4124
3980
4910
1108
257
7034
9281
4602
1161
7117
3152
9739
3820
6560
9089
4015
639
969
9931
7201
362
3035
6082
9762
8585
6229
3033
779
6684
4635
1586
5513
3370
1080
5653
4679
1830
4576
4147
659
728
1682
6612
8842
2539
7754
9370
1536
8784
7074
520
119
165
6914
8760
776
524
9486
7214
5033
3973
4866
4101
2597
575
5533
380
8904
6619
4716
1644
5889
8046
9595
5699
2336
4017
214
4009
1187
9511
1297
641
2386
4125
5163
9304
2801
3068
3648
6635
825
5513
2977
6933
499
3258
6065
4421
7245
1251
4546
8921
3754
3100
5804
1579
9267
83
8206
6422
7477
4124
588
174
6920
9388
7643
4739
786
7794
3238
4996
5313
5629
404
3490
1000
271
8333
6953
8459
9134
6799
8267
6957
9666
5468
7736
8188
8806
392
6891
8763
410
140
9110
3280
7931
7510
6205
4536
6092
946
4012
1239
311
5755
2003
4413
9413
3813
8460
6795
7562
3868
2385
3455
4882
854
7474
8433
6944
2399
4122
5257
9711
7339
2335
4010
3938
4522
9479
4117
7348
6329
1331
8990
9819
7563
8515
5681
6167
8933
1192
4215
4146
7827
7897
5631
3269
3551
7856
3500
1974
1141
356
6874
693
4155
1892
8463
141
5841
4923
6732
8928
7354
8397
8306
2328
4917
5334
2511
9054
1208
3082
6062
7362
8209
4998
6396
4168
9525
6875
5911
9669
4615
1972
1245
393
6097
8177
3495
5091
2987
9712
6177
7954
3585
1671
7214
1257
8139
4159
5001
6381
5074
7544
5379
7919
7908
3362
2060
3661
8263
2774
9319
3299
491
1575
6691
3307
1083
4215
2111
4850
7590
8374
4973
6692
2715
6947
679
5223
9517
2304
4318
8193
4098
7704
1425
722
7829
2412
5228
6040
4559
2241
9563
753
758
2606
9509
4876
8277
4252
7612
3420
4823
2763
2626
364
966
9407
4451
4614
6017
6710
2461
6645
3513
6727
1233
1810
1932
5312
7757
1299
3993
9855
9328
6486
2449
6792
7562
1270
6017
7270
5354
445
6854
7732
7939
2501
1526
47
2665
8464
8443
6584
9201
3744
2662
7339
7788
4013
7151
4073
1236
8290
6734
3742
2541
7633
4945
8047
4111
6885
3636
19
9807
5254
1155
7087
3787
6477
3211
3620
8373
6719
5235
1313
868
5115
5930
6873
9269
6829
3167
760
5449
7536
2451
5932
3287
3093
6160
47
6244
2912
9787
8207
9064
2112
8909
1942
4966
4004
7476
4768
4353
9183
8474
6931
7001
2664
8475
2450
8969
9014
4423
4624
330
1827
9532
9396
5877
8295
7606
1397
293
6273
2070
6113
3870
1094
9559
3225
7424
891
104
5585
289
4569
1163
5130
3321
3759
2656
8234
9633
4171
8670
6794
5754
7553
2353
9554
55
8063
1295
7582
3430
1142
6347
5789
1234
9691
8722
2640
8880
2766
1411
3414
1821
2009
9397
6150
6114
8303
9103
1941
2175
2073
3614
2755
9210
8110
5789
4445
9376
1560
4911
7384
1927
1478
265
4799
5192
7781
6586
4967
3368
6562
389
6987
9565
6150
9611
8180
2352
4746
9876
3889
7325
3695
5387
8300
9294
9097
4526
2784
2740
7102
9985
6463
9340
7481
9840
8058
5583
4303
7745
4467
1600
4378
8451
3839
9578
3612
6974
3197
9781
4728
9689
1367
362
5639
8607
5140
5959
5128
9990
4094
7189
1607
5789
8649
5273
5089
1461
2924
9702
8585
6255
938
4614
9171
8545
1619
7389
6460
3093
1451
9711
9918
272
2233
4602
6112
9519
1882
9474
6679
3249
6322
3404
2671
2921
4631
2382
991
4409
7529
9145
3439
8585
4889
3020
8965
8770
3887
2771
4418
9216
5219
4332
2347
702
9427
975
2976
319
8158
2286
6785
7939
5745
9419
7919
8079
441
7805
1034
5097
3997
7088
6199
6308
9055
701
9992
7622
6159
4639
2880
865
5181
3712
9372
8251
8054
1367
8111
1834
7958
1496
2939
5947
1154
6946
5782
656
8897
2206
7367
6668
4759
1545
239
532
5716
707
1127
4944
2724
6454
6666
9222
6646
219
948
3063
6615
2499
8368
1327
7277
5116
988
6683
7208
3213
6869
2957
3768
9426
210
487
7665
911
1868
9719
1686
5778
2954
2048
7305
5241
7915
7940
9014
8373
7393
8913
3941
8381
709
907
2599
6309
787
9630
6755
805
6738
6963
568
6195
9038
2333
7435
550
3925
2219
7031
5364
2999
8349
3943
6468
6850
1317
9371
5570
181
252
200
6153
4218
9266
2577
8245
8896
2615
8882
5705
6387
8840
2672
5076
9794
3982
8428
8953
9004
2737
9006
2724
4403
6028
8183
4759
8315
9425
9622
1030
6500
1123
3584
1342
1304
623
6664
4870
307
6062
885
4033
5257
1724
992
225
9645
2208
2820
4818
2736
8734
2780
9621
8722
7126
7642
4760
5630
6120
1611
2763
7573
1750
1942
7369
7422
3578
9685
5794
6007
8745
6491
1062
8384
6402
318
8044
6266
2909
9997
7861
1460
8534
6450
8021
1136
2673
541
3746
6531
4700
1701
399
5275
6529
6258
9242
1569
5909
9875
4314
3134
5517
7192
3295
6770
2807
7557
1113
352
3891
4969
3019
5390
4056
3487
10000
4968
9525
8378
1877
2314
6301
5341
4685
9907
6160
4978
9422
6714
9543
5117
8825
3936
4665
8092
657
2010
5563
3004
9265
1533
3314
3439
4466
5967
2025
2293
1568
7121
281
6668
6759
6109
1102
5806
9637
1143
2375
4220
6737
2503
8014
5090
2470
7726
6061
8675
9684
5520
3486
4663
2390
9532
23
741
7672
150
5162
8884
6717
2951
3578
1363
9750
7197
78
3167
2513
2570
5529
3581
6941
7632
5328
2928
22
2839
4231
5850
3753
2038
4452
1102
3354
2784
6735
8773
8562
5721
2759
9473
514
4286
1460
7570
4114
798
3493
4353
3710
6202
2351
1312
2924
334
8995
4411
6753
8928
3986
3022
1827
3777
9049
5840
8614
8417
662
9730
3095
8097
2157
6605
7110
8282
123
6112
4802
1831
5779
2232
5507
9721
8302
4430
4529
4661
9061
542
6558
9310
6967
1386
3616
190
4209
7493
2698
3099
6143
2770
4859
8399
9549
7311
7810
2140
1324
8436
5789
8241
9435
95
1724
6457
8490
8044
8297
4
7146
3276
2102
9475
8574
7716
8497
7538
6666
9539
167
6842
6959
9469
7658
7036
2754
7095
5293
5429
6830
5686
7269
9372
373
8174
9524
986
9351
5706
7129
2195
9444
1530
4772
5680
5049
4646
7063
9930
9444
5237
8191
1659
2587
2666
6353
1362
3348
9921
7082
2482
2531
1464
3024
1169
7944
4844
7411
9220
3931
9782
3129
8814
1460
3693
1124
612
9236
6671
5147
6372
1658
4088
8570
8089
819
830
8189
3369
8079
3441
4721
6976
7656
6878
937
1992
3891
3820
1556
8764
7258
1693
9489
7539
102
5326
9521
3822
580
1350
3875
1398
4752
3916
3647
2801
9388
8916
9830
9560
8324
9361
8454
1827
6209
9010
1462
2220
8529
4169
598
7990
7581
7783
2257
2519
4592
6568
4869
580
8005
2534
9567
7990
8187
9863
8920
2680
80
3147
4739
7437
4631
9232
9541
1504
3126
1866
760
1080
7512
6122
8446
5586
8376
1077
5711
6306
3461
8629
1892
3560
5683
9336
5335
993
5135
7010
1728
3102
7449
9880
5502
5762
9857
3233
5193
7993
8735
9240
2715
4267
5392
6786
3201
8290
765
4853
2065
6782
2341
3796
1552
4199
3875
6737
1073
2706
132
4220
1114
1655
8064
3937
8368
1362
5616
6475
419
8178
3088
9237
3838
6645
3687
5415
3202
6532
8479
7635
8734
1420
7028
1497
6904
1390
1190
8041
8132
7922
311
8294
5632
9187
8368
9868
9033
2158
3126
8196
5899
9956
7652
4173
8413
6735
3683
7201
8197
5272
2659
6034
3053
9983
7951
1617
7837
5332
1274
9492
8653
1615
3369
1675
9265
6783
5938
3562
9278
6380
6123
7345
2509
3705
5962
5063
4729
3560
7921
6949
115
8877
8341
3689
4208
2689
1865
2343
6578
7257
4127
4674
3271
382
3539
5100
8012
8519
1513
7312
685
734
5106
8454
9310
3508
6147
2523
8985
682
7616
523
4746
8517
6204
4565
8243
7217
6672
9368
6300
4935
6521
9557
8327
8045
6725
8657
9244
563
1078
675
5811
383
1408
6306
1737
2163
1808
4643
3056
6844
6045
2336
3537
9812
5021
8611
7231
6674
9487
2458
9064
1739
247
9154
1338
4621
8520
7114
4173
5178
5043
8178
3966
2930
4235
7447
8061
4119
8036
7114
5345
6343
3509
2575
1577
6960
1384
6636
128
9188
338
5274
5108
1539
8688
1119
5007
9576
179
9605
2618
2612
9122
7684
9598
784
7580
7390
4274
3753
3093
819
6636
8517
381
9682
7774
4143
9815
6314
8937
8459
3858
8764
1305
1765
8638
8793
2764
4816
7673
3725
5934
4318
5483
4026
2129
5711
2991
9177
8836
2284
8237
9556
822
5053
8557
6658
4520
6988
6974
3657
8786
775
8885
8480
9683
3305
1719
5213
8244
7108
3904
2843
7012
9089
5929
5672
8677
6418
6383
6912
7310
9343
5470
4612
2167
7144
2437
9290
5405
3622
2453
4828
9826
5688
4092
1649
3368
1450
8732
1567
7360
9491
4173
7994
7205
9770
4215
3213
3165
620
503
9435
8477
8917
5650
4612
8874
5861
1170
3008
8840
3464
5805
7932
1248
7792
4231
5571
3928
37
4839
5174
6738
6281
1322
6354
8045
8823
2470
7433
7186
7656
9119
4249
8922
8486
7694
9348
3629
8623
5436
7141
6606
5760
8654
4210
8211
5162
9188
8419
2844
441
6340
3598
804
3251
7566
4201
952
6818
969
3989
595
4478
1220
2970
8142
8122
1769
8020
9001
5826
8250
2805
7940
3123
8982
3106
5155
3480
5416
1745
4957
6107
5111
185
1525
3004
6092
3390
2901
1690
1032
3213
9364
9464
6969
6137
9352
5050
6785
8413
6337
8405
5927
3259
9496
6073
7229
5110
3688
7552
6602
2137
3529
7768
3721
1556
4008
9606
9812
7518
1898
3865
8260
844
8532
5500
1242
3378
4720
9867
5436
5414
6113
7476
2066
8024
3009
7556
8437
3724
1070
3837
3638
8117
7885
9839
2166
1041
5999
5580
1236
3543
6487
4502
4911
2202
1719
9167
7343
8312
8869
692
8524
6713
9454
8049
6064
5103
9939
9525
8034
5310
6811
4892
2392
5125
2100
8346
1780
2033
4384
6656
4290
644
6962
719
5941
8173
9480
8024
5381
4823
1748
3009
566
471
1983
2266
6234
4452
5884
4900
548
1432
4624
9490
9625
3796
6950
6803
9618
9390
514
3267
3183
8158
8945
3799
8044
4208
7659
7433
5585
4645
7639
5355
1623
5632
5392
8312
7764
9997
6200
9966
7628
6090
7174
6203
6260
7524
1864
7498
5298
8071
4210
803
8546
2122
6954
584
9841
9336
2309
7703
8825
7523
6912
1796
1438
2029
1791
4768
2366
3071
1374
2697
7604
2869
1860
5366
5131
6916
7444
3804
2789
8291
4813
8791
9497
8039
2465
5381
843
3059
7837
8570
9571
8660
9547
534
6665
2054
3000
7774
2149
4372
6800
6151
3074
2459
9295
4628
3263
8871
3877
398
4671
4942
7466
9861
4312
5041
5518
92
2151
5296
1975
3382
4142
4487
2189
6874
405
572
6130
5244
7621
1982
9640
7776
7149
3293
7691
6963
3189
1662
9993
5557
9500
1990
6313
1219
7367
3989
2750
3091
2514
8737
8563
3377
5981
4588
4553
6161
3159
7124
1356
3107
7083
1507
9876
7631
4459
1913
5487
1343
5449
1993
3062
6909
9592
1357
5487
9189
9215
5836
6595
9990
6163
4910
8571
8714
5558
259
2026
4708
7952
8426
6666
1767
326
5230
7843
8057
2131
5402
1166
6145
1893
1705
918
6761
4047
6542
5008
4175
914
6639
2317
7521
4737
1719
9221
3553
9217
3940
3859
7867
2282
9440
3307
6183
6590
8018
6935
3323
614
8323
7886
217
4699
8340
2809
1221
4992
1629
7174
6747
6998
4404
3015
9990
6980
2234
2373
2360
1327
691
9230
8123
1750
3186
9667
8805
8061
8071
490
9802
7352
8542
5292
2979
340
3302
3510
4445
5815
4140
2118
9273
8807
481
2959
3349
6684
9599
8011
6093
8927
1106
173
6408
8446
7684
1353
190
6141
5341
2432
8172
8432
952
1145
2712
5571
9157
5619
4777
4746
9714
3130
1674
3571
5682
3575
289
8938
8715
5615
4017
2896
7340
14
3331
2694
5408
6850
2423
4684
2531
9309
6111
1559
382
5899
9776
6205
583
4811
4062
5957
6990
6517
3859
7658
1765
8959
3356
2635
3494
7404
4232
1742
8020
5781
2856
7718
1025
1846
7327
3325
5222
4137
793
1663
7908
3089
9538
748
8192
9007
7630
8670
174
6526
5778
2887
7604
2235
8647
1503
8949
8304
5292
5082
5262
2058
5390
8445
1723
6384
8190
3851
1834
2362
486
3683
6567
3928
7043
538
6406
9131
8592
4791
4708
3042
4822
2665
797
9994
9974
7248
7268
8818
8750
8488
4915
3601
4477
1560
466
5813
8403
8522
7570
6473
9444
5025
1787
5959
9183
2980
5091
2971
1725
1138
4426
4973
9855
701
4664
2575
3435
1627
4160
6821
2859
5333
2438
275
7936
624
4816
4857
1506
344
1590
2821
3987
5671
8204
7958
8991
8068
8483
9119
4154
3608
4815
2324
226
9627
7746
2306
3331
7755
7909
4971
7759
3218
2081
9885
6542
8758
8089
3971
1764
2982
9267
7659
233
2391
2149
3366
607
7812
1927
1548
3917
8972
3948
7359
257
4134
8103
1291
7923
3147
1024
6487
6697
6615
7787
1337
8347
6642
932
2207
3638
1063
8060
7466
4083
2313
80
876
5569
2340
1480
1971
3643
4835
5867
4197
4143
3203
9883
7675
160
9936
7723
7233
1679
1803
5042
4533
9608
5822
4274
9743
636
3383
1546
7873
4073
8135
7514
2164
8097
5153
4726
3412
9938
9415
3100
6459
9426
2766
6956
3816
5817
885
8125
6562
212
7227
5968
405
9770
5345
5318
1186
6196
805
4922
683
4911
7438
9882
2062
6968
5438
5981
3807
6176
8990
1582
1597
6098
2504
4480
7105
6010
2831
2403
960
4817
8985
1285
3948
3912
2895
9238
7408
5324
5895
8698
3639
9222
3154
171
6102
1678
1716
6168
5326
2918
4688
7410
4883
5582
3265
8622
9049
6357
9297
1539
2824
4703
8625
6254
5682
7227
4431
4852
615
2274
2213
6392
7108
8933
1218
5225
2399
8733
4655
6079
1283
4975
5160
2990
2445
9889
4569
9673
7510
7147
6332
1039
1725
3054
4875
3325
7773
389
2825
4482
6113
7612
4460
7801
608
1844
1744
4262
7904
883
4864
7620
5477
9602
5406
1094
412
3543
1409
8245
8177
9357
214
7567
4665
4413
1227
6343
6735
6592
9730
5688
5014
838
2030
6532
2064
5054
2750
170
1434
8503
1273
6490
6071
1816
349
1746
3116
8144
9954
4376
8254
7501
9598
6487
8394
1978
9584
1997
902
5790
7931
645
998
2927
9810
9042
1672
9721
5671
1861
7017
3246
997
2773
5068
261
7848
536
6590
9237
9236
1024
4813
1151
9810
2651
8534
4518
8670
2526
5953
6965
588
1942
8407
5770
9547
2920
9940
3774
6743
6764
2358
3944
2807
6587
7143
4323
4730
2921
3834
2376
297
8640
2656
2993
3247
9032
2055
223
2681
421
2957
8979
5269
7974
2781
9689
6436
8692
4678
8436
7785
1569
3360
3118
9910
2432
5365
3266
4468
795
8033
4239
6470
8988
9251
3137
281
5528
7936
9543
2769
3318
294
9009
1821
3766
4237
3679
4623
2623
9352
7623
5318
9171
9287
2734
7220
7678
5954
3485
5063
7927
6202
3564
9216
9399
6647
134
6478
4721
6167
89
5805
5368
5299
9605
7888
9359
7108
7731
1964
3981
1879
5180
6962
6355
4432
495
8109
3776
4433
9146
332
4351
6891
3313
908
8987
6381
3
6207
2638
9332
3679
2437
1624
1416
1452
8790
5434
4934
8787
9353
8524
2276
8133
9248
9181
509
4872
1875
269
9747
6661
6841
5632
3502
5288
7180
7921
2239
8035
438
9580
3913
105
6062
8507
6604
957
3234
2956
5346
3964
2610
4149
5653
7404
1015
7256
2087
9234
6159
5978
1032
3933
9759
9054
3187
4009
8945
4998
4363
8612
456
8091
4300
588
8250
9257
7251
8401
3300
5495
4331
6440
9693
1168
8989
520
1359
8187
8374
6129
9044
6573
1638
4938
4227
3057
2125
6158
2100
220
4751
5755
8737
958
345
7576
6223
2225
2999
6157
5432
7897
5970
463
3547
6813
2113
1232
9455
1998
3677
7264
8937
1885
1561
548
8359
6949
3433
957
9430
5770
5751
3511
1248
3952
3986
3528
2465
7631
8941
6850
4727
2434
5167
1937
4642
7219
5507
5635
1693
9621
5289
1731
9389
1235
468
2440
681
2616
4287
1922
2987
9946
3057
3601
9270
4227
8104
5105
9875
5468
6472
7532
5050
1675
9796
2716
2007
8611
8955
7000
5275
3119
3475
6297
9954
3770
2442
3686
7288
3043
3371
9056
2806
7771
6667
3330
3263
4723
4660
175
7253
3755
9607
1457
4292
5845
3394
4376
5533
2958
7213
8361
8117
2655
3090
6627
1560
4639
6844
9303
3250
9111
4097
2794
2724
1257
8244
115
9055
5071
3760
2616
3328
1262
1340
9025
4494
7954
9503
5477
9752
4228
2862
813
3646
6120
6031
5777
6788
7506
9284
5219
9496
635
3601
5738
1178
2536
183
8770
142
3731
7624
58
7129
7489
9560
9273
2903
4738
8515
1435
9787
444
6318
8739
4623
2604
5339
2319
9864
8942
9618
1665
2774
1288
7292
1946
9700
4225
5681
2702
9445
2441
9775
3481
3433
7884
5617
8667
5085
6310
9445
4162
778
5551
1499
6423
3443
7209
703
2145
2067
6099
6620
972
3929
8173
9091
5103
4688
3731
2307
7462
4750
6733
8210
3409
1819
1069
2930
9016
9929
5531
8766
2402
2724
6358
3724
9931
7892
1559
6028
9139
873
2788
4942
7840
6934
2019
8670
5264
8727
1361
8937
1565
3440
9843
1334
2748
1258
5466
7081
1798
3574
6270
150
6773
6728
4949
5229
713
6717
9053
2949
6443
2225
4316
4794
8851
1311
4095
3647
616
4404
3636
5360
6136
727
6392
9014
9086
7799
5049
4883
3107
589
1727
444
2370
7576
3701
7155
6484
4499
7686
4637
9371
9231
7218
8997
2339
3039
4998
1672
1256
3080
7126
8400
2181
4965
5142
1392
7068
6084
7148
4600
4123
9374
4989
1179
3803
4352
3194
9790
409
2009
7226
3554
1374
9479
8974
3241
9116
8146
944
7825
6387
2995
2035
3850
2866
6085
6944
7397
7177
5153
6821
8131
3603
5031
9205
7805
2327
1739
5942
3707
4723
6905
5820
4073
8147
5006
9975
6198
3763
6498
149
8776
2838
2752
4596
7710
471
3101
8468
16
8358
1556
5181
7715
2158
4036
3489
1682
8365
2141
7348
5150
9145
1039
5630
1735
2208
6260
9125
9796
8162
2049
3097
385
3308
6331
9472
5803
2212
2413
5022
2882
6708
9009
2287
2907
4357
3348
9677
4117
9458
3025
321
3316
4478
6039
8374
6961
772
5892
2416
8302
4099
2668
962
589
1392
2001
8194
9347
4092
6996
8307
8431
9837
1314
7315
2930
9833
7197
4794
8992
1917
4142
5616
1179
1398
6397
1907
5084
8863
5234
1832
7293
2101
4824
964
8703
1351
3336
5304
1136
1616
7110
9759
7974
7401
1375
5537
6114
6153
9930
1886
1174
7419
3247
755
7282
9815
8715
6389
1917
139
5910
9398
1444
2010
3128
2042
4379
8689
8494
7976
5920
1480
3597
9944
4667
3782
1734
4731
7601
6986
7719
7529
5604
199
3752
1810
3674
5782
4587
4734
2038
9629
6847
33
1365
2429
5906
648
9820
786
8672
3171
4623
5690
8262
3987
843
295
3899
511
9672
8883
4826
5641
9945
1918
8487
3823
7504
3892
2957
8550
3363
713
3761
2601
4909
8708
117
9589
8618
1001
7234
3166
7473
8093
183
7837
7653
1475
1852
4955
145
2763
6704
1601
5301
4395
8405
7664
7255
2019
3502
6866
8165
6730
7999
1152
6266
1238
8059
2967
2352
3099
9417
9911
6109
5735
4006
1869
7994
3123
1782
9567
2057
5507
3105
2722
5781
1519
5782
9648
1101
8397
4298
228
8057
8444
4791
4855
6986
9950
2252
1630
4461
1214
2307
8265
6139
6463
8732
6367
2228
7018
3885
6296
4779
7181
768
4180
8694
1194
8265
6906
2966
2538
5018
2795
1972
3090
5673
8221
6404
1277
1322
5461
5911
5669
610
7340
9196
7050
377
4685
4488
6525
4549
8369
6652
1864
2322
91
1199
5054
3590
1803
8546
4957
357
38
8656
3201
1312
7699
1422
8954
1815
1041
7755
691
5066
2821
5015
3187
7843
8762
3413
7884
1929
8573
9568
7431
4990
5417
608
3689
1749
6914
5255
7259
4590
4379
8409
6367
3461
6925
3765
3577
5228
4160
187
285
5900
7803
7564
9355
3243
6927
1056
2229
6584
5871
718
3884
2875
7834
827
1405
4763
5214
3371
4635
4090
8265
121
1181
6680
4017
5523
4926
3325
1822
4002
6067
3476
111
7125
4506
5577
3120
4443
7243
5428
3612
5848
7678
9750
6
4581
4607
5899
8896
8757
4039
4698
2290
5217
5989
6605
4892
9132
4567
5791
5694
1455
8453
1906
4197
5848
7114
1999
7921
5437
3277
4623
7161
2827
7114
1817
6887
2402
7892
1617
1759
2445
5061
8808
8950
4425
4267
3916
8969
3255
9107
672
3836
252
9802
1800
9538
258
8304
3526
6970
4882
4578
3500
4401
7204
3805
6712
4015
256
9554
4412
299
5610
1957
6922
5690
977
6891
8574
4693
6744
2073
6229
4455
6165
4893
639
903
5220
2754
5273
7790
6897
7511
8084
9581
691
7033
9017
1845
2227
7698
362
3877
4234
2372
6740
6871
4445
9914
6945
8256
6533
8982
7448
2123
2975
6474
469
1641
6408
4166
6429
7863
4290
672
585
1858
1306
7975
2581
543
307
4829
6850
8650
6321
5784
2724
6461
9728
2702
1805
5922
2987
8833
442
2898
7947
9965
5279
7089
3600
1330
9503
3962
2225
2563
7194
9761
8191
2990
5199
5393
1000
9909
1363
1887
4400
5684
5215
6610
7568
9959
2574
8230
2911
2204
8136
1019
9526
4106
3435
6981
2523
1759
3683
5484
2344
1925
8888
6809
212
2884
478
1863
7240
8869
108
9289
1157
51
6549
4568
6091
4676
1205
5284
6038
1126
3188
9572
9348
7921
5933
391
8068
3901
8249
5530
4046
2215
2309
5839
6534
1595
1964
1305
3837
4348
4689
7968
848
5095
2631
9411
4029
4397
6164
5523
4296
4120
5548
8540
642
8644
8466
5729
4382
8383
4867
9960
2612
22
19
4201
2645
1647
7879
5109
6679
1877
6776
4828
6095
7362
9572
5711
6167
6941
5687
7354
9639
4394
5199
9550
1490
7809
7559
1780
9797
435
9628
8145
5418
4363
6238
6677
6156
7410
4393
4981
9156
6303
253
5507
1224
8543
4661
2506
2096
7291
7624
8910
3975
368
7255
646
4467
7347
7339
4021
7253
8833
5280
968
6524
6606
5567
2336
5143
6887
6832
8401
9364
1215
6089
3538
7458
7702
6304
104
5593
2007
1921
2066
9526
5822
1362
7720
1622
1822
7548
6932
5549
3790
5246
1010
6470
9427
6708
4858
2804
9896
1895
4084
4600
6265
1439
4619
8738
5084
9911
1479
9627
170
4743
4609
5915
9155
3507
5064
8985
3999
820
9167
8438
6328
42
838
7237
937
5571
2111
5033
6040
8951
936
5377
8094
7829
9983
4283
6850
1310
3305
7051
4949
3685
8078
2490
7699
7793
2588
2258
7825
8761
4115
4614
2616
4757
6004
672
6396
3706
7288
3338
5675
283
9249
9321
2979
147
7228
2518
1930
1894
5644
3039
4380
5445
4875
2590
9376
2410
2805
8653
6646
4344
4361
8475
5803
6201
75
4803
565
1503
6261
301
4289
154
6974
287
5717
650
2348
1974
9077
6881
1172
9549
2322
9774
6886
8157
9762
5290
2387
2056
1202
3105
5674
4667
4240
6114
7053
7260
3133
809
1926
1210
7995
147
6988
5674
5028
3683
9583
7288
9549
2304
7505
1075
7143
1305
7892
4652
6808
2298
6087
5365
9214
8462
9716
612
7214
1120
3641
6281
8219
1090
4984
7485
6257
2486
7020
7100
4549
5930
8331
2429
364
2137
9303
1797
1943
7243
111
6768
3838
6465
9800
1125
9325
1200
9093
8868
8757
6178
5208
7055
4377
3383
1447
5290
2082
1552
5911
8938
4155
3759
9726
7927
7615
8796
3422
5356
7303
6469
9515
1758
1625
9224
5171
1870
2129
8981
9768
7799
6222
109
1112
8094
8018
4645
4535
9442
977
5981
3921
4307
4495
9035
8173
2057
6680
8435
7949
2183
9090
4288
9887
921
3168
5221
9964
7021
1184
7419
9136
4749
1543
4991
5524
6115
5683
2149
5174
2949
4005
6690
374
5976
7882
320
3390
6311
7272
6524
252
3969
8629
6585
4097
6689
58
5353
5623
7848
5448
1911
2129
371
9363
9608
2461
9847
3750
1231
2616
1664
5960
7293
8471
985
9132
4496
316
2498
9645
7995
2325
9268
2496
4236
6651
9176
8472
6127
5866
196
1926
3412
6872
3044
7111
4287
201
8354
3864
56
801
1799
1094
8454
5791
1693
3709
7955
8129
1548
3199
837
8969
334
2781
1727
877
9966
6742
7647
9708
3131
8548
2328
7737
9041
4701
2599
4240
3575
70
449
746
7922
9500
7399
4971
7314
4380
8741
1311
1661
8006
8477
9717
2729
2834
2263
2694
5828
3312
8057
4952
9607
2983
2843
909
5392
2634
4801
3926
9755
470
2401
5005
5614
3470
3313
1852
3511
1763
9201
8865
631
6247
2365
1203
2080
4171
1395
6896
8946
1343
4198
8961
628
4454
1249
1696
713
4276
208
6930
9949
4141
3182
3066
8029
1654
4586
4620
5388
1327
6761
9387
3622
5355
2229
2579
405
3622
1916
1523
6362
6553
7698
8546
8409
3216
2978
5363
815
1245
7060
9987
2817
9595
4877
7161
4991
8422
5645
5736
235
1797
1977
7303
7928
2247
182
9561
4228
7723
910
7549
2336
8591
1805
8959
7629
2309
6850
3184
3789
7368
3025
9943
5667
1088
4495
9788
1616
7721
4770
1998
2155
8471
5999
2562
9561
8580
5500
1326
7519
6506
3610
5268
4808
7020
9459
3548
56
8671
156
656
966
4771
448
8247
3161
6314
4156
2209
527
1475
9541
3087
9691
656
2260
7027
7787
8679
451
6289
5545
6573
5465
575
4246
5042
9815
891
7506
261
4634
6811
1914
3163
8526
5536
1174
5871
4737
5482
3709
4315
6008
4610
540
4601
9499
620
8168
3333
3013
6232
9698
4190
8338
782
5274
7659
141
5097
5303
1126
6756
5407
6067
6013
4506
1284
2933
6146
7830
4560
9575
7518
6911
1936
4752
9251
1949
3230
7120
9902
7202
1760
5038
2046
1728
1794
3176
8090
4861
155
7549
341
573
8173
220
8019
8221
2835
6872
1786
5083
1344
9024
3428
5696
4454
5870
3305
3533
6623
207
2946
3230
6377
7193
3944
7796
5677
6129
2496
558
2558
3362
1951
5811
8558
8098
1871
8202
2958
2667
2887
7615
154
2382
126
2877
305
1284
7836
767
868
3621
7261
7423
6360
3939
1338
1070
5464
2742
2564
8764
7983
1928
1643
1803
2015
6754
3920
6908
5165
1218
9587
302
3648
6002
5454
6055
7395
6273
1152
7905
5643
2949
844
3209
888
9097
2168
4399
4111
8170
3174
9934
1829
1271
7048
1857
5011
5236
8378
3502
3424
3436
7021
1163
1173
5610
2712
7706
65
5441
3131
3986
569
804
5218
3811
8379
659
1595
4798
8452
4823
9150
6535
5655
6432
1867
3634
4604
8536
5506
938
3887
1437
7652
3381
3705
5044
1688
9330
2399
4675
5401
8002
7378
6550
9252
6873
5214
6325
8282
166
1046
9119
3308
2078
2767
797
9506
7200
2806
1373
2840
9396
8206
3608
1003
3962
7020
9506
1626
8162
2672
2970
5285
8413
6354
2350
5078
6623
4390
3669
2618
2416
9915
8096
9579
3692
2081
6084
194
8329
6667
6784
4961
3859
4290
3507
8007
8507
1031
8395
2916
4443
6652
7192
3012
2831
2384
384
1420
4778
6542
2351
6359
6523
8894
2498
8254
4233
6037
4152
5939
997
2141
2803
8519
3233
6260
4973
999
2444
3637
6042
5945
7468
2614
9366
5703
6409
9594
1119
748
5711
2889
1709
8989
4002
5739
9389
7464
3147
3846
2632
2254
3670
9754
2516
5439
9964
1609
7819
1123
7345
6837
5481
1004
1649
8832
4858
1216
7192
6012
9427
2596
6436
2617
2965
2635
9228
8462
4651
2656
4535
2071
4035
2692
4181
2534
2380
508
4135
5290
1676
7845
8764
6258
2056
4606
4119
6681
1994
1446
3486
5667
1422
9619
5502
7893
5875
2746
6341
1465
1514
396
7229
9909
2674
9187
5616
9445
8474
2150
2102
6794
1732
1960
9646
9943
2637
5928
6522
2720
2617
6420
6661
1638
1449
6015
7117
1628
6035
8592
7664
5144
6314
908
670
3052
2842
6954
7131
5250
3216
7045
7814
7380
8136
8674
2443
446
1364
8507
8786
411
6410
4112
2560
593
6855
5091
5642
7692
7751
3490
8808
4671
2080
1467
8847
1608
6918
327
6935
7736
1141
594
8385
8925
8498
8399
8751
1757
5610
2832
173
2778
517
9370
5594
495
2781
3388
5461
4181
9060
9974
1549
6151
9586
3340
3806
2836
1647
7329
5175
3244
5077
3273
4299
6435
4160
5967
7147
3107
2247
689
4068
153
1410
2219
5261
5585
9031
6687
1319
8895
6193
3683
3085
1782
5535
7353
1072
2658
1680
912
8690
983
5741
3247
5875
2898
8788
6626
7989
8966
992
6975
3607
5295
8562
6178
2603
9675
7555
7118
5677
2980
7455
3997
7264
8538
3424
5532
991
5171
8711
1885
8696
328
9659
6216
9333
5738
7071
4834
5394
9613
9328
4599
6157
5773
4086
2520
1684
3707
1908
6799
1747
4658
6219
3830
4831
9436
1222
3547
889
5666
8592
4749
3312
3168
6452
3688
7866
2246
7697
2035
2104
7478
2935
7140
1050
1405
3387
9119
3495
6984
1435
8243
1663
7403
9395
1417
7147
7334
9436
3385
6942
1437
9319
8122
4956
7116
6812
1262
8545
1419
2432
1879
2483
9433
1336
7197
4232
3783
713
9714
6418
446
1981
3005
5025
2608
3058
3344
5946
2940
5349
8904
7367
9222
3437
8984
4158
725
956
9742
692
6246
5652
2265
2212
5778
6879
4611
6829
7035
3173
9779
72
3971
5185
656
2401
7353
3526
877
3871
9026
8595
3635
8604
6482
9874
4996
9829
6597
2674
7448
8863
8587
8892
6829
7569
2177
9004
7903
5711
8975
9065
4797
417
7343
157
1071
9688
2126
4809
3830
6676
7825
8598
8901
6533
2591
6986
1971
3959
6539
6748
8308
4517
8721
6177
3826
5845
4334
5267
9463
7163
658
3888
1757
8550
1411
4246
9448
6445
5651
764
9696
4142
6028
3952
5122
6584
2180
4513
9462
699
8725
8268
7802
4511
9652
9667
1869
1391
7292
5917
3914
3900
5094
7601
4260
9683
3953
2844
2498
4600
1075
8808
6680
7329
3721
5092
1658
2123
5048
3579
5668
5675
3163
8619
6075
683
7220
9065
5771
1086
3359
8254
7574
7899
2850
7037
4479
3612
4490
1044
207
9791
6605
9751
3247
9726
4514
8335
5186
2451
5384
6878
4453
1413
1531
2503
3685
5536
6669
4304
3340
7454
7422
2786
488
9326
1899
3910
9877
5991
2023
6161
921
2320
3768
4785
1457
6079
9920
129
1090
7470
346
6299
2402
9490
2023
7012
6261
7784
4574
8696
5830
8650
5121
2447
447
210
9161
7710
224
3674
3651
9360
7108
1436
8411
2831
3968
3224
333
6747
8567
3092
137
3053
8041
9548
1776
157
3276
5448
7511
4033
3566
8938
8557
4698
9422
6575
8254
2438
623
618
372
2337
6054
7713
9851
3743
5393
2718
1469
4205
9077
7323
8810
3339
2146
4068
7554
9828
1192
5384
2707
9732
1330
7818
4798
6154
8536
7183
8315
7222
8656
7303
8867
183
2163
1093
7264
240
3554
8561
9670
8608
5861
4342
5579
9454
8017
9574
4239
4646
2856
6501
3828
9523
6773
9143
6065
5985
438
705
1390
4770
2071
7044
8481
748
5808
9228
8742
5233
2554
360
7885
6636
4443
8196
1967
2469
2015
9514
2602
1708
3773
9994
2337
7655
1389
7158
5560
2745
9354
29
6120
8150
3862
1245
8486
6654
8418
1609
8275
9941
7796
4409
9260
5757
993
7149
2873
4850
9687
4335
1647
6803
109
4169
3472
6372
7080
6504
806
4993
6690
5176
6044
241
4114
9109
6368
6799
3914
609
8478
4482
8739
7425
8608
4749
952
9464
4273
936
7841
6823
9448
3156
8997
7527
7011
4188
6893
851
9609
9495
3721
6114
3144
9291
3591
2906
7561
1241
4436
6738
7373
8939
5079
7076
5814
5091
3141
5853
1366
6501
2835
7586
3255
5662
7421
6281
850
2538
220
6081
6420
1687
1603
6021
7674
8295
9506
5539
4179
1305
6137
4239
7221
8421
9776
2762
1918
8726
3806
5106
606
4974
5931
1101
6730
8735
8834
8512
6620
3892
9305
4678
2450
4478
6332
123
938
7840
3633
2144
2264
1657
2735
7919
6570
5383
9295
8461
7507
9082
7591
8021
5017
657
1315
2575
7095
6455
3835
854
5398
8635
8218
8773
3989
3899
1385
5089
2521
5189
4895
1891
2101
6042
4371
8070
9790
2513
2963
6799
1222
2604
2880
3969
1058
7052
3795
8615
4135
2592
348
3914
933
8652
7216
4059
2532
3246
5685
7901
1052
9896
8469
4354
7464
3467
4423
842
3870
1031
6514
5551
4537
1491
2828
3309
580
2309
8623
5515
6208
16
1305
449
982
8198
4709
8542
2772
2796
2418
7551
9669
4461
5241
3802
9417
4083
5314
6258
2941
4538
6443
7316
5673
4774
2639
7547
1425
3606
2996
5410
2458
1425
2615
3282
9404
2465
6144
9104
2888
5409
1182
7359
3507
2447
4384
5647
6082
2334
8242
9962
8105
6066
9483
6529
3356
8503
2203
6954
5613
8860
5305
8655
1604
6677
6806
395
6686
5509
747
7516
9994
4888
6167
8416
5017
5705
4283
2072
8303
1190
4891
1611
6276
4890
4395
423
1369
7643
5701
5418
1021
8987
9445
8076
2237
6690
7563
2971
2070
4832
4598
1449
5796
5992
210
1179
6634
6472
4152
7470
8496
4179
6528
3743
1251
2082
419
9773
8807
9046
1472
6895
8580
81
793
1950
1487
3308
8676
4174
8927
8265
7117
6483
9914
9044
5224
8791
6114
1541
2458
2800
1176
1244
883
9569
5114
4858
6393
7492
4037
8892
4082
3245
6162
7194
220
380
4660
3463
7190
8654
4583
6621
1135
5485
7583
7938
3259
5198
3151
4965
3095
7109
1339
4478
8038
2592
5843
9038
6373
9139
9847
2918
5195
1337
8350
6446
1239
6322
3132
9134
4786
4250
5062
339
4499
4438
8807
5438
5462
4189
8980
9134
8082
850
9645
7579
6899
1177
9405
5719
7795
875
8776
2401
9381
7859
6363
2039
5778
6610
8241
8286
9746
5907
7320
215
6045
813
9381
6559
5759
8017
1664
1218
4619
9135
4211
8867
5789
8295
3365
3492
4881
2599
9870
8562
4556
6412
4215
2313
3861
4310
3388
6049
5876
1613
5465
7648
7868
6716
6000
1260
247
426
8046
5174
4350
4969
6278
8075
1984
6381
9410
4526
5394
1005
1425
8049
4610
5096
5190
1002
7540
4965
4663
3145
7567
634
2306
1539
5351
697
732
2656
1227
968
166
7377
2524
3189
4294
4285
4752
87
6203
7091
2410
6988
5823
8619
4944
12
3487
1217
3732
3435
3299
3351
9379
2916
5234
418
3455
1038
8058
6875
2519
9962
9388
4463
3818
1673
5629
5300
1637
9700
974
3487
8800
8274
5689
7080
6347
1477
145
6130
4098
9160
3436
8344
8111
9146
6884
9256
2887
754
6687
8358
4073
811
4760
3691
8128
372
761
8990
2378
7235
9021
2996
1166
6313
3688
3912
4667
4208
3516
9172
2952
6882
702
493
5922
1219
4315
7683
9737
3244
9011
5327
466
3101
7871
477
8689
5709
8808
3926
1111
6434
6528
3077
1587
2142
4539
2241
4175
4096
9032
1897
3420
1225
5413
9350
4311
7687
5968
8550
6286
3489
3986
1930
1298
3390
5366
3642
6687
991
643
8444
4347
8965
2252
2105
7289
89
2675
2770
8810
4330
1744
5983
3511
4594
6373
3341
6053
2722
3302
5059
156
1617
3382
5966
2125
8195
9472
241
9078
5895
1221
6484
5357
1838
8219
1575
5499
5493
249
4642
2328
1144
8715
2851
1635
4019
7440
2988
5757
8629
2207
5562
885
9230
2619
1122
3991
5256
6722
4323
7562
6142
1605
930
1640
2370
7789
4526
3863
6390
1126
8461
5679
8625
4079
4045
4226
6725
8267
142
5119
8254
3000
2792
1247
5354
8153
7705
9734
6795
3872
5850
5867
624
9653
893
8617
1162
9377
6447
9651
2307
2163
8889
4217
1534
6790
5317
8995
8637
7622
2839
4994
6853
824
8188
6312
970
7499
3915
4809
763
4488
10
6338
791
1221
7485
4635
3578
7772
3577
4919
9871
4292
4832
4502
606
479
7377
8159
488
5962
5650
3516
6741
5924
3700
5155
276
1805
1420
1620
1964
6523
3614
3702
7336
8025
1632
2317
5617
8857
4739
1244
1046
7781
6156
2383
7964
8593
8597
5280
9423
1250
8403
9459
6785
4436
2245
7150
3135
4570
3506
3452
1544
1008
2319
219
2019
6391
2923
8126
360
5436
1776
7099
7047
8998
7074
2618
7839
4264
1401
9753
6777
2564
7062
7548
8124
1716
6167
9697
1035
1173
2715
6815
5690
4417
5245
6219
2559
4251
3875
3038
6430
9892
3977
9426
2821
2279
7996
5572
6703
9671
9621
8905
7427
3992
8170
2842
9477
7550
4410
5829
574
7819
8645
3572
3025
5175
4255
2024
886
1539
4047
3994
9755
1752
6464
706
4557
9128
2035
9959
3116
7935
5860
3188
15
9634
9654
4278
2317
4078
9409
0
9100
8130
8862
3487
64
2428
8509
1446
7444
9970
197
8530
3036
4444
7438
7930
8361
5954
6109
3774
2615
7542
4298
633
4026
7625
7264
9034
5078
4481
4679
5957
3196
7015
7116
2614
9878
1349
872
5295
2170
4802
8674
7225
5650
1030
2614
3037
2033
4437
2296
6252
1940
4029
2888
2333
5599
701
1362
5372
1298
8320
5747
2220
9180
6685
8036
1617
9069
5821
3599
4953
2428
9920
7280
6734
4137
7901
941
7999
2527
5586
5955
992
6589
8744
8842
5722
6791
9977
3843
662
8057
5006
3025
1095
7300
9398
7660
92
8371
2794
2759
1852
1879
5709
5975
1663
4999
3867
6494
5305
2197
9447
68
5168
6922
4824
8983
8028
1201
6459
8685
8617
6628
9179
4168
6291
1899
180
5957
8864
6361
6508
7464
4637
2306
9379
7035
8054
9151
3486
8400
5470
6619
7745
7126
3652
8425
7591
6546
94
9074
1884
7246
5064
6013
959
5149
2815
4735
5542
1746
3279
4317
8466
1083
4802
9156
1895
4058
6203
8987
310
8488
6830
7987
9433
8364
4223
8881
771
9401
5907
7188
8737
7017
8
9100
8623
9561
2712
8785
7769
8926
7779
3251
8066
2065
1665
8882
4205
9755
5404
3834
7204
2636
5594
4755
3852
4336
6919
2738
9342
5013
8536
4590
4904
3899
7350
5916
5517
3993
2608
1840
2515
7636
484
4239
5493
4066
8782
1796
6893
2173
5464
4090
238
6982
2787
4286
1225
1140
3382
5869
1297
1028
3091
2424
1013
970
6640
2454
8038
2661
842
243
4762
8027
6521
3418
419
1923
2268
8516
2590
4722
4140
6644
4954
4057
158
4054
5048
915
127
7005
7964
9295
6672
128
2663
3782
1568
2729
8227
2264
8400
1862
3439
3172
41
2352
4527
1952
8545
6011
5038
1004
4722
8118
2343
9181
3851
6101
9155
7468
2772
20
1501
2509
832
5869
2908
9274
5589
5900
4166
5078
2575
5330
7937
1749
9036
7340
4562
4509
4744
7088
6447
5861
3421
9278
2134
5395
3760
3068
787
3048
7514
7597
4655
5983
8936
2718
4333
1659
4928
9628
4280
7477
8411
1332
3638
859
9604
7626
9761
9088
1211
5311
9684
3289
7359
7972
8969
1183
5022
3723
7782
9077
4425
6182
640
5025
2663
8437
4047
2862
9061
9268
8801
1659
4460
9586
119
421
8943
7468
3983
9699
2379
2376
8211
6017
2361
2539
6703
7277
306
1823
1693
2377
5323
2495
8910
7393
1908
9961
1130
5063
4668
8860
2447
5465
7615
5630
818
5077
7116
3784
4562
6927
4106
4124
5396
529
4663
5875
3540
8847
6812
2644
4176
490
8928
2497
4375
2781
587
9676
2579
1825
2301
60
2352
50
8275
6559
4391
6722
2642
2036
7494
5141
5906
2536
7124
5534
6067
5515
9409
7191
3281
9148
9650
4789
9777
6225
6073
3717
781
1825
1931
5912
1433
8725
7524
2457
8636
8306
6995
566
1249
2091
4875
8521
1767
1090
190
5014
9484
8484
7918
9463
1530
6112
8831
851
4599
8830
1800
9861
5048
3353
3018
3188
6555
7741
9137
3119
8825
9126
2986
3945
4480
494
4057
8763
8874
3370
1001
2273
9749
2355
4592
8151
5959
1712
5101
9163
5422
4658
9768
3196
3600
7940
7965
9782
1852
1005
3043
2673
5075
3773
6572
7168
3767
4617
3987
7542
9250
790
7462
91
8030
3694
5355
3938
8026
5711
6041
1063
5186
7556
6387
5808
5702
1645
9240
4035
7588
9826
5615
3251
7535
168
9135
8814
306
6334
6986
6020
6054
162
5129
6305
5963
9116
7989
968
410
1394
3338
1362
6089
9991
9062
8262
3157
6273
6593
6413
33
827
4934
4867
1584
4393
2454
6387
7026
842
9207
2573
6569
2173
5947
2468
619
680
8705
3434
8698
983
7850
9942
9197
285
3361
4943
1830
3832
9583
5034
3401
9843
3356
9306
8653
7610
6061
7263
1572
4599
7788
1692
3701
2576
6417
6051
9106
7380
594
5055
7980
3537
8865
7641
4167
1159
3871
9472
5966
928
6546
2090
2600
1764
4349
8232
1842
6345
8954
8872
773
4749
1352
6580
9170
2875
6054
3946
3595
9030
5042
7320
5390
9263
1914
4938
1390
2158
8416
5992
1381
1703
4952
1251
9540
7594
3698
1841
8259
5794
5348
4079
4889
1560
6213
7440
2457
9873
3292
4999
740
3143
504
2039
3665
7452
3299
356
6838
110
860
169
1004
9844
9187
5474
839
216
5527
8281
9335
8666
5634
316
3525
1825
4632
8443
413
2028
8968
3516
4255
9135
1643
140
3978
2665
639
5735
4445
947
1507
2347
9316
4192
4869
4527
4859
7543
2587
4730
8209
519
9175
7648
1724
2254
5731
7404
7305
8249
4153
9863
4663
193
676
5671
430
6037
2131
5717
6193
4988
2905
7610
7270
4797
727
5491
7095
5022
7398
3481
8476
5403
9680
6172
1342
5155
8240
9011
9708
1043
2543
9598
3440
8998
7414
4271
6404
1317
373
9361
4395
1318
3978
4721
4863
4101
2628
7825
185
8912
9148
5433
8663
6548
2372
7611
3169
8724
8284
827
9589
6144
1809
1073
1378
1671
675
741
4416
95
5264
617
3636
7363
4873
5252
68
4347
8440
2727
3823
4964
3910
5371
8592
8825
2841
9155
4396
2055
4868
4252
5270
5150
2463
1668
9185
1036
1740
5081
3804
857
3758
98
3790
2198
3880
1461
8014
1297
538
5602
4049
7167
3503
9268
4890
5062
4608
8946
4483
8511
1870
9648
3088
6192
1968
3107
6631
8293
6191
1955
7083
5444
6026
9605
8849
4818
6600
8024
6616
7010
8633
5546
2814
4652
3383
392
5746
5814
9824
1923
307
4640
1580
2539
435
5974
9867
1689
841
2085
271
3387
3597
836
2493
3625
9192
4644
6922
5307
9566
3199
5727
5614
8369
5250
1932
3836
3808
6534
8814
4927
9003
4417
3086
326
3934
432
6396
4959
6894
7915
5557
5670
1281
8393
5084
4756
8910
451
9660
9973
7277
9295
496
9469
6992
7382
5058
5731
2733
3983
1128
8963
2450
405
750
1376
2832
3417
1326
9432
3378
884
7350
7972
694
9556
1158
1241
1013
6351
2728
2523
304
193
9405
3156
8571
5716
6164
4202
815
4179
5135
5634
1241
6622
339
9269
7283
1665
9977
3300
4898
4418
5908
9121
4552
1758
5173
924
5859
5749
9024
4008
2357
8657
8664
3216
2175
1607
3748
7857
7615
2556
3836
886
3563
6605
6962
2056
3522
6157
7178
1807
7682
9910
3880
1661
2052
4271
8321
2599
7310
7318
8787
7405
9259
1552
8912
8684
9371
9921
6115
9742
114
7138
9663
8582
4761
5431
3730
2833
3187
8522
3046
4765
9518
8156
8173
316
8131
8005
2216
2227
8488
7288
7774
4823
8499
1591
3438
4
9214
7446
9964
111
5187
82
8717
281
3091
8760
402
8667
6800
72
1527
3892
2655
5312
7687
3603
4100
6595
8136
8605
1446
8858
9615
6177
607
5970
8026
5597
5982
7985
7019
7184
3727
865
3608
2219
1844
8575
4180
6376
2787
3551
2793
4841
4248
3730
8308
8845
8905
4234
9571
2542
585
4138
5759
3789
6304
6801
9633
9079
476
3371
336
3115
7200
7989
1479
4841
141
3792
700
5561
1832
4081
4906
1262
6156
1965
86
2601
2053
4503
6041
2176
657
7176
3693
9062
3945
6472
3715
5766
8748
8993
5577
1752
3554
2573
6082
7634
4173
1414
4425
2934
6601
9094
979
8298
5363
9378
6889
7287
6332
4605
9566
7460
3077
2340
3841
2247
3042
2901
3107
721
2066
7555
8697
7413
7524
6127
411
4563
8849
9951
6041
8953
3981
5089
1549
1105
4140
6795
9090
3870
6402
3314
8736
6475
7784
2001
1974
3019
1890
5407
3981
9832
7729
5112
373
3376
3120
5416
2396
4803
3325
6155
1498
844
1002
4594
6567
8727
8595
999
3241
6840
3016
9140
4405
476
336
4400
2971
67
975
4261
3019
6504
2721
9888
256
1724
3141
3754
3923
6531
4871
7929
2514
5861
1574
9689
8635
7113
9060
2351
468
8470
4878
4873
7745
4531
65
9028
3212
9544
1135
8613
8638
2976
3104
3942
1415
8849
2690
6597
3486
2168
957
4139
1052
3285
684
3017
545
1168
4076
8111
2775
2358
1614
2900
1835
6208
9097
1370
4014
1463
8114
7569
5359
119
3495
9610
3834
1741
6832
2526
12
5568
2927
7055
6240
7577
586
8825
6683
6353
8204
4281
6913
7423
293
1188
1245
2185
4317
1807
7511
8858
2475
9790
6232
6554
2824
5001
291
2712
7782
92
2689
1071
2866
4596
8532
9277
9077
4960
3746
4034
185
3261
7296
8872
6057
5988
9554
9018
7714
7870
5426
5664
5427
4924
4933
7998
6511
9368
9199
6197
7449
2966
2661
1170
9408
4690
6349
6613
6496
4795
8158
1581
1234
6032
6329
7867
785
8399
4819
6433
381
217
2183
4403
4756
9250
9686
3062
8193
6171
9831
9286
2799
6742
4055
5714
3813
8460
584
7594
1884
1700
1609
7903
7520
5139
8481
1907
3403
4750
6742
5402
6020
4022
3273
2196
9239
8995
4544
9042
7805
1542
951
8318
3332
4369
2731
4276
4111
7669
351
667
5132
7203
2504
6233
2567
9067
9794
9747
1041
6525
3923
1473
9872
9225
4775
6657
2888
1055
2934
8296
5573
1198
5266
1458
8630
9045
3784
5332
1327
2263
6722
5018
6916
2311
7932
2976
8365
3767
7690
1733
577
9199
3915
3166
7070
6621
8692
6191
7708
4920
4693
739
346
9966
9489
9823
3621
8607
5714
5860
8877
3732
8313
2270
6790
3443
3708
4242
2188
9039
2402
5823
6779
9489
5999
7356
8381
1914
6337
1533
4322
8046
3078
4392
6660
189
5595
4672
6327
7570
9819
8669
4664
6466
7543
9504
6706
5937
9060
960
1119
2040
9605
8114
8372
6498
396
8806
9399
4171
8376
9731
1968
2180
626
2943
9881
2415
7851
8164
8346
8988
7497
5098
8607
8616
5680
1740
6313
3003
156
8667
2076
7938
5021
174
7088
9526
9030
416
7511
9054
2100
9691
7797
2536
3052
6620
128
5867
7830
7216
8883
6088
761
6212
8559
1215
5237
5401
288
4850
6831
1960
2188
1332
8156
6160
1157
6900
642
1536
4824
6039
6171
8868
2089
6283
1418
9077
7941
9136
6933
395
3108
5965
6866
603
4212
928
9780
5182
8816
8790
2536
5009
3530
5465
5631
3426
3151
8770
5814
5489
2705
8552
5147
6362
6539
7226
655
2719
9290
6582
2836
7772
2375
2465
626
4312
2262
3233
3070
3363
2880
4166
5960
9597
5794
3869
4663
7746
6748
545
8343
6609
32
8172
532
3055
2045
2751
2786
2958
3770
2373
9650
1185
7463
3196
8017
5184
1983
839
8106
7329
5359
9493
1706
7138
6470
4693
4376
1742
8388
7390
6505
3630
6489
3100
5889
2635
3476
4873
6173
5401
1358
1174
397
4359
9335
1788
7753
2268
3300
3317
775
8876
1279
6111
8102
9806
7804
6890
3762
5101
4987
7175
6062
3374
5165
5469
2077
2458
2910
6325
9154
6162
6342
9806
957
1834
9433
8623
887
6852
7151
5124
1089
9412
3751
1925
3300
4451
8485
8448
976
4633
5781
6627
9494
5547
7963
8191
2505
4334
5354
5766
7118
35
9803
841
6460
538
4249
7355
7211
2069
2962
9712
4662
2375
4707
4308
2671
7796
1869
2912
1362
7925
6893
8251
1047
3390
1025
2486
7893
3327
751
4756
6132
9874
7988
8645
2114
6994
6006
3174
161
3385
5107
8868
7219
2686
1746
4603
1752
464
1495
8045
1872
4974
3055
8863
5591
1227
9249
4936
6566
9109
179
636
9179
9223
4987
74
8123
6125
6188
3837
4688
6582
3920
6912
2108
811
7245
1153
4890
132
1794
321
1823
5738
3566
859
9329
6057
9575
1594
8825
1830
7307
2443
549
1311
225
1492
5472
9828
3763
2066
2564
3873
5418
3417
7956
4067
6052
573
1105
1914
7343
3306
4856
1140
118
9684
7279
7203
4681
8794
397
3053
4285
9023
3862
4124
2812
7107
2195
1653
2404
9387
2337
9439
5854
5554
3521
4023
617
7287
3210
8362
1534
9628
1405
3862
5707
840
7062
4872
3745
8861
7444
7117
8121
9885
64
2275
292
7401
1552
3983
624
3749
4332
2116
5934
242
5714
1184
1804
4583
5881
2260
5733
3568
9659
3442
4855
7758
8070
3680
2701
1824
4917
7547
5617
2513
2071
8108
7400
8178
6617
9265
8717
6205
8754
158
2381
2523
6756
2131
4462
7640
7406
8808
4165
8371
7491
9591
7899
8910
6390
1470
6673
3411
8547
3573
4288
9424
7475
1698
5544
9730
4782
2282
6626
9610
7671
5674
1966
7264
1920
6313
5448
8429
6685
1009
6571
362
416
4562
157
2700
2443
1547
6685
4561
2741
7154
1060
7839
409
8623
2954
2420
3486
4306
2518
3802
7568
5695
9169
4483
4225
1061
8003
4086
2897
3607
828
2948
689
974
4300
3365
1668
9616
2771
7752
2850
613
1820
9721
5447
4201
9349
1824
5089
4795
4814
8813
4535
2954
78
4757
7483
5088
4493
9599
5148
7151
5877
3042
9556
1837
4035
1525
2698
1186
7214
8645
6653
8337
1985
90
8311
4867
4647
5362
1733
6052
4638
4674
1654
3523
1946
6114
3787
4401
8855
9104
6055
7354
362
7323
4695
7255
4150
5314
5373
4520
1951
2837
7267
7760
9959
8549
7184
1196
336
4707
404
8613
3338
7348
9814
2437
7966
8723
1668
2756
8355
4383
8299
1062
4151
4891
1980
2978
2666
6050
3044
3172
2434
4088
8757
312
3160
7433
175
9439
4945
2963
2975
9689
2323
170
6976
7985
2483
3587
3044
3059
7141
193
2296
8538
377
3047
6653
5131
5371
7469
2513
7343
3635
2187
1179
8247
6267
1635
2700
2582
3373
4242
7217
9792
7267
2874
2657
5352
7276
2828
3531
9833
2513
3950
893
9765
9858
8640
6065
8142
2870
7855
8680
2738
6815
758
1511
7533
2418
7324
6320
2981
9748
2262
3629
5962
2931
4786
3999
1676
513
7462
3871
402
5096
6388
1362
9424
7207
1822
8509
1811
9842
2459
6615
8240
8397
2463
5146
1589
232
3387
3074
1230
8946
5580
2538
4678
9360
2998
7759
5956
8301
7496
1245
1035
5071
705
7810
5468
6936
4521
4324
4524
6393
5856
8612
791
2137
6810
5748
6651
9379
4725
8208
7420
6372
8254
5247
5692
9826
4640
1501
7665
1412
3655
2099
5343
7602
8054
6157
484
1321
8505
2080
1979
5742
8049
2534
1178
1068
1651
1431
235
2291
1296
6583
1755
9699
3891
7163
3468
1403
7662
7859
1315
1990
795
506
3016
6820
4857
3350
5072
4295
1727
8127
935
5491
5920
5081
4795
4556
7348
2033
4736
2413
4094
6628
6939
6346
6704
7129
6264
1779
3815
7383
3473
678
9894
3048
8877
7335
3211
6264
4437
6709
4096
8429
6081
1271
6696
3945
5274
1327
2705
6508
5756
8790
738
2344
58
9685
5779
1497
5082
3872
355
5283
3148
6308
3724
4341
371
3035
5173
6132
9595
7039
704
7128
3474
3969
9659
9626
7174
2945
7235
2473
4572
2804
3779
2048
1751
5630
2038
376
4907
1576
9626
7520
9995
4354
8215
8114
5725
7419
4426
263
1942
8888
4358
2231
6707
7647
6706
4482
6021
5930
8453
7454
7288
480
7951
3755
1102
5698
4811
310
2187
490
4562
4565
9835
3911
475
1428
9813
7438
2918
3350
1156
4701
407
9401
6327
5
7667
8015
8886
838
5010
2361
2779
8323
225
5965
2289
3504
47
4058
9891
1511
5451
7773
6833
6583
411
2227
8420
2149
5587
7534
9656
9262
4166
6672
485
6540
1760
4183
3126
7009
3217
4769
9443
973
9280
8129
1361
7633
3514
9254
9059
6169
2396
92
8120
7467
7382
8639
2930
5248
3799
4089
4129
3529
1622
21
8184
2797
8450
6750
9601
2685
1149
5561
7586
4916
6852
4021
734
503
7421
5036
3841
8773
1795
4197
86
9668
6620
6343
6141
8645
4441
6700
6365
5304
8440
6121
344
9695
133
6959
9715
8043
7503
3901
9043
6075
4301
6944
3066
554
1221
4540
6211
9972
7588
4589
8294
302
1520
3344
2246
9591
991
2961
1178
5223
6154
305
812
8754
6360
638
8432
7263
8286
937
5402
9151
1874
2302
807
6909
5499
7073
5579
4783
8668
963
3344
4264
5376
592
4239
6874
9584
804
6240
2329
8796
1921
6510
3008
3497
4788
114
4934
8688
882
5671
1886
9463
2758
2530
7656
6585
8427
7717
4333
3728
5337
903
3948
275
5321
6962
8298
3847
4118
2103
1325
3383
4400
8500
9176
3456
4617
4789
5578
2418
2403
8285
7652
3133
6795
7407
9275
1223
7956
1869
4613
7513
1550
3462
903
4651
4308
6771
5616
1095
8327
9804
7111
6005
7757
406
5290
9964
904
1480
4147
3023
5841
9025
5547
4150
6571
5079
6949
5906
7884
2578
8119
481
2815
4079
5650
7064
7047
2327
8305
1979
5493
2510
4148
9792
1756
1353
8796
4702
9441
7450
6425
2425
5949
3121
571
8234
2159
2236
4167
3920
8349
7190
8456
3072
9482
1091
7392
4552
2832
7316
9878
3648
6427
6405
6747
1401
6450
4936
8326
8314
6981
1013
2347
445
8922
5464
5031
1343
6232
6878
7540
5060
842
7722
482
6834
5873
18
6638
4072
9658
9900
1249
1390
1313
165
3318
4265
1830
8860
6781
1146
9841
79
1913
5979
6612
118
31
7924
8934
3181
746
4037
4274
9126
6999
2115
5225
9243
2337
3196
3194
906
7127
5236
5591
4468
5048
3899
8221
5084
5688
6259
1425
5848
1487
3939
1855
3496
764
5840
6711
9272
2847
3390
6919
7197
9706
8745
2857
3117
8644
2333
6269
8910
5912
293
6303
8811
6595
6175
4898
1076
5580
7409
7286
873
4490
9050
500
2116
3410
891
1926
6868
8378
9618
6773
2307
6272
9318
5660
3270
4743
4632
2645
768
9556
1253
4145
3658
4447
5971
9782
8514
8286
6196
1115
5035
4356
72
8757
2933
3099
9681
4083
5394
1835
1858
194
6718
6014
4858
8629
7249
3573
439
8205
9151
5750
4252
3351
4293
9030
1341
1310
6952
5638
9063
6523
8621
8858
3992
4384
7437
9848
5676
9111
4343
3305
2789
3179
8827
7327
9355
5862
605
6998
4336
2047
583
3426
9113
7716
7563
6655
9102
670
2720
3001
6252
179
6056
4563
4260
7619
9957
3512
6779
810
7719
7962
1908
1777
9568
4604
4117
6078
7788
1944
4671
7659
9036
6268
9696
567
7688
1752
5114
7319
2348
6093
3375
2845
3357
4077
6242
1978
4316
9541
6253
9229
3779
7723
7752
5736
8435
7171
9131
4325
2750
2363
1168
438
7775
3086
9775
5807
9378
6649
2938
8407
9579
2150
1164
4055
8554
622
2037
6465
7900
149
6534
8833
5182
8915
386
5637
8186
6553
8847
9374
9656
694
851
5154
9261
9222
4122
5404
1630
6835
274
6238
6210
641
8418
3507
2555
4135
4110
2218
9933
2435
2239
5605
5250
3289
7080
6113
5257
2087
3935
6753
9015
8166
9867
4216
5996
3004
20
9537
7810
6973
4618
1665
4080
2164
276
9536
4985
1003
1845
7831
6788
5382
177
5018
2787
6035
3010
3423
7833
985
6612
8412
5573
7124
49
4602
5411
5044
3547
6124
3354
403
4164
727
3201
5459
2975
8433
4645
4832
2016
3113
163
4737
1448
5882
8308
9725
9250
2833
2904
272
3713
3220
7219
1890
5456
5779
9319
5537
5511
4922
1422
4943
3122
3836
2357
9693
9807
6528
4091
662
2465
3603
5638
8080
7989
7332
7804
9981
3944
308
3807
8256
5198
6635
1623
398
7061
5360
2326
6833
1687
3542
6216
9067
2763
1144
6235
5498
1331
4089
7775
8876
5797
1223
1149
3157
6551
1042
6261
2955
7459
3977
3099
844
847
8664
369
7742
8914
4179
8496
5073
2142
4478
6412
9206
5560
8506
510
3794
8786
6500
7140
6231
6226
674
7107
5763
2630
2248
7581
8871
8635
9611
9347
7770
8907
6266
4165
9405
6293
8668
6011
5631
1724
5852
5053
2041
8654
9868
4132
6590
9146
3155
3040
6590
359
495
8744
4117
5100
4122
6265
5682
616
5759
6963
2409
6363
4721
7605
2051
6579
778
3666
7898
5728
741
6355
4625
3559
662
3389
9163
8757
2595
3975
4548
3523
6081
9448
7695
4963
3218
3330
662
9009
9330
6261
6935
972
5097
3117
4377
761
5648
4611
7329
3626
9276
5822
2231
8808
3599
1213
6281
4463
7574
554
7745
6745
2840
7401
1996
7588
233
8545
1503
8136
236
8549
1230
1739
4800
8522
633
8931
8256
9549
6408
8521
1468
1862
5544
8688
4064
9863
312
4784
7489
2073
4244
1763
7482
9338
8791
2404
5448
4333
1227
7019
534
6931
4210
3554
4293
3996
8552
7118
7821
2105
3608
6515
3
9585
6494
5429
1713
3918
6658
3382
5702
6906
2218
5520
1535
6512
7799
7635
9108
7023
7375
9411
4033
7862
1719
9099
8215
145
9426
4922
2062
7180
7120
6822
2607
1189
1585
1578
87
6102
7681
1945
5434
3039
3354
5630
514
3044
1017
5223
3247
1853
4686
6550
3832
7664
6304
4199
610
3526
1427
6153
3231
7902
7527
6379
1509
2896
6516
9445
2474
5270
9092
2176
2259
5459
2853
1653
7081
8595
5224
5766
8599
1616
3758
4649
7271
9719
5814
4483
1266
4554
2955
432
5921
2496
9936
5114
9961
2714
1042
9654
7567
4742
3007
6134
3123
7753
2531
5901
5669
1592
60
3268
5167
1454
2016
2893
2645
7454
8969
558
1035
1538
2492
1145
3145
5328
4020
2073
1468
6407
15
7011
4044
7052
1106
1063
8435
3487
8644
2188
1986
6512
5388
894
1694
6080
9535
3375
9705
116
7602
6133
9647
8281
1834
3440
9551
9115
1995
4905
6404
3361
161
9681
9646
2749
5972
2007
4016
9264
2454
1159
9604
8102
5223
9940
3606
46
1079
3808
8357
5351
7018
9880
5971
4005
9870
8584
4944
8068
8865
9737
2168
3144
8966
2350
1110
5632
9803
4516
8638
861
942
9119
1565
6239
3614
4962
235
498
1346
4776
5178
6214
6436
7446
6160
357
5739
5859
3204
8279
2202
4518
401
890
2024
777
5920
5465
9080
3770
2803
6683
4353
1417
3263
2229
7791
113
943
2453
1914
5002
2909
6371
2602
7697
174
3929
7676
4422
7191
9650
2205
8727
1749
3093
6708
5583
3051
7172
7680
7999
5871
2000
874
8274
21
7609
1279
2314
2730
1453
6553
6192
8165
6820
3697
5058
9314
2966
2311
3664
9205
9535
9866
9341
6796
3997
383
8700
2351
1555
6675
8305
9206
534
6020
2407
8444
9516
8201
3970
2023
2152
1196
6603
8227
492
6292
7300
1819
3734
3580
9489
9647
9469
875
8310
3418
2154
8292
9157
217
7845
7907
9301
962
6097
137
5967
8502
123
4412
93
5406
237
1956
3392
8521
7222
7314
2194
2876
761
1642
3472
9379
5638
4301
2560
8953
3711
5588
4383
4764
5969
5468
4584
6012
7188
3869
8060
9107
5265
5198
3147
8114
4418
9748
6402
6634
6781
2217
527
2940
365
1009
2548
6257
4200
4698
8127
1952
9587
5147
9416
4907
5810
4453
5358
3225
7060
6891
9920
6684
3537
535
4912
8417
9309
3432
2055
7225
8438
1027
9989
5652
1213
1139
1967
2221
1939
8050
8624
9969
7695
8019
4086
8593
4990
2242
4646
7003
5104
7960
3766
5603
991
8176
6135
3895
1638
4044
6669
4736
6068
5159
7068
9444
4369
307
9649
2997
764
3643
2425
6888
9184
9323
5220
294
21
6629
4549
1063
456
2908
8173
3635
736
7859
2772
1965
3978
3134
8008
2991
6522
9699
4196
2011
2801
8115
3726
5899
7142
7899
9559
7546
2124
5038
4788
7025
4424
5921
9223
8652
6496
6070
7517
5951
2010
2449
5256
4988
9134
49
3887
472
9076
8252
152
7706
4808
6669
3634
7959
2033
3695
474
9113
9889
4583
2750
9495
4166
3359
2990
6763
4408
1830
3080
3843
2034
5733
9201
7032
3603
6749
2179
1904
2988
1882
6881
3710
3452
1941
408
6041
7711
2523
1537
8924
8284
6738
9960
917
9941
9051
3500
498
7094
7486
255
8882
250
5413
2667
6487
3165
3183
7527
5976
2570
9121
442
1018
5880
6417
6161
9534
9672
6632
3779
6091
211
6524
2845
6763
4715
6061
7672
2386
3792
9323
6978
7243
8944
2145
6593
688
1150
4060
7292
3405
6676
7591
5603
4786
8961
5689
1173
4723
8027
4128
4865
1073
1216
2737
4058
4541
5240
771
3187
6659
6892
9067
7911
2510
8147
5700
3919
5804
8306
8630
3126
96
2908
654
8331
3712
8085
1135
3327
7523
9461
682
156
3828
4572
9929
8156
854
6436
8250
8697
6222
9927
5376
7345
5647
121
7606
9543
4677
3145
9520
8430
2450
2079
8038
3064
5406
9457
6397
1237
5869
5942
5474
3806
6232
4938
8465
1969
5803
7080
861
9375
1404
9638
5805
493
7958
4622
3870
3961
6638
5885
3892
8779
8040
5519
5447
5975
6853
3581
7468
2748
7273
53
540
5705
4879
4126
387
1458
9843
6262
7601
622
62
1774
3882
8416
739
7656
3932
7763
634
2078
3770
539
9529
2836
2808
8892
1233
4436
2224
538
1553
3061
3384
3758
7925
8641
1159
7900
3461
3072
8378
844
4543
7375
1885
7687
7034
3002
3335
8141
5843
5940
7793
5965
6702
3448
1678
3515
1157
3674
9504
5818
4244
3128
5317
7077
4657
9485
9579
6079
7937
2931
3311
2203
8588
5878
332
5799
857
5090
5890
4674
8645
7684
8556
2646
5249
6787
8777
5691
8662
7493
8101
9153
295
3060
6643
1881
714
8754
1195
2180
7422
6188
2397
895
7110
3403
5723
7552
5462
3677
3793
9165
7456
9436
2156
2099
8911
6010
4145
7273
3476
2873
8001
6139
1282
929
9457
8822
8480
5866
1502
9913
8196
2325
2611
6199
6874
6517
2030
827
6063
8388
1926
528
5307
5758
5939
6108
3124
3667
3967
9126
8104
1139
9681
1227
9310
8636
7129
7746
4422
4124
2191
4575
6929
6172
9491
3382
6490
5181
6342
8549
1197
4474
3427
9474
4691
1480
9683
2011
1481
6133
4515
9000
5585
7041
6882
8351
3282
5813
1495
6016
7263
8514
7506
9010
5536
1842
8679
8523
6542
9149
383
6156
9776
3431
2343
529
4393
2407
849
3680
6470
3972
4605
7763
5058
1262
6613
8712
605
5376
5846
9743
5829
2734
3670
1216
8966
9411
607
2322
3837
2999
1944
7772
6753
8121
5552
1884
9584
4321
6473
2881
6831
5877
4213
7869
8245
9965
874
6380
3798
3607
1883
2345
7480
750
7299
7083
3007
7611
8088
6169
4738
7510
4459
5941
8133
2602
9390
2563
9703
2055
2663
7328
9682
8818
9220
2870
8218
218
104
6997
2416
7642
6051
8072
4832
3036
3063
3723
817
8002
6387
824
6841
7925
1327
6564
2545
9844
4193
8835
9548
8851
9878
2162
6701
1938
1870
8397
6403
1846
3313
1388
7332
9851
208
9111
5990
7957
6646
9412
9397
1342
5273
8707
8767
9376
3049
4661
4690
6638
5849
355
2911
7313
2443
289
3993
1783
2256
2198
9400
5734
9225
8649
9763
7087
1603
264
751
9931
2081
14
6599
3865
6125
1301
2961
2218
1552
9391
7068
1843
7686
220
9303
9174
6281
5894
1486
4845
2280
1842
1186
3804
2672
2636
2703
2930
4321
9706
9391
4069
1363
4448
2174
2004
2216
191
8485
7237
9147
9470
7211
965
6212
5915
8969
4812
6680
3699
182
8073
2985
2877
8835
4495
8772
6760
853
462
938
6361
1172
1826
396
3719
975
8628
5475
649
9148
7245
1751
461
1455
9780
2875
5383
372
6738
9825
2462
7482
1982
1160
4401
9198
8868
8008
4287
4613
669
2748
4385
6898
1284
5896
1558
2010
5485
6336
1758
6971
2994
5568
6591
7161
3457
4093
4935
8621
8243
9943
5299
3980
7910
8407
3368
329
9187
8195
5554
1470
2507
9376
550
1900
903
3844
7053
5122
6294
9184
93
6563
4885
4556
9921
8463
756
7203
299
8621
4579
5489
8477
3637
2536
2253
3082
923
3808
7116
2659
9652
4085
6380
3582
2226
3712
2794
2145
2688
8249
524
982
3222
3095
8549
3226
1122
6567
6170
9382
8090
9158
5085
6925
5712
9133
3539
5092
3056
908
2171
5475
7510
5725
6456
7194
7632
9880
9455
8540
7529
8050
9303
204
832
996
3569
9235
8371
5193
3494
3062
1376
9475
9077
7263
7002
3913
1347
4630
6942
483
8375
3614
3721
2818
3557
4442
4274
2367
6169
2760
2825
1701
878
4166
3223
5538
9066
8896
3785
8738
497
5769
5694
4698
5407
3902
7300
4102
5629
5790
4657
9702
486
3794
4632
6434
7576
1998
2052
1824
1154
7611
4499
2710
9149
3040
632
7943
9758
6523
4233
7040
2037
2628
4591
5679
5340
6972
3986
367
1316
6402
1728
8907
4843
129
1934
934
4129
4885
9924
8570
2314
4986
4500
6600
371
7890
1777
2441
3801
6440
7474
7509
7880
4828
2344
6707
9549
9675
3655
428
5958
2995
9876
9807
9172
1025
6824
3634
9369
2831
9080
3456
7816
2869
6
3608
2294
2703
7943
6484
326
6329
2768
2845
9983
880
3006
2576
9569
9496
2407
2916
2297
7769
6709
1620
7691
1089
1679
6248
7797
1533
8995
4258
2859
8291
1467
1000
2076
5788
7530
8377
2300
5107
239
3395
3561
562
1577
7916
6236
2398
5658
9985
4888
1136
1938
6970
9753
6290
9124
1106
8148
4432
7141
8378
8968
374
8371
3132
5695
9917
522
33
1941
3809
365
9071
5348
899
6099
8128
5989
4944
5488
5318
1098
4595
4435
2597
6220
8755
1535
3659
862
3097
5973
4064
5631
9808
5819
6404
4470
7032
8194
7383
1433
1923
6992
2505
3963
9550
628
5415
7935
8507
6622
1225
6353
4092
9715
3831
9570
9068
1488
6392
7702
3775
4737
3845
2508
3815
2731
2347
4227
6487
7258
1308
5437
3861
4061
4525
4371
128
2673
9494
6159
6943
8524
9638
2639
2136
1602
1534
6858
7477
5565
3033
4535
2006
6934
935
1964
5681
5392
6853
787
6434
9250
1808
5378
6852
6277
7319
7193
2170
8827
5294
5675
3096
900
4400
9926
9858
6632
2698
4381
4544
2770
1875
170
3108
906
5839
3814
8047
1744
5732
5946
7729
1210
1410
4734
5606
9576
3363
1117
4167
80
5093
6020
6176
2842
1133
3322
4424
1339
3441
6503
9168
5804
5116
7350
279
7584
1390
2099
6261
2436
3015
1856
2996
6647
8203
4657
6694
9834
7633
3497
7048
8055
1952
9225
8776
5997
2641
3756
7473
6129
1089
9102
346
5162
7713
3483
5528
4041
4009
3793
2502
717
5115
5388
4241
5796
3962
9794
5566
7800
8711
428
4205
8953
3392
1618
9718
6992
6491
8446
5820
1042
5101
3309
446
517
5285
2854
3534
3737
5886
4794
2033
2871
3823
6073
1452
2867
7049
3000
2746
6133
6512
6460
8139
3721
133
629
5642
2964
1847
8117
3711
2788
9057
214
8603
5927
9849
3381
2635
6866
5308
3514
8450
5920
2876
9060
6139
315
4520
8179
5362
8783
5552
616
5091
6243
7771
621
2321
1925
9687
2558
5247
6327
554
7313
128
3429
4564
6620
2935
5678
1108
8905
89
1391
3265
4612
1691
6551
2533
8260
9139
8458
9159
2328
3876
7689
3591
9177
2244
2953
9726
3744
659
1551
423
6895
2008
6737
8174
7175
1990
4114
2253
2563
5544
1677
9862
9032
8013
6699
4910
9910
3456
6319
2331
4132
8095
8189
3442
1646
4830
1174
4829
3464
147
9295
5112
453
5383
7143
8660
5248
259
4211
2486
5180
5230
280
977
4103
7064
868
8347
4319
5239
143
3790
9666
3641
4773
2594
3478
7348
6596
7070
2449
6835
7030
7826
8867
4415
3546
6326
5302
8038
3230
4955
9151
9495
978
3360
1129
4243
9100
9088
3065
1055
9417
400
4576
5598
650
735
6128
6440
3136
472
689
4963
7439
1488
8293
5047
6527
5873
71
4425
1837
2221
5449
9897
7935
1275
1512
709
1634
8858
4391
4504
590
7701
9095
7357
1987
4484
2508
2108
4668
7507
8493
1873
1735
5388
8380
5813
9280
829
9987
4736
1786
9268
3060
2972
1364
1764
2457
7939
9136
7162
7032
8056
5367
9939
5533
3256
9449
4781
5210
7354
4573
5319
6191
3022
2389
6618
8089
4039
6124
3457
9838
519
3514
9213
9293
1553
959
8556
4520
3443
3557
2233
9156
4883
8434
1149
2879
6494
9413
8912
5894
9358
8120
6238
7869
5034
6065
7613
5021
9641
1048
851
2259
520
7205
2461
5346
6944
9131
8747
1719
3140
271
4680
8623
9602
9486
2759
3754
4854
5198
7616
2910
7400
7861
3444
9455
7128
4968
9695
7871
7302
3097
2296
668
397
2703
7418
3922
6047
2046
7296
209
974
3313
2137
1421
3286
6215
1303
3839
8389
9418
2967
9311
6564
2317
2839
690
8151
2193
7651
1743
5362
9758
7966
5555
2424
819
8728
8513
6170
160
3945
1381
2206
3253
4627
2543
5662
939
2877
5760
9699
6881
2187
7865
730
7389
358
3722
2623
7649
3518
8680
8764
1465
814
8831
5285
1782
859
4903
1529
3306
1214
8717
2060
2822
6243
3252
352
9541
290
8781
4168
1368
3685
3354
7677
7784
2841
5899
6609
2518
9076
8485
5498
5760
8839
5096
3423
3536
3636
5441
3691
153
7157
6172
2234
7059
5898
4983
7340
1757
3697
9467
8437
1117
5022
9658
2709
8860
5971
2270
7915
1225
9310
8642
7490
3091
1506
91
1746
8727
8507
7313
945
6639
5736
893
3303
9589
8785
8723
5014
1636
35
9597
1270
6929
424
4616
2259
7891
4864
7177
6416
2619
6558
2717
224
2249
6938
1556
7704
4910
5932
5947
1047
5278
4191
4061
9807
5826
4428
1669
778
4809
1795
4844
8498
5214
9746
9773
5495
8768
7869
4495
2711
6339
5069
7329
5693
7177
1833
7657
5305
7021
8986
8420
5703
8623
9329
4426
7547
2258
4275
247
2264
5359
3556
2062
2732
617
2827
7127
6211
8718
5150
1639
558
386
3319
7073
6886
6747
9257
238
7480
6204
1966
4808
3345
136
1104
4268
9398
9668
2116
4111
8684
9505
1087
6114
6112
7553
4378
8772
6816
3058
1673
7368
8472
2929
5372
8169
9158
5705
6911
406
5088
8420
1171
3375
2789
4281
1789
4398
518
3634
7656
8523
4080
8156
8246
6811
4198
5892
3841
6721
3184
6906
9550
1320
2284
5827
627
345
8238
1646
6843
6713
6785
2591
2544
6710
6863
7999
9441
6998
8660
9411
4843
7843
5425
2308
2543
2053
6489
8544
2873
45
2350
9256
8431
5141
4254
2227
8740
7466
5015
1153
7634
7051
7162
5095
3191
5520
8141
4394
8434
2741
2689
3162
8056
5548
1835
1459
4938
4356
7089
5569
5491
5155
6991
3518
9602
1833
7097
8714
7476
2107
2230
463
2756
8397
1342
9784
43
4277
2335
3318
7868
293
1224
3155
4366
8333
2377
3265
487
5872
7105
7796
2791
9560
9944
9748
2625
7063
6791
7067
5470
648
4338
3060
771
5483
2996
237
3772
9541
9296
3046
8238
5665
8359
629
3164
5529
9981
6727
2056
2156
2337
5942
1679
1821
9862
9375
1354
3966
1180
5420
9142
935
9482
8688
9983
8118
8398
4535
8777
5758
4094
6122
4054
8485
4547
9653
4238
5347
3334
4831
1151
5134
7696
5199
5958
1668
6275
9805
2683
2267
5264
8802
7462
3845
4231
2226
9955
7132
1528
7097
9019
8072
1610
9381
3055
7387
4409
5687
3321
1263
5765
3845
4210
1565
3005
6263
7566
4128
8090
4743
1807
1075
1162
6713
768
494
3013
2810
8653
9693
8418
7677
5830
3105
6381
6604
5938
6233
4613
9601
7884
3816
4106
6855
5992
5477
5625
4239
2573
3988
9164
8197
4098
7798
3791
5366
9799
1951
4645
2190
3654
6023
4822
6693
7168
8536
7661
5495
7694
4534
3605
2297
166
4476
9404
6119
6852
8563
1645
4619
1705
4071
1541
5029
1285
5781
942
5302
9291
1226
4116
5580
3077
934
2174
8264
7615
3746
5630
1193
216
8404
5386
61
149
5519
6936
5817
5432
1547
5335
9980
2895
3220
1056
4559
7099
7791
4976
9098
5576
9015
7178
4564
7860
6858
3145
4366
1055
9002
3375
7099
3162
2874
2352
5580
4356
4211
2189
8743
2552
8296
7141
9378
6017
1630
4702
3382
2971
4034
9742
8358
4506
6411
9823
7401
1574
3047
5231
7044
119
5932
1081
5436
5227
5014
4850
607
947
2060
9672
7095
8730
6978
5618
8801
8636
6819
7696
537
637
9818
6470
5038
333
3348
5121
2811
5305
7528
9732
1517
6026
3098
5138
5097
5189
4849
1813
734
5116
2646
9722
1547
3243
7224
1325
4833
2155
3695
417
633
5300
782
6852
6629
4954
7723
7373
8240
4834
4989
423
8638
6677
398
5231
4850
2490
286
7666
4441
8622
8240
3417
9283
8277
5188
9349
269
851
2211
6035
5635
7160
5715
88
1211
6750
311
2595
8015
2560
3350
848
5043
1551
8419
8871
1000
2735
3549
9982
6955
3846
6372
4466
4279
8356
6244
3095
2128
5373
4644
9408
5230
7008
1578
666
106
92
2008
749
3616
2743
2042
7488
7707
1218
3899
7154
9730
5783
9205
9253
3939
2229
3146
8045
2695
429
7319
5372
8606
631
5739
4752
6714
6526
8844
9237
8774
3247
9579
9689
9971
8490
3346
9248
8536
4600
534
6772
7220
3062
2196
2788
7863
1446
5193
8283
73
3404
9945
8915
1669
7796
9747
4092
4098
1979
9085
6203
4432
2366
2111
965
9216
8177
1506
2532
1668
5467
3381
8070
1432
3260
4815
8260
9702
6970
3271
1240
6696
9805
7209
8898
8565
9814
1877
6308
5407
6965
8968
1284
9262
5376
7220
7246
1292
1684
4765
7364
810
8200
6807
8089
1847
2126
3551
1359
712
1605
5772
8963
4820
7575
9963
9156
4477
0
4681
4982
8264
1527
9970
4091
6744
2124
9420
6402
8433
9309
5139
5280
8766
1389
9666
2312
663
829
1978
6711
7664
6614
8110
5672
7035
5576
5701
5189
1932
3443
1230
4592
7682
7246
1567
8347
7066
6705
8061
3968
1426
9199
6856
9253
1414
1766
5911
2239
7058
9928
7665
6351
5796
4063
8982
8866
9660
122
6226
4907
7756
9087
37
5368
900
2779
6266
2492
1061
2493
8933
2940
9153
7251
9554
5929
8174
244
9912
6122
3381
7085
4995
5652
7183
3928
5102
216
3414
2929
8845
6677
6303
5433
2340
2949
2818
8494
1486
8752
6090
9212
4382
2531
5316
6220
9693
9601
1714
7468
380
1455
3122
600
8478
3062
1848
8546
1428
1882
9926
540
9655
9925
4963
1556
6359
6521
8276
6915
1628
642
5283
1540
2927
836
5249
8636
4557
2828
6294
3020
8093
3022
6007
7069
8012
7083
2646
681
9716
5735
9027
6234
3418
2972
7176
4048
6569
6736
9608
5816
1520
5512
1498
2480
2993
1146
45
8306
10
4979
5895
3669
5471
4447
2460
4569
8113
5677
8901
2531
7659
1068
4103
6882
6624
8016
3258
6400
7357
3035
5184
7852
6374
7142
2245
3290
138
1776
1121
8548
8026
2617
7687
8146
7312
5333
8863
2979
9364
8459
9896
7249
5243
4001
1848
5835
3848
3114
2072
9758
8888
7497
1065
6503
913
3926
4590
8350
3372
2185
9156
5322
8844
1911
6318
2303
7959
1337
8241
5992
4444
6858
9974
8169
4579
3640
2478
4635
5157
4774
124
8232
2488
7293
4468
6592
5113
2602
2122
1669
7392
7696
709
6539
8876
9653
8362
6343
9138
6257
4192
281
4075
8828
2976
6399
130
1134
678
4041
7862
4817
6333
8802
8871
2428
3494
3665
9858
2602
3127
374
8609
9229
9642
295
6048
1197
930
884
8203
6084
100
4864
2312
4975
3137
9958
353
7474
5491
4527
3153
5218
4186
36
2648
2452
5428
8842
1706
4454
5522
6234
3396
1504
3951
7448
8924
710
8305
9753
1233
3530
1897
7477
3960
6345
9946
9344
4078
2130
1646
7244
4148
5591
5384
8879
1982
1436
5619
6688
9910
6542
1150
890
7432
7571
3180
9420
2984
5078
7507
1436
2719
2978
1262
6861
6501
2298
8419
7690
7875
3135
1130
4817
2173
6311
5896
6331
160
7650
2725
8599
5404
105
8852
3015
7036
6110
1783
3239
5887
1743
7788
2401
6670
749
3240
3222
5653
945
7403
3545
5852
3528
257
6476
4893
8897
5612
5528
7554
2659
8822
8045
7812
2760
231
2288
2316
1978
9155
7992
2464
3221
4818
4622
9435
9451
9920
7149
9184
5970
5453
1609
3991
5999
8164
5317
2213
5578
267
8127
9465
2461
7927
5834
9184
1133
6749
3700
998
2316
8284
9489
7980
2371
8874
1683
2619
7969
3413
7065
7456
7461
4831
4771
1948
8949
5843
2215
9281
9478
7628
8321
4097
9446
4438
5629
9460
3078
1473
4242
8873
6350
7080
2680
7396
7326
8465
8283
9332
8814
5745
4838
7925
8402
348
6822
342
696
8866
7918
5462
2576
4813
2997
741
5829
4899
9910
4815
2106
3852
2387
2257
7425
7562
759
9492
6893
9249
9303
4867
9265
9974
9143
7398
2415
7309
2756
4207
3483
280
4257
3786
7365
6449
4354
8157
7135
990
2263
4969
790
1138
8039
6882
9432
8991
1152
3472
9906
7718
7915
8783
188
9534
5392
8461
8223
2372
909
3962
6021
7744
5718
4171
5821
4838
4294
1768
5347
2788
8992
4835
8138
9401
7686
7977
736
4370
71
5823
8416
7046
4150
7591
5941
4719
1172
883
9933
5682
8383
3574
9615
6155
560
6814
7204
6680
9880
7732
7555
9268
5867
2551
9886
3914
7963
8188
790
1776
5336
1150
5033
4888
3226
3430
4942
537
2374
4700
8125
9988
8307
153
6940
3205
3328
1900
1846
8391
1696
3668
604
535
9342
7918
8174
176
9243
475
4355
626
5682
6360
1170
7056
7851
872
9355
2964
6526
3443
9521
6469
7369
3094
1072
5596
4511
7540
5875
1641
6419
5520
429
3802
7476
5169
1358
302
4293
3960
9666
7841
4569
5652
2331
7847
6622
4478
2512
2276
6470
6111
3938
6356
3267
2959
8879
687
806
9703
6576
4132
1229
3602
5669
7509
7185
5232
6391
4551
2172
1836
6667
173
3116
2910
5648
2885
5883
9000
3140
1116
9296
822
6888
8528
9435
6195
1935
5773
4306
1518
1570
3478
2388
9427
7683
9552
8672
209
9429
6521
68
839
3065
4102
6252
3121
100
3922
4960
1126
9497
4051
7788
6607
463
6601
8550
717
2996
1302
9023
8455
3710
2096
2660
7494
735
5139
4682
296
4925
4522
6776
6454
3375
2499
6840
6892
3688
1722
4131
3056
5588
3999
2420
7275
5758
4633
173
3625
4632
6353
1306
2340
8950
9547
5801
3703
3671
8189
4921
9025
6657
5377
2996
1617
5906
6706
2075
9493
1770
8706
4537
4027
4968
4856
7599
1931
151
8811
4821
5964
5307
9908
3768
1943
9802
4901
4690
4362
4474
631
1001
4952
3024
4450
1578
795
3800
8898
9170
8076
8916
8441
2123
3980
4360
134
3452
8606
5334
5918
2182
8733
909
5753
9499
9053
9668
7600
212
2308
4721
4456
7074
9625
9989
4670
7958
5429
2003
2875
6634
5571
5136
7117
1614
822
9378
6929
1094
5993
8579
8978
4001
3548
2561
9473
2002
4133
5894
8467
8063
4256
5750
5248
9129
5751
3928
5485
5698
4292
8985
5630
6968
9762
4393
9653
4187
3373
2271
7160
7855
1542
4120
7208
7301
9950
7595
6987
1566
9611
6881
6039
2376
7554
6318
6961
2320
4229
3776
2146
7424
6795
7299
4281
9535
4321
4745
4048
5393
7194
8715
5894
2260
8607
3498
988
9936
1668
2755
2370
8067
6957
1787
1244
5923
8513
1286
8975
3738
3831
3040
2828
6549
5180
2944
6866
6904
3957
3459
2034
1017
7409
8238
8959
4718
724
6098
466
9406
6201
8104
1433
6670
1324
5682
5548
8853
8519
6601
6171
1051
3490
5784
5319
1956
3673
1261
4328
6370
9962
594
1484
1125
8858
2037
505
8240
2313
9905
9399
3148
2522
3307
7003
4181
6149
8887
2293
5992
557
447
9256
3044
2034
8445
325
6553
3091
2087
1656
3196
7067
929
8438
8596
9282
7720
4909
9408
4248
7957
8189
3608
859
524
9107
3346
8390
163
2599
6895
6835
1700
3524
9169
3800
6596
797
6455
2605
6834
2018
7092
3839
1116
2966
9287
8345
9079
4817
8168
5686
6633
8596
7078
8121
6771
4346
1235
1662
7773
5375
4663
3965
5368
5229
6090
2467
7318
3472
4224
1690
2520
689
9868
431
3878
3861
4502
8891
7608
1772
7574
4515
2428
439
8436
9601
3610
4275
1663
6284
170
2778
5169
3047
1434
1914
2690
3561
4085
1453
3417
4950
6120
2632
1072
1606
3402
887
314
6143
5166
7684
6305
4574
5540
7857
7709
9956
8092
5251
1450
5435
6792
1602
2903
3682
4989
6835
7156
5411
8998
9525
1817
7516
302
3806
4859
7796
8731
6516
5208
7948
1969
6768
610
821
4247
4316
1680
5727
4504
3850
8039
2595
3537
5685
2465
9664
2198
2827
3986
3847
5719
8586
1237
3348
259
5614
747
6837
3706
9581
9088
331
7844
4512
4819
7389
4191
86
6733
9463
1416
9316
9757
3444
3733
2618
4462
4880
3708
3210
5921
7708
150
4515
5789
5296
6012
3857
2578
6963
6221
5706
5904
6440
980
4069
1868
938
3323
397
2274
1603
686
547
6408
2308
2325
6710
7095
1029
1822
3944
3428
2175
6029
4997
2633
1482
7160
4496
1999
2381
8540
5081
33
3807
4498
8872
7329
8798
205
6493
897
6714
8778
2112
9
1220
5011
8233
224
8896
5541
1087
3076
5848
864
5782
815
5658
1239
3063
671
7383
4004
9569
3895
3351
4803
5984
1394
6977
1589
4369
3088
2862
4967
4537
4545
7718
6894
3207
8709
3145
8298
2850
4860
7019
9485
6968
6763
3456
3153
6477
1281
8985
7830
5749
5653
9754
9702
249
2837
3281
2039
2805
4328
9369
1526
9584
832
3458
3201
9697
5906
6160
5579
3124
6797
9097
2697
8170
2220
4184
1477
9018
8234
3490
3222
8389
4156
6727
1681
5385
9439
5174
4134
7624
1179
9151
2414
3350
5395
3161
9720
6810
5497
7338
4540
2530
3879
8385
677
5425
7870
2654
622
9732
1127
6960
6122
3667
1735
5905
1424
4755
6091
2484
1162
8391
1872
3492
5444
3367
7818
7333
8621
8144
8932
5363
701
7624
7779
2452
9974
7393
5741
2338
5098
2686
1883
3910
3693
5892
1239
6013
1805
7003
5911
1812
1334
1153
8152
8588
5533
7787
2084
5750
5675
7510
9144
4836
9222
5542
2655
920
6170
9288
6491
8763
1953
4516
9437
3567
2437
687
2556
9484
785
7132
2092
9678
6923
6238
677
3348
180
755
841
816
3047
6697
5165
1896
2832
2604
4970
978
9378
7702
3124
4250
2692
2433
547
8466
875
1611
9304
3614
9028
7739
7264
548
5697
2093
3792
9355
6357
1830
9488
6920
1246
7529
7025
6925
1396
7854
1229
4177
8415
8805
709
2053
2892
3906
6058
2528
6705
7779
4621
8754
90
9755
8393
5711
7044
8781
5589
2734
2789
140
1082
7066
2403
3068
5632
8462
9576
4415
245
4326
1881
7584
5661
7775
9795
6877
9795
7771
6841
1002
2605
8107
5849
4848
352
4874
4971
6420
9667
4494
9276
3430
7728
8862
4681
7347
2632
6024
7159
2692
1042
6705
5884
1735
8227
2886
5871
4332
6601
8458
9586
2254
9110
8136
1175
2490
4519
4324
2987
4857
9247
6133
911
2074
9349
1537
7247
1097
9250
878
8425
1375
2181
7347
7169
682
3889
2958
4096
8367
1037
7110
9906
8124
9772
1169
1017
4596
7140
63
7259
9748
480
9494
6835
1166
5465
8980
1354
9455
9583
1403
1180
2548
604
8021
5895
721
4150
276
3447
4275
2564
6177
9086
1386
5003
4254
5826
7393
1921
6251
1795
5691
5767
5173
1262
6372
2459
1978
4186
3034
5553
5721
4377
4706
8275
7315
9481
2592
7415
6500
9391
1453
445
4889
4518
7960
7950
9634
5181
1030
9205
5789
688
5963
2059
7209
9681
3409
2702
2118
8221
4367
4116
8433
5931
9277
9475
8233
2952
3245
4681
115
9829
1208
4387
1121
3387
1675
7411
4212
1051
4657
1417
6979
6445
2444
1661
4308
7265
215
2594
7677
3191
1707
6916
8538
5882
4102
3361
1758
3410
1590
5024
4595
3270
8500
275
1415
6502
937
272
2567
1961
1997
968
8617
1730
2872
7536
4905
4470
3865
3056
1154
3265
3386
2606
3324
1964
1034
5993
9943
8158
5200
394
2761
8919
7864
4256
7058
4189
2877
2576
125
7369
3668
7411
4044
5631
3182
8546
7362
4877
8252
1484
7673
7522
7773
5513
453
3955
8735
170
9092
6193
569
8539
6753
6487
9194
2739
144
2841
2988
7241
817
983
4905
429
7266
8291
5956
5978
2595
9025
2998
8544
9403
5114
3988
7884
9591
5498
404
3556
1907
3476
6050
8263
9672
3054
555
1302
4662
185
9572
8567
5026
4452
2373
3535
1815
7298
8579
6287
2019
6428
1869
567
837
6883
7225
1452
5091
8818
7449
18
1582
3878
1737
6887
3328
4566
8771
4530
823
3165
1232
8455
7271
3004
4992
4389
7989
7644
9488
5277
9881
1115
2686
3430
7208
3663
2025
9354
7283
3681
7145
8837
6053
8184
313
9862
2150
7148
4902
5557
3278
3934
8824
8654
8689
776
6137
2969
5399
2406
3575
4927
7748
8122
3039
3892
4496
1013
6416
7118
3367
3093
2007
5203
1046
5961
2365
2947
5875
7688
1393
9119
4918
4725
5565
2357
7565
8828
4730
487
2359
9183
5361
4849
1360
3901
8300
2591
9036
687
4332
629
8066
2094
8780
9914
1043
166
8766
9575
9712
2739
2942
252
3926
5618
7917
1361
1704
2785
7356
9923
1738
3624
6971
3167
5278
858
9959
9480
6978
5114
7491
3707
5424
7059
451
8461
6828
901
1176
7152
2434
4902
1560
3555
3924
6141
8736
2007
179
7530
9611
8648
582
9626
9808
6136
1738
4162
5358
9758
102
2960
2710
7940
6677
8903
1665
2833
8680
5732
1928
6760
3990
4447
247
6388
4331
3214
3036
7392
445
2149
7422
2120
3656
709
6346
1621
1141
8391
8868
4575
2924
8132
3240
2651
7416
1063
6043
9787
9938
7262
1460
7073
9556
9542
5397
6171
6114
933
646
5438
6204
4412
6732
3497
3485
9646
9926
7474
3634
2775
8595
3132
2681
528
1175
1702
5828
9664
4622
1022
7605
741
15
4891
9223
8656
7596
1461
8367
6822
1373
3064
7114
5015
9952
2234
9863
204
1234
2089
3606
2884
9037
6255
9746
2739
9234
5397
8848
3326
9868
9149
9532
7858
6966
7117
7306
7139
136
9714
2488
2382
9302
7408
6720
4584
819
3851
9428
1928
7420
9450
7228
9225
494
1908
2541
432
8572
7483
2108
471
2173
181
8914
3352
7606
6032
6860
7646
2540
3979
4056
9727
6875
7534
7978
3578
9197
3217
410
1230
359
2606
8713
7202
450
4099
6165
8529
9436
8059
7265
2564
4293
848
1651
3752
8385
4377
4953
9740
4407
9187
5527
3237
46
4093
6546
7722
738
7395
328
4416
787
6708
5550
4991
863
3020
1594
957
3736
2198
4398
3573
9425
7891
9648
981
1145
2167
4565
2586
6983
9748
7856
1293
6819
2419
6943
9872
8640
1526
6632
325
404
3823
2453
2116
1344
7181
9363
9515
4463
645
8416
8743
8271
556
8347
6328
2494
4799
1664
5276
8501
969
5887
3134
7436
1251
1428
4816
3597
5881
2367
9197
4842
5466
7330
3758
5787
4578
6863
4386
7925
9956
1633
3391
529
3053
3376
114
8460
2615
3784
2419
2490
8386
9435
2698
7205
7552
8272
4432
6632
4742
9460
5904
5703
8495
2848
5332
4880
7242
4993
8275
86
9829
2242
3371
5447
59
6854
5544
9447
3038
5036
4846
6850
7430
2526
1830
441
283
1433
7034
242
8113
922
9922
4818
9970
7736
5517
8107
3137
5484
5614
4991
3604
5129
7267
300
3597
6212
5664
1782
5208
9973
2119
9204
9551
1788
1010
8484
1630
5467
8867
2823
7122
2402
9130
6199
7313
4853
1695
9970
2289
5485
470
9397
7004
5227
9185
6716
912
5234
3680
84
5343
8213
6482
3623
3353
1137
7893
8026
3008
8815
4485
3787
633
832
7632
4670
7029
8936
1202
9145
209
1849
1634
2629
4206
236
7971
5150
882
1974
604
1387
1991
2390
1865
5301
4177
4294
7233
6702
8554
8743
9453
5720
49
4839
7392
6429
9695
9007
976
9719
8258
1781
1725
2637
8572
4475
9776
8682
1000
6265
7710
6030
3735
2649
2705
715
6471
3681
4593
1932
1588
7474
2388
9966
4781
3499
1388
2288
4984
5873
2697
8107
5946
9386
1998
9956
5543
7727
7328
3958
3822
6297
9358
3242
187
4606
1157
4372
254
7235
6653
7906
8278
6975
9337
6523
7935
797
5518
2638
7624
7819
9353
4193
6821
4724
7849
8027
2786
5803
2728
8440
2246
2055
3210
3724
1426
726
9808
7231
98
5337
1173
3809
1057
4806
4269
6450
8089
8528
9567
6885
8595
2510
9018
3009
4228
5870
2681
7026
1092
7850
4586
4569
2042
8597
3794
5006
2520
7201
5765
1779
6453
1832
9415
7001
1455
6604
3828
4554
5953
1491
926
3379
9391
3137
9618
9846
3902
3743
4176
5810
8911
8388
3759
511
1555
3361
891
5935
8662
7249
697
4407
7209
511
9062
1615
9274
1622
8671
2342
3380
4750
3031
5552
4423
3261
1782
2850
6986
1630
9223
7424
5097
208
6971
2262
1912
6688
6815
918
7259
4921
134
9920
6837
3796
5983
4729
9796
8406
8475
1199
1446
7215
1229
6917
6556
4962
166
3919
587
4720
6523
688
8334
4959
8387
1314
2926
9384
6391
1729
4310
1962
802
7184
2454
7333
1576
5026
7979
2290
9944
343
4468
1161
3565
9051
6398
3117
3934
519
8500
9463
1629
7604
8495
3092
245
9939
7281
8774
8020
7035
3704
8052
8023
2284
9949
7357
8770
256
1445
6044
8712
4800
4790
9455
1558
9666
6386
2003
952
3440
8812
6206
21
2512
3401
517
8931
9779
3689
4211
2904
783
3388
5001
7241
3564
9079
4880
6580
6397
3511
8954
8778
1339
3103
1600
2681
8444
6872
6307
2449
9233
3908
3835
2788
5937
843
5241
2843
3261
8781
142
4232
9588
6814
1897
5213
9649
279
3797
8572
6079
4086
7208
3288
1413
4477
6076
1456
9592
6346
7341
3381
1031
1473
9973
4973
7224
9677
8814
8547
8425
1401
3669
9880
4056
6295
4461
1048
3984
2821
8299
8367
3318
2411
3993
7418
4819
8334
9257
1578
7771
3433
7044
8716
9026
9604
1391
5466
1670
7067
679
3096
1556
2610
5854
4797
2526
7773
9192
534
721
2517
5126
3579
4938
5628
4917
6211
4407
8343
2193
8464
8002
515
2525
8945
5316
3583
9846
5904
5829
7915
1066
6922
5667
5451
3269
9241
3023
8987
5850
7137
3130
9509
8706
3386
6256
9454
4089
258
786
4472
898
1214
624
1376
6513
8771
6163
942
9380
809
981
9364
1767
6807
8288
9120
7516
7996
5010
1517
2482
9909
9752
5407
7129
2967
9344
5878
5222
7330
4011
3792
3861
2667
4840
8461
263
3138
2509
5464
8631
9444
946
4237
285
7168
3809
8669
9596
2461
1475
8700
4015
4415
1353
5318
8771
7029
9764
9166
5931
1591
3539
3577
6135
96
8554
5932
1544
8024
4328
7335
5107
7493
4108
5088
770
4176
7507
9126
1257
4407
4876
7937
1461
1383
3308
7550
6222
5963
9477
5319
656
4418
7170
7314
5133
9394
5449
8540
1032
5084
6596
4345
3536
3046
5280
6258
5988
4156
5114
9784
5393
7716
7651
3292
8839
1879
2672
5002
3511
437
7706
1866
248
7410
7048
3869
8233
351
3156
9230
6819
6781
3140
3115
8951
3746
4716
2435
7766
6482
6576
1363
1247
5588
7134
478
6925
3362
1329
1144
5299
1066
1791
6637
4171
7635
7724
6020
7089
2662
7975
2604
8522
5392
7351
8277
7972
2816
1510
8008
9046
8505
788
7610
561
1439
493
8705
2175
4174
1599
940
3560
6821
6548
4420
4999
1596
3312
4395
2526
7209
7153
8568
2377
8403
5945
5123
9854
1
8184
7996
5449
184
7548
1619
4782
8096
2915
8005
3391
6706
9719
4741
9635
7701
6141
2644
8339
6884
7207
5091
181
7989
6314
1884
4868
8428
2382
5084
3065
3378
5972
2064
1121
8955
936
5705
4282
3888
4264
906
4567
7962
4452
7903
335
5513
2190
79
8513
8727
7275
4902
4851
4579
4464
6693
5434
7164
9878
725
677
5764
1611
8701
7498
7476
7692
4016
3776
5683
1137
4655
8498
5449
9571
2842
6349
4074
8549
7926
4005
3691
955
208
9778
2323
1586
6034
3676
2230
2317
339
7308
7181
3951
2325
8672
2642
4241
7284
3636
5906
933
7913
5994
2398
9475
3252
5775
9771
1626
5313
9416
5699
7814
6461
8027
9717
7747
17
4115
63
8842
2303
1920
9662
2943
9921
4569
9727
34
9925
223
3075
7613
7592
172
4841
7139
1379
2438
6005
7687
4315
747
7331
7435
4858
1057
872
736
65
2374
7314
6985
6745
7005
86
1259
9882
5391
3362
5577
8185
2776
9128
1527
1620
6979
9839
2346
7433
9113
8393
7279
8036
6423
2409
4195
1996
3529
7291
2745
3857
740
9027
4718
194
986
9770
7499
2654
6156
5133
8657
3745
1582
3820
6478
9352
4662
5152
6720
3810
9845
4093
6601
6469
8588
9714
6516
894
4564
4260
7744
1197
6190
7730
5291
6668
2597
9317
3734
1966
2551
6490
6911
5490
2446
9917
3135
4905
8136
5073
1227
873
4214
5525
1108
9718
365
5718
9141
9219
9217
7812
7343
1408
3750
9770
2600
7932
3222
1348
1922
1965
8598
2243
8998
2150
1567
9008
5953
7440
5943
3136
2680
5168
9
5012
8670
6219
3195
1732
7420
5249
7944
9634
1140
6174
4279
6399
2836
3858
4221
8138
5922
1981
1720
1370
6960
6610
8637
4837
9281
4169
506
8742
493
7282
1933
6036
9323
4528
8119
1603
9881
4015
1861
5868
2545
5745
7833
1889
8939
2181
6045
2607
5327
7834
5111
6757
6688
321
371
7132
7178
7016
3539
3283
8792
4865
9361
5907
2711
5007
8104
2240
2788
2486
2482
2636
5601
2403
1263
4661
1300
7100
3212
5269
1086
2679
982
7950
1808
6876
1426
3288
8191
2105
6994
8128
4109
986
2441
4487
7099
2525
1080
4135
8188
3089
470
217
4607
9475
6402
2782
4246
6135
7061
5192
6679
6295
3864
9358
7782
2014
4295
2316
1072
3208
1194
8919
4578
8872
4441
9650
1191
8260
1795
3808
338
8554
4877
4887
9029
5036
7116
5180
6241
9151
3398
4426
9730
3376
7212
3598
2587
7599
7380
9410
8568
4168
6248
3866
318
8641
9682
8578
5583
1247
9424
9367
9709
255
8992
9527
1128
4753
9878
1842
7961
3417
5454
5840
4731
3981
4371
4370
3884
1732
1773
9190
6426
8865
4386
8838
2552
5688
3609
28
94
9022
8053
3688
6131
7301
4583
3917
7924
846
677
9642
1496
9552
2143
3924
9816
412
9254
1688
4513
1276
6109
6468
7645
1415
9516
249
7592
4367
4116
6336
8378
9528
424
7863
353
3131
1773
1365
1971
7881
6103
2198
9071
2620
490
5780
4637
1821
6048
9044
808
8008
1854
7003
9246
3337
1411
2381
9293
6451
1944
1139
9165
8646
3811
4534
5278
4636
9105
7046
3579
7093
2992
2299
7108
7448
4405
4515
3969
4390
3652
949
6918
271
3218
1120
2495
9406
8206
9927
724
2388
6349
9805
2135
8121
6059
3261
5398
7807
485
3366
9761
3245
3071
639
4259
3569
8916
3183
5438
3550
1221
5959
1571
98
4920
4689
561
3403
8920
307
1179
2785
7961
9025
268
3425
1105
1072
8647
9176
4569
7105
1880
6369
2955
3599
1685
6252
8561
8622
1778
1953
568
9435
3775
6714
4773
7091
3090
5704
2930
8664
7249
5984
5039
7142
7003
5200
6501
64
6872
7765
9429
9868
7218
1627
4667
6711
1647
7630
7669
3055
5391
9264
5190
1025
5540
8124
6166
4165
3654
9425
7402
8334
1168
5120
635
5564
2085
2541
8791
8150
9537
6962
2053
526
8837
5437
6146
3971
8609
1441
365
2832
6123
9300
7175
5786
567
2994
4433
9613
4384
9240
8298
2290
9926
8704
6671
5952
3844
5361
7044
6648
8873
6831
2141
58
4902
1499
7919
8997
10000
4005
8801
1700
1168
9960
1525
4844
4597
844
4819
1453
4580
7647
3458
4440
4328
6549
5044
6804
6762
4486
6090
3180
1878
2296
3601
4217
7029
9939
15
5708
5231
7249
6123
8971
6643
6892
2570
287
4504
2758
918
424
8074
1991
3523
3591
3728
5109
1839
7985
5630
4018
3053
5827
6671
443
6557
8393
837
2340
549
182
3749
5078
6600
486
8747
9660
2063
5177
3298
2137
390
4585
8598
2075
3116
3662
1224
3487
1661
6230
1095
3974
2051
8387
636
6838
6219
3528
9383
9921
1817
4568
8258
974
5084
5099
6720
5135
6465
1939
4948
1118
9275
1613
2472
2721
4816
2226
6073
4609
7995
2235
7490
875
294
8810
7816
9964
2548
8440
5333
6980
2143
7691
3280
6226
7960
552
7600
1391
9086
6127
2330
9795
6265
5292
839
9389
230
5635
1021
4868
5687
6621
3420
4967
580
7087
4687
6243
3284
2852
2729
7360
6764
4472
1106
9942
8990
318
8403
2280
9307
2929
1421
7755
7971
7385
8631
7677
1286
7190
7648
4995
5866
7845
4223
6290
1524
5630
7627
4835
2885
6897
3913
8728
4121
8913
6160
4181
384
6980
2153
9494
4257
535
7689
134
5481
394
5583
2548
810
4236
4598
7750
3356
6517
2896
2331
761
9591
6591
1611
2616
7640
233
9376
9208
8241
7000
194
950
308
7770
4595
7032
3802
1244
2751
5035
8340
8645
3450
9984
6111
784
772
8037
4567
4746
1125
850
109
4620
377
3356
9964
248
1022
2741
5480
6401
2645
2680
5097
5857
887
208
7269
9116
5629
9391
6622
1179
9849
2722
1215
8215
3952
1947
2931
7988
6849
7508
6518
9376
6585
9714
8096
8574
5780
6238
708
9773
3794
8686
4884
8045
7026
5223
178
8905
1967
2375
583
1471
8
1081
1149
5797
1760
9163
5610
6369
8661
1908
5779
4185
3631
5509
7655
8666
3631
9663
7082
2534
2232
8199
4255
7094
2787
3203
515
1119
7989
9796
9618
2714
9494
5281
29
9010
3792
7845
2341
8818
6181
7923
4950
6986
5153
2231
3605
3756
7079
8697
1801
7687
2991
3376
2514
8236
2573
389
9682
183
5129
5521
9586
1955
9358
1833
441
2038
2341
8349
7102
1357
5442
2398
5269
7972
3332
1597
7119
5900
3934
3202
2310
3502
6823
6713
8530
5564
3803
5090
1831
6894
3750
642
8715
5233
9558
4522
2986
1134
3148
1931
4684
9272
3996
2370
3100
6882
4983
5373
1527
5709
2099
5085
2805
6460
2933
9631
6307
5638
2860
1023
391
6864
6684
3669
8710
4573
2968
522
7711
539
8729
7197
7439
174
6742
665
9274
829
7047
9266
2104
3743
7763
217
2563
3480
3285
4787
9950
8733
4065
1842
8041
4906
2803
4244
4149
7695
8096
6907
3565
4527
9881
2763
2437
1834
3429
8956
9934
4893
5091
7526
2900
7784
9226
6168
4882
2492
7041
6908
9226
1032
4323
7209
5751
4939
4905
5592
7394
8950
9813
9829
4765
2572
1893
3023
6751
6375
9706
28
6330
6335
9706
8029
7391
5121
6526
670
6456
6514
61
1492
3642
3291
3018
6706
6342
4746
5984
9101
1011
7109
1767
2624
951
5277
5575
8494
287
157
4083
1822
5814
9955
3179
2242
8306
5051
4569
7696
6086
8863
8410
1619
5226
9280
1416
584
1713
3575
6130
1255
5304
332
2836
4944
1952
1069
482
309
5562
9544
8875
8648
2677
1760
8770
1681
9555
3875
2796
6760
629
6424
4962
2661
4168
6910
3795
7029
1825
1059
2583
6475
2793
5103
5361
9029
7032
1221
2057
242
7568
6106
1318
6031
8090
9284
4604
4390
677
883
9686
4088
1771
6765
7718
1737
2172
2036
9278
447
4907
950
1557
1122
7770
8790
7928
6958
4099
4597
1768
6821
9687
2789
5003
5528
7036
7203
9363
6563
6447
6954
4289
1911
177
2455
8753
3776
4619
5126
2187
6923
3070
2279
1409
129
8149
716
1587
3009
4651
6558
5512
4477
8924
1073
6153
7312
8743
830
7920
6492
9142
618
6813
7010
2550
77
8568
1065
4025
5173
325
8989
1954
8863
8352
3009
6251
9590
4570
6398
9200
2386
5194
7060
2921
5030
1932
2556
5650
2382
3129
9699
1862
7575
6793
1946
4400
6969
2164
4455
974
7389
7859
648
3227
4466
1169
3303
8084
7175
6237
1188
7012
8511
4055
345
3438
9003
6176
406
3796
5480
2155
9373
8830
8153
53
4517
7194
9184
5914
660
2192
6702
877
9486
8687
271
4781
9704
8756
4876
5682
7268
7509
3155
8584
4051
5795
5751
9453
2230
37
1861
6509
9379
893
8758
4791
3602
433
1940
3348
1161
3037
7457
4851
9048
8128
6871
8914
425
1033
1379
2705
1196
3217
7473
3757
5003
244
9579
6247
6700
7911
9561
187
2627
1650
7437
1425
188
6423
9508
9041
1527
9664
7810
8941
5481
4936
49
8470
9825
8584
954
9917
3539
7334
6323
8997
1619
9322
5577
4023
5269
9102
8529
5206
9148
6844
8151
6264
7044
5486
1945
4534
8237
1214
873
5327
7321
413
575
6973
102
3823
2094
1006
5033
3355
3991
7515
1254
2378
805
1209
6944
5081
5865
6851
6771
8407
6311
6302
2901
5238
8919
3377
2791
5098
8774
3782
5437
6012
5962
6126
7100
7908
8677
7684
8742
6813
9046
2062
1984
3191
6166
7653
398
2354
6035
7925
9655
9616
1359
7954
3378
6216
5117
6263
9246
2827
3391
393
1735
489
301
448
9713
8757
4041
2039
7750
5668
8875
479
3052
49
9226
6648
7306
5930
9488
1816
1364
7082
6311
4189
1110
2940
4771
2951
7600
8411
2087
1829
162
4544
4784
4095
7075
8029
1258
7827
1718
9194
3713
8494
8061
2944
7363
110
3575
4152
2127
1524
1347
3509
4515
9222
4546
7487
8520
7484
5796
8662
9804
2282
6499
4929
4598
1625
9625
1354
7744
7782
344
3501
4000
2305
1207
138
3351
7
7777
281
1712
2377
4171
6801
2558
274
5074
6532
8064
6746
3629
3110
2960
2635
8364
371
5097
1584
6349
5373
5918
5962
9610
8358
615
7432
5147
2622
9844
9441
2782
2861
6712
7141
421
3352
7283
6349
5414
5348
262
1475
7361
4444
1474
3917
5623
1067
2507
7654
7797
3839
5115
2360
4948
6680
3959
2748
8188
5119
7674
4450
6645
97
2243
1205
4996
1316
6516
5536
1156
7517
3049
3088
5975
7039
3635
208
4552
4827
2915
5839
1450
2419
2297
2911
4141
4006
3466
7475
3200
9844
8204
7252
3590
9797
5823
2326
2327
1482
655
6465
3538
2829
659
6800
1971
1130
8178
8108
8125
4939
6166
4847
954
9234
3662
9935
278
2875
461
292
8360
25
1165
9924
6023
197
9014
7568
8932
1762
4541
8229
4035
7731
5362
5923
7487
541
4791
3440
3123
5492
8311
1788
1299
8644
2503
2873
1530
6545
6021
9555
3481
9568
3076
281
428
7890
5027
2567
7744
5872
8082
1754
5611
3029
6325
5799
4784
396
8008
8257
2017
3875
9498
3531
5016
1550
2554
7848
8959
4053
1711
7739
5400
2595
4855
9510
6907
5440
3874
3744
8969
3851
7654
3066
7509
3481
1165
6611
6539
1170
4829
918
9476
8600
6281
7836
4695
9522
9775
4075
8258
2824
4924
9054
7118
2049
466
323
3522
5222
3764
4544
8406
8295
2723
940
814
9641
6577
571
8728
4178
4397
8079
5731
9814
5890
6619
1147
9161
3124
8130
4203
8221
3138
7381
274
2093
253
191
9983
8389
6418
8347
1184
9327
7297
6268
5268
273
445
8955
6092
7654
5593
8861
2377
9586
8577
5149
5362
6661
7554
4834
3508
7005
9783
9767
6125
364
1726
2007
66
2414
3558
5800
6404
1372
5551
5496
1597
8156
2723
9051
4049
8326
7717
7296
7389
3355
6043
9945
7398
6079
9855
8824
4863
7322
5408
2567
7626
2151
2935
9803
4761
5707
8119
8427
5327
2158
6721
3488
4321
8510
1646
2603
2634
6516
52
2440
3364
9676
1934
816
2726
2857
6714
9998
2786
4469
5927
1251
6512
3152
2232
2899
32
3111
6594
5821
7720
2509
4139
2662
7450
5959
2302
6814
7172
69
7057
9515
6949
9064
4132
748
156
4225
2351
7634
6914
8453
4077
5642
159
1028
9809
4670
1555
7671
9979
8811
505
1055
9012
2381
7412
4390
9971
904
4713
9983
1405
7735
2912
7957
6065
1251
7137
2433
4842
1187
1309
6524
2105
7941
6914
9415
7420
3648
7606
884
6435
3210
5345
9802
5423
9419
9710
6376
6034
7490
1173
6306
486
1672
1390
1425
1650
8702
1138
5613
6022
1140
2515
3106
6260
2
6284
5276
2143
7823
8475
8904
7611
5794
7290
4624
2299
3007
2917
1280
6110
75
979
5279
6186
8920
6018
4804
1570
4218
8727
5542
6917
661
5889
6025
170
3985
7552
5479
8061
3234
3027
1921
1357
9956
6918
463
2995
2464
3706
4328
289
8405
8531
1718
7897
503
2479
1513
5597
3503
9086
7322
6242
105
8436
1071
7052
7410
6315
4952
2795
5052
3573
8285
6374
2051
5754
7528
584
8905
143
2593
4467
8575
8213
9249
7838
5984
8540
7509
7665
784
4598
1953
4261
3415
4941
9214
4720
4195
3228
4998
3920
5824
8341
6640
304
8172
448
8201
7778
709
8631
4718
4968
8786
9008
3390
3597
6838
910
9528
5700
6338
1569
1367
7731
5448
244
2990
4182
9961
5048
2026
3359
3553
8752
9192
211
9300
7222
8971
6635
5235
7442
7708
3672
2617
1009
6589
3044
4840
6771
5850
608
7908
3436
7060
8781
4092
4499
2160
2499
4172
5890
4365
4662
8641
2407
4547
3456
7787
9077
702
5824
7895
6532
6061
4543
5276
367
5161
8105
5394
4113
9848
6673
3639
5572
9470
9360
7288
5339
3847
3938
3741
3579
7562
4567
2614
4575
803
5332
6026
4464
5292
5647
21
2340
3697
2867
4120
870
4285
1165
8334
8937
9727
3880
1967
8693
1899
3831
4125
4982
4622
4329
4260
7181
8571
3374
13
2192
7049
7913
9556
3753
9575
5088
52
6474
9691
2171
4751
3025
6200
2981
4388
7630
8175
5201
4296
8262
3233
4223
8510
9078
2677
3638
2788
6856
9926
6575
6040
5355
418
6662
3440
9837
2344
4598
581
8762
3694
3019
3511
1478
8491
8501
9617
5781
2603
9097
6678
9727
7523
6927
8434
4391
8073
299
9194
4445
5218
6883
6416
8670
7215
3312
1729
9894
6753
8543
6017
330
4386
267
4749
7545
8224
6173
8339
8288
6938
7827
254
9282
5022
7877
5919
5375
6019
9393
1064
9429
4228
5501
9874
6449
1680
1684
6217
1995
607
9998
7404
3556
9372
6786
2018
9026
4697
1701
7869
5871
5227
4680
8900
4059
9982
8435
3444
2464
7913
8699
7370
6335
633
6465
889
8599
3227
342
8995
9470
6242
9939
328
1754
3100
5572
8151
6516
5801
5511
6090
3689
1932
8078
2911
5972
5111
4376
5876
5999
3411
3943
9114
3372
6827
3209
5749
7778
3310
1946
6700
1833
150
6781
4294
4170
4078
4386
9047
163
1957
262
7621
6357
1797
8887
2283
6084
1710
8979
2862
8646
6816
3422
811
1711
1237
3290
4615
7749
5051
1106
9193
9909
8996
5925
8771
3778
9224
1918
9629
9806
7954
1316
1398
5157
166
3247
8072
1163
6775
2959
5335
7896
2002
7147
4215
5477
2141
5404
6549
219
260
1446
9780
6397
6782
5876
3921
9750
7852
8232
1240
8519
4815
9340
5356
6907
972
2081
5485
4573
8483
5011
8763
1213
5055
4852
1921
1109
1736
3220
617
8413
3834
458
1945
737
5328
9990
477
311
7023
1231
5168
3064
164
4068
9469
6051
4271
3395
7117
2731
9308
3646
9900
2090
5733
9828
5719
2902
7217
9367
4381
2914
8343
1089
218
2356
3703
4261
8333
5451
9675
6729
1330
9350
7218
9830
2880
5628
9033
7523
2205
9356
8189
1270
1139
3004
9343
836
2939
5110
5976
3251
3699
7198
3171
4457
4332
8675
7954
5812
5839
4393
5571
393
1649
9856
8684
7736
7461
6335
8381
8358
4932
1557
3017
4151
7967
8448
3201
9868
1432
1193
7235
989
825
5488
125
6223
5790
2863
7087
1109
8660
2569
7892
6535
8617
1605
2391
898
6240
5316
5830
9304
7526
4674
1556
4487
1373
2330
7442
7117
2339
5601
3854
5336
8019
5283
9327
8044
12
1541
723
7809
3000
8114
9508
8565
6404
2056
5101
2754
6623
8177
9844
1260
3706
2837
6896
6855
8247
8908
9900
9319
1610
9949
8229
8159
2901
1266
470
2373
7764
1797
7371
1864
8476
4841
3818
3741
4631
9484
3113
1781
9817
7898
429
6
6512
2777
4430
7291
7262
4088
2064
231
4067
847
8714
7355
6500
8886
9801
1328
9828
5356
6284
9548
6805
2303
7448
9859
7654
17
4737
7380
3569
3088
8827
5279
7754
7456
9941
9901
5114
3068
86
3833
3630
3628
1897
6595
2134
1452
3152
7458
9448
8209
2777
5805
8945
892
3703
8409
1945
790
8158
3791
6030
3947
3263
5829
7162
2463
2935
681
182
8716
7095
2210
7833
1206
6935
6218
4320
7378
6897
2476
2816
9879
6403
7953
2200
1088
5994
2921
2233
9883
4955
5187
5508
3231
1167
1007
2505
5557
5724
3164
4254
2268
5331
892
4419
1263
8283
8316
8858
3489
9925
3475
5800
4176
3486
13
4901
1039
6765
3814
3724
172
6153
1400
2304
6403
4298
2797
8767
9847
5143
9259
4131
2708
4387
6399
9159
5994
828
8420
2906
3264
8495
9233
8138
2639
2433
346
6722
1967
1324
7101
7444
8424
3127
8949
2928
3681
4792
9841
3771
2425
4072
8851
857
5882
9914
8236
8675
2411
254
4704
9057
554
3897
7878
3478
3339
9709
8566
7986
8905
4160
2013
9658
4263
9058
9455
7828
1422
6236
5283
5635
8031
3200
8638
8478
5956
3178
6734
912
7491
1804
6736
6655
7883
1
7497
512
5656
7103
3749
9916
6040
6748
772
4400
9101
1659
6950
8937
1050
8154
266
8428
4294
7142
2331
1339
9699
4356
3631
5275
5082
710
7244
8109
65
985
8816
8249
5328
2287
9797
8777
5060
177
2794
3735
5017
6016
3295
7582
7585
7195
3991
3425
4960
7940
6406
8089
9027
8383
1391
3649
3599
146
350
150
8837
9265
2254
7030
5901
30
1953
9902
378
5157
7971
3745
9935
9978
864
5960
5235
6885
6669
266
1034
8200
201
9375
4253
1693
8441
1229
4568
2848
2940
9421
1236
3105
1995
2822
1259
7501
8485
9339
8067
2343
9287
4605
3227
1293
1306
3003
290
2686
1652
347
9007
8135
4015
2764
1348
2590
1265
3663
7506
409
1048
9064
2322
7517
9001
6414
8591
8655
8065
304
3030
4201
1046
562
6827
8234
1751
2803
4230
7229
5826
4321
4256
1791
9846
222
2608
1416
1724
9653
1824
4610
5590
8687
1420
1873
3418
1633
480
6380
4351
297
651
8152
4608
2770
5510
1087
4961
1900
8915
3573
9335
371
2345
4101
3087
107
3158
2504
8985
6726
4535
577
4233
9826
1803
1816
419
476
8664
4787
3785
5368
4985
9226
7000
7127
8933
677
8938
6226
2776
7785
6484
9405
3410
5879
5274
4759
3082
6750
4265
8407
3364
7658
611
785
4470
8314
3108
591
5412
1680
8794
7670
3739
7382
8693
9921
6893
9332
4323
2400
5513
3992
4237
671
7176
3296
5399
2041
1800
5105
4553
7049
1905
9439
3103
5921
4059
4322
3355
5208
7356
8447
5563
9227
8880
5969
5639
6422
5550
5096
4756
3240
6904
8653
6883
7635
2385
9589
2430
4649
5795
6935
1413
4886
8248
9427
1111
2342
1007
9048
7570
5482
5621
4919
6751
1214
748
2538
9116
8156
3211
2716
5132
5196
2599
8128
9084
7671
5280
9840
9018
3768
9523
9239
3844
4060
9512
2634
9337
7252
9909
7262
5515
2187
4821
6007
9366
3445
3269
5266
36
5598
6586
1948
2590
6954
3967
1337
5348
3349
3282
9783
4881
8686
8516
9374
426
2835
5010
2122
2885
8454
8542
4953
2670
6513
7365
9942
9215
5099
5605
9590
6471
9853
9448
8276
4099
3907
7315
8249
9597
4772
1134
3952
7553
717
2982
9978
8414
9309
9955
4688
111
3110
7528
8641
8534
1356
4902
2582
188
9236
3048
8071
852
5440
9184
2150
5844
2815
3654
2711
2157
5958
6355
7818
6430
1013
5800
5002
9740
8322
8862
921
7730
5633
4113
1287
3543
7677
9999
7299
2443
2642
4121
379
3095
9721
5503
8835
9989
5206
9529
2655
618
2691
7695
7191
2283
4543
928
5918
2137
9419
4791
8130
8117
386
9769
1041
6110
3523
9964
7460
784
2442
7373
2471
7473
5712
8083
4771
7786
6096
1815
697
2248
3957
2975
3727
8078
5326
1392
3437
7016
4788
5709
7975
3007
1606
9004
9295
8260
12
6430
4323
6784
2123
5204
8410
9203
3909
902
5555
8595
7091
8924
1982
4045
4869
4421
9665
5400
9769
7028
6827
4131
8240
7434
3507
7636
4032
465
8888
2369
1201
9531
3348
6661
4579
2376
8675
4308
9654
743
1819
8196
4668
3593
9994
5568
9000
7038
3811
4415
4996
9401
1357
147
724
2191
5824
1000
1638
148
5151
9746
8899
5636
4093
9651
7803
4339
9543
9920
622
415
199
7466
8571
5705
252
4363
10000
9988
6777
9974
4884
2440
4200
4896
8342
4505
7307
6926
5266
3276
4082
5261
9864
8433
6764
7883
9852
9579
5186
8048
2113
4014
4525
5169
7742
4624
3249
7579
7112
1339
3603
7901
2375
4333
1956
3044
2394
2117
1305
6363
5964
1069
2207
8440
263
7727
2547
2997
2856
83
9330
5355
1786
8361
4994
7029
3022
5961
5237
463
6817
4162
3360
2302
2649
6276
5619
7091
6654
15
2656
2891
8442
6252
4519
8595
1365
9007
8054
7967
1430
1994
1503
1595
9094
1915
6303
1113
9734
955
3998
5965
9586
7736
4804
6179
9924
8214
112
8009
3558
5884
375
5612
7542
2719
6861
6385
546
3131
654
1
7608
3348
4546
8653
7387
1314
1497
2521
6993
6226
8232
3442
3154
4886
7084
2448
9731
7089
9892
2618
3418
4832
806
5107
3106
7302
3217
8644
3438
3815
1431
8994
8853
8755
1630
9131
6752
340
1519
6346
8519
3949
6586
7060
5665
414
1472
6844
4995
1029
151
5577
1368
7454
1063
8050
7300
732
678
6453
3750
7543
7178
1523
6256
2682
8558
7244
7132
9147
7130
7995
5737
4959
3862
5953
9516
5482
4555
659
7827
5511
6228
8904
7142
3800
2016
796
1039
4131
3263
4350
921
4757
3243
5350
396
5851
1496
8059
5777
3274
7342
3365
6966
759
6835
7077
1776
4086
5137
8423
7772
1411
113
8027
7527
5035
9796
6028
4006
6825
1571
4333
4796
8689
6844
9286
9215
2353
5698
7047
3300
4823
1300
6207
7448
7336
9185
3555
5850
4337
9840
8933
1813
6931
9089
1619
3630
4977
5054
3437
4393
9573
5134
4428
917
3827
4144
3070
6700
8663
7619
8454
6082
4242
4197
1439
8428
406
8368
8661
6169
38
6585
1178
6033
5955
423
6066
5039
812
3693
9404
334
6442
8830
1514
8889
6838
9526
6264
6467
5408
5172
9216
1601
9284
3536
1166
4921
6298
3857
1847
6015
8873
6541
5853
5641
7621
1592
757
3858
6984
4350
1812
3155
7295
4813
5958
6760
8477
6043
9188
4598
5491
6530
1569
1284
9833
173
2128
1242
9988
120
5482
9716
6224
22
3153
2666
1184
1909
3627
1341
4693
3802
5109
2033
9977
6777
7355
4316
9651
7619
4289
184
3204
1282
2743
4156
9370
1626
4133
6868
8796
2583
1343
2816
7657
500
9918
5953
1628
7761
7003
6500
8355
7690
3803
5219
571
9901
743
4683
5783
4302
7113
5215
7712
7061
336
8758
9911
307
9558
324
4699
7524
3639
6126
9639
590
4372
2596
3994
1794
8305
9513
1428
2620
8563
1670
6376
8384
9336
7595
915
5366
6567
7449
4194
7699
1341
9219
2737
1864
7028
2987
6471
664
6906
8133
6949
5780
995
9538
4415
8866
5776
5900
992
4578
2572
7436
294
980
3663
5152
8111
4457
7331
1369
6911
4225
6751
6904
4355
623
3851
4652
5326
2775
3151
1628
4124
6407
5822
6653
375
5317
2575
3316
5904
8919
3958
3608
9734
2118
8288
6311
1066
775
2732
950
6031
5391
189
739
3706
2872
6323
7644
3370
669
1217
4550
7717
364
1600
2830
6122
8799
2775
1197
1520
1994
2635
9101
7691
5371
4876
3297
3798
4765
3415
5479
3520
7371
7717
5234
8570
9586
9178
4944
411
5664
9667
4084
9707
7076
3746
1485
7991
7777
3852
8312
24
5402
2381
5029
583
690
6726
1968
2446
6069
554
7497
4537
870
1982
251
4884
5588
2135
4829
8487
8725
8751
4302
8966
4844
3840
9386
5035
9221
7712
5683
8526
1415
577
5872
2950
5348
8701
7424
9583
3314
1561
6739
4015
3577
9169
503
1368
5052
2704
2517
3988
324
8585
8705
8564
7151
8234
4803
8419
582
1490
923
9478
7269
8491
6107
4308
8563
8460
6592
3274
1489
7359
8592
3979
9333
7875
7383
6165
930
2252
4004
2398
1769
4964
1384
2035
8915
1912
4812
9938
8345
9952
1885
443
8628
5620
3396
5216
1520
1672
5172
5384
1971
2012
4329
3707
1094
1127
9565
8181
8816
2381
4903
2418
7297
4425
6552
4018
8129
1622
7422
7249
4898
5991
2485
1302
2125
1219
8355
9517
4501
6584
7286
7937
1604
6148
2857
3973
3107
5818
1479
4779
1894
3829
5622
5751
3233
2707
5946
5791
1460
2596
320
7518
713
9206
3130
6597
9264
2763
1572
8628
8178
217
209
9274
9867
401
5608
6538
1123
2573
5853
4873
8697
3431
5150
7697
319
742
379
9564
3644
7481
1101
4160
1457
7237
9555
7452
7118
8985
5791
9970
6174
3228
4050
1546
4500
7855
3294
3825
5241
9181
2019
6852
7893
9166
3886
9150
9213
7208
6985
2221
677
1813
7872
1365
8768
5720
4622
2068
851
9206
494
4035
1445
8241
2675
2605
8742
7660
4602
7905
8912
7814
6304
1818
5453
2271
7911
5780
4410
5573
4428
4467
2410
5902
2659
4350
9637
1190
4221
8015
7220
6811
4042
3151
6979
6733
7495
1708
4985
1964
9341
1082
2828
1758
3082
5066
3392
1536
8860
4807
5441
3364
1877
3327
7227
3829
5932
2731
5960
4225
9810
9848
5448
9489
1566
1848
9621
5425
7019
6621
6967
9936
3236
7737
1161
9772
4777
4983
7544
9381
4450
3312
3879
4077
2729
1880
4456
8779
5643
3500
4035
6094
9824
713
5335
2137
7898
3407
4344
8469
8150
5558
677
8941
3188
595
48
6570
8752
8560
6237
571
7790
8418
2813
3423
6413
76
3497
6163
4185
1515
7180
759
7753
1413
3656
2203
4242
7172
8376
321
6646
3401
2057
2769
5673
3218
6952
1037
8888
7250
1403
366
243
2524
1460
4704
1700
3020
6134
8923
383
33
4020
4434
6195
4667
7245
9523
7310
2633
5680
784
6053
1021
3228
3305
6820
7022
2656
5143
1399
9226
1132
6179
6417
246
1499
2339
7191
5080
6437
4372
8058
666
2427
9317
921
2657
7672
6036
93
324
7300
2248
3575
8984
9656
1485
4707
9821
9099
4854
1611
5814
2459
164
9455
7323
7676
9475
6835
6130
3649
199
4642
2770
1873
2739
8684
3976
938
9408
1537
8734
5443
9359
7244
7245
9608
4263
3958
8838
7115
1145
1408
6083
7238
553
8661
4788
467
1308
8298
6380
3302
4919
2994
3045
9312
7191
7685
9143
7250
5755
4667
5790
6767
8710
3072
3635
9467
736
2984
3406
9358
5888
5199
1797
9042
8182
989
9740
8510
9625
7742
4401
9731
9767
1590
2137
7690
5384
9032
2304
9128
9806
6963
4715
4959
1625
7088
7806
507
7944
306
978
1483
4728
6078
7797
2678
1322
4758
7667
8849
8716
7356
5390
8656
8909
1863
5856
1273
2136
2062
7028
7536
374
1588
6634
2469
2195
2741
7689
5831
2286
676
5435
3699
2577
6622
7664
3395
7997
4639
2663
9595
3977
5807
3161
6272
9861
4440
7773
1782
4840
3839
9949
9143
426
9012
859
8503
8305
5328
523
281
4822
257
4123
1368
8076
8278
7647
9149
3197
1155
6078
2023
8361
9612
9928
5626
5890
3570
8475
8367
6139
7692
1478
9991
8171
4819
9591
7000
6591
3601
9623
9519
8589
7258
8131
5118
9770
2491
2618
972
4360
3369
8067
722
2889
4577
4773
6146
7880
2910
1047
6724
5046
4780
8545
2549
5368
1398
4368
7817
5387
3025
1355
9181
882
9815
6370
8987
4333
6714
6266
6861
4942
1190
8941
6593
3177
7253
2294
4080
3111
908
2335
5647
2172
6204
3754
819
1914
9278
1548
1426
2499
523
2885
3809
9869
5290
7014
9139
1227
1319
8260
2740
6690
738
2350
7174
3839
936
1264
4229
9010
8346
159
3345
8156
6527
757
2557
5862
231
2258
2952
9630
4044
1094
2481
234
942
7156
8990
9832
8126
44
745
6441
4791
3705
3052
8488
4020
4137
3331
2224
1702
808
7463
7155
3869
6246
2895
7402
7509
6674
932
480
9428
4072
2446
9917
8803
3945
9817
4019
9048
8055
8736
7099
4463
6631
2937
7295
8587
1692
9206
4253
5221
1740
8285
1021
7575
4913
2254
283
3488
1901
8545
5135
4101
1638
9731
8016
6036
2630
5755
5796
6853
3205
4954
1354
3969
1537
4854
3665
1372
1231
9711
3336
4030
2280
1239
6686
5147
1432
4013
4373
7116
8074
9664
9459
739
2559
5865
8797
1669
1745
2505
4996
9447
5647
66
4929
242
5221
9889
124
8075
3949
5152
4952
9479
952
986
2879
3066
9618
8922
5314
3176
4217
168
1564
2361
5191
4975
5531
4774
7237
4934
1085
2070
3805
8361
470
9275
4395
3820
8129
638
7459
7777
6336
7338
2846
2997
8219
6735
5614
9087
8628
9474
7698
2641
6150
6479
8032
6628
1163
747
3215
7372
9037
2907
9744
3708
9537
7664
5803
6796
7417
1083
3311
1499
1051
4653
605
6698
5730
8762
9157
5434
1133
5658
9684
3085
7342
9406
2807
2763
1571
1989
1745
7442
3574
4681
5767
933
6031
1132
9628
638
3947
5296
5297
5037
3016
2458
5605
1210
7824
823
9847
8980
1414
7711
9540
5298
2070
1030
4236
6309
7606
9533
2993
4986
2627
3299
1661
7679
4322
2125
6773
3466
1219
8198
1384
3223
300
7246
9130
697
5769
988
4353
5714
7632
9719
5173
3193
9657
116
8225
9719
3406
3878
158
6512
9671
4455
4570
5655
8325
8387
7556
4193
3376
7486
7251
2091
6142
3892
63
9790
2793
6078
1722
4512
8630
2241
4871
1105
1128
4879
7320
232
6971
7944
5628
6101
833
5865
4976
904
6891
7461
240
9364
9822
1030
6139
8963
8084
7377
9763
835
4638
6161
7359
3703
6173
8493
8625
4411
6859
4591
115
6501
3153
4290
9124
2166
381
6976
5854
1138
7812
8608
5004
7034
2682
3994
9545
7391
7264
4784
8033
7973
7323
6419
651
7494
3248
9785
3049
2658
7040
2500
4038
4871
2854
3291
7293
9571
8139
1038
1506
917
7694
1328
1488
2171
7843
3761
7139
1444
8871
1791
5656
963
1337
2975
5830
4478
4760
6252
966
3391
9903
8927
1345
9576
3725
8471
633
4810
450
9132
3127
5650
436
1975
6505
1038
8825
7282
2870
9375
1581
3859
5439
7827
5192
9328
6695
9902
1429
5798
286
9908
6918
4461
7832
7237
7355
9647
4078
5843
2469
7675
7471
2402
3052
4689
5724
1055
3806
756
1508
3938
4654
4214
8231
5826
4509
4359
9596
1802
1124
1372
9551
5997
5407
3409
219
4403
3098
9827
8052
5094
5847
7014
3668
9443
3265
8131
1065
5127
8343
3983
108
646
9380
2797
1861
2206
7268
8237
791
5072
7601
8166
4831
9687
7944
3545
3096
1426
1240
7002
1509
9475
8486
9508
253
1237
6406
6369
1875
111
6268
7476
7406
9966
6110
9297
5030
5053
6717
5270
8837
1064
4102
1308
8157
8882
3345
9572
9674
7175
5172
8610
39
9339
7992
7030
2015
5252
3231
682
8908
3254
6751
3474
9722
834
595
5600
5025
9187
4717
5731
9144
3063
9482
6800
6012
6907
955
7273
8038
4189
995
5790
9651
8008
4898
8986
3917
3569
247
1727
951
4304
2923
2497
6849
9056
9890
3172
3653
4584
2121
2210
89
7685
5029
5241
159
8256
8357
9465
3649
8069
3154
2215
1586
7038
3225
8376
8212
4787
4542
1554
3223
8839
5372
7390
2371
4116
4250
3846
5247
8171
128
1540
7313
2894
3586
4229
6371
1450
2482
1134
6813
2294
2019
2020
9186
9474
9772
3569
4227
8056
3797
3693
8089
8990
4376
556
5228
8251
4265
5917
3200
8607
1082
6329
5126
3412
3821
7679
5481
1729
4144
3402
130
1034
2229
1623
9463
2454
2407
5010
4280
9817
3511
84
6176
6522
7655
1469
2245
5700
8792
766
6248
8483
7150
31
9520
5829
3816
1976
199
5418
3433
504
6418
2734
5352
1345
4819
9070
7708
8317
5128
54
8390
9251
7975
5883
9404
3342
6234
3983
7306
8743
9127
6331
1735
4272
374
7835
9028
896
6865
5914
1579
9653
2882
3479
2993
8892
6158
9657
6919
3775
6645
4656
8995
2206
8262
20
5318
3986
6642
5837
7155
7323
6992
1015
2512
3860
1478
4989
4686
6894
3281
3475
796
493
4811
2425
3928
5769
8993
908
3816
3428
7944
1265
6303
965
4681
9770
4184
9443
8884
2884
8361
2690
6438
3162
6922
7043
9003
3300
3242
8549
5244
5399
2051
1461
5081
1713
115
6227
8642
9138
5521
6069
619
1796
3186
2635
6068
9408
4736
1292
2947
1463
3694
135
852
3230
5394
9558
9157
5942
3694
4952
7783
4023
6203
4512
4669
8308
9195
40
1973
804
1249
7837
2155
6753
566
694
5037
661
9973
5228
7924
8628
1676
3466
6887
3057
6017
5275
8345
7127
9784
6672
837
9885
6484
7475
8540
7887
3303
2490
6422
6874
4288
7603
8026
6823
4898
2740
1583
1458
4907
6123
870
8578
3838
3459
1306
8584
9135
5358
7272
8667
4592
6706
8401
8800
1051
9509
4910
400
5064
856
7938
6792
9497
4157
6711
3024
3760
7246
5153
7724
9390
9372
1122
2240
4146
3603
8897
9759
2278
286
1502
1221
385
9196
9169
450
6569
1610
6035
450
1093
6560
7666
2213
5576
2068
4919
2999
8398
2809
7882
4826
9444
18
2148
4981
2477
4755
5013
252
1967
4271
5127
5669
6720
1631
1569
2552
6260
5399
2809
6990
4424
493
2507
27
9902
1313
8845
2741
9347
2827
3378
9334
8979
5613
2896
1673
4448
2459
7785
527
708
8457
6310
9401
9778
8394
7400
9522
2478
1600
7903
7741
2029
1415
6816
9057
1775
8515
3437
9234
3892
6180
1742
148
3024
1576
2851
7942
5051
6298
9423
5730
1645
9435
1074
3508
8438
3474
2197
3847
1395
5190
8118
1030
4777
5682
1647
1814
517
2603
9444
6507
621
2831
9609
7280
112
4072
1748
8489
2885
5325
4408
8706
4976
1894
9700
3225
8773
1869
3497
1436
6057
5846
668
946
8983
9176
3812
3819
3251
6046
837
9015
9972
7565
5834
5847
4199
4400
3588
3514
9813
895
2675
3315
3479
2227
4527
7274
5064
2352
88
1330
7776
7745
6269
2464
7887
4632
5902
8181
7815
8503
3323
6957
4145
4156
1879
646
7920
8351
7581
8948
2632
2501
4026
8013
3023
5423
1525
4371
5234
2995
1974
8782
6620
9013
5788
9988
8180
6589
5543
2362
1879
531
7019
8800
5560
7343
7008
8315
7068
7594
388
7585
6572
1370
6764
9633
6367
2812
8574
6715
4365
8576
2848
9819
5538
4453
65
4828
4902
4125
3208
3784
9274
147
2698
9194
8600
5389
9793
8269
3888
9767
3900
155
9122
9277
6635
7982
6249
528
252
6768
4914
6113
7173
1868
5625
3400
6175
1889
7694
890
9672
4685
518
3594
365
983
3196
1585
4543
7103
1728
8978
1060
2453
437
3037
5061
3435
8911
7978
1998
2642
518
4411
3010
8347
167
3938
7416
8283
1702
6193
5128
2794
9792
3151
6447
3791
7127
9504
3023
4746
3512
5929
5369
2665
3531
1404
5287
2334
639
1731
5781
5049
2010
7236
750
6113
2548
5482
8821
4085
9745
2250
4535
1912
9608
9255
5943
7711
9559
1647
4501
2761
865
5299
1924
8004
2619
4004
6426
9535
7844
2703
2939
7728
8984
8549
212
9942
4805
3439
422
7467
5327
8339
2243
4130
1009
2913
8669
6921
4434
8985
5141
6215
3176
7929
5039
4400
2567
3539
8667
8073
4994
6018
7852
1303
8763
721
1110
3342
3452
222
2123
8375
942
2013
5111
440
3127
2030
1349
277
2350
4785
1
2728
2366
2943
5071
6575
3351
5424
4047
7898
7608
5442
668
1498
9318
847
6838
9336
8358
6055
9308
3425
2537
9594
151
7627
3162
699
6591
9103
3615
4058
990
5294
9929
6212
3066
251
64
5408
7778
8028
8297
1552
3343
5548
6834
690
5607
2712
528
8104
1111
5374
1415
8973
9525
5877
7751
195
1721
2410
8626
3011
7779
1334
9632
6835
8310
2598
1606
1313
2234
8374
2693
2326
6651
423
4731
9326
2040
391
9982
8525
2022
8261
2924
5540
5861
7471
6729
2408
1440
922
9434
6622
360
7266
6751
5717
8164
5757
3773
9232
9488
1688
5129
4146
9359
5229
2960
7251
8992
3079
1176
5163
8923
9628
4169
6424
2794
7462
9228
4813
6321
3842
8986
9999
2929
6892
3443
1856
7627
7362
6766
6978
3883
1890
1970
2565
8021
5293
4961
9302
9921
6916
9392
6891
6977
7630
7141
4513
6582
8856
6955
812
9497
6095
7893
153
8022
6372
6006
399
3455
9264
7915
7156
2714
5288
4738
8109
5675
435
6791
4925
7712
114
468
1731
6439
4732
9099
8064
7840
8501
5921
377
542
9076
8357
8509
6524
5568
8535
2049
2929
1750
2618
9921
8447
7031
2289
4262
9949
5213
2471
3314
1906
4798
8824
8616
9481
139
2912
2153
2844
4572
7004
2263
5640
9698
8631
2784
7188
246
8283
8222
4939
3089
9519
7509
1300
4496
8626
5930
9805
3969
609
2757
2736
8142
412
1987
3814
493
5177
1572
5009
9307
2231
5078
6271
7098
1817
5073
9552
6591
9685
2646
1282
8559
3189
8051
6346
1442
6408
5736
7217
5239
2410
8581
788
3250
1505
2180
7766
4167
4594
4642
2780
5332
7673
2205
56
3425
4486
5263
2143
7140
2009
6134
6532
3880
6551
4976
7444
5519
5972
1876
7604
5566
2022
3300
1284
6069
6408
7042
5951
3355
7911
2342
1580
2687
1123
4215
237
8826
609
3179
180
2008
5477
7129
9934
72
3699
1993
4031
885
8729
8152
2980
9665
8031
7747
791
1295
3707
9405
8570
6684
1479
4536
6442
1051
3568
7874
3820
7492
2741
4718
3801
9817
2638
8575
5914
6896
2511
8257
3610
4783
7853
3917
8303
2724
5471
6265
9169
1307
9152
9696
5867
9183
2775
8424
3166
6201
4708
1483
5157
8126
4121
7837
902
4692
10
7852
1861
3750
2630
5078
3648
8691
1844
943
9690
4623
8634
4382
4205
9408
6985
2141
6141
2930
9035
8753
9720
4774
7946
4086
7485
9345
3182
7494
9170
5529
3731
8868
7007
1307
6370
390
6708
5186
3026
8689
9072
2521
3456
5556
2952
846
4037
1524
4874
9348
5807
0
3696
6851
8134
3527
8985
381
6744
6228
3353
8795
6434
8585
2195
1633
9891
8390
8604
6516
1410
5726
1033
269
4267
7745
4376
5601
7240
3098
9910
8541
9881
8149
406
3084
5605
7986
1076
732
8801
4159
8005
7488
5465
773
1300
4621
4096
6609
2499
513
892
3493
1079
1240
6481
6416
8293
8960
8354
1627
3958
7955
4496
9804
3442
8218
5128
997
7837
3540
1574
4057
3611
8745
8547
9137
427
5834
7319
9968
4880
6415
3151
4212
7206
2989
9020
3304
2814
4157
7961
7124
3324
9842
1393
5912
3776
7777
5078
1205
9553
8919
9
5527
6108
4059
4591
5678
3205
422
1307
9090
4771
1088
8155
8999
4374
9730
8592
2460
154
3786
556
9001
4809
4973
7398
4012
7934
1762
9529
294
8638
5350
378
2092
6762
1140
6690
5439
350
3927
5042
9010
822
2603
1130
1298
2225
5608
6416
8607
4294
4099
8883
4503
1275
8681
6829
4943
6656
283
8348
691
9271
4075
5918
3623
6340
7106
3791
1982
4645
4169
1744
9269
6400
5059
6886
5652
3949
1111
3508
4699
9997
2582
350
3727
6750
5587
9798
7720
3672
2437
9013
3190
2520
2624
6800
7417
7197
3863
8363
123
3387
3553
8621
6194
4713
8108
653
2681
6727
2023
954
510
6493
6600
8673
510
3940
5151
3726
9675
6126
4806
8134
7741
9548
6708
5064
1704
2026
1173
3883
8250
1252
3607
6049
7009
6831
9200
8142
8912
5893
9498
2315
389
6727
6534
8305
8568
9599
6680
4130
6786
7395
3518
7647
6736
2526
115
3382
6170
7667
3877
7221
754
3016
8298
1557
8819
7726
1849
3518
942
6048
3517
8848
312
7386
5680
3679
9640
5635
8591
443
5930
3232
8425
537
5486
3632
5855
477
4248
7604
9727
3335
966
3041
6464
9894
605
9115
3091
2530
1257
3615
8738
1369
6638
864
9752
6524
6867
2903
5600
6968
1462
8209
512
4051
6793
2051
8647
3619
3593
837
9291
4712
7
6893
742
7371
9458
5803
449
4770
1749
8901
780
4700
9654
8147
3759
6729
7915
8181
9978
6114
1670
9156
7051
4350
4762
3176
12
531
437
4320
741
7792
6388
3201
9793
5550
5146
2302
5113
4166
5562
3854
108
6119
2036
6725
7266
0
7655
2574
6530
1357
1494
4676
9767
6714
131
2753
861
5415
2010
510
4280
1097
1589
6946
9150
8384
9592
112
486
4714
4792
5424
9213
9489
6507
9220
3385
5571
9665
3321
7357
5021
6511
4588
3352
207
6321
5468
3408
6550
4372
8894
1842
1065
1101
3751
3362
8734
8094
205
5873
4433
6675
9413
5544
2761
9684
415
6110
2243
1005
6068
1319
7148
7288
3767
4992
5532
7039
146
553
5478
6333
4903
4451
982
3025
8410
5941
3095
2581
9925
8390
8570
5276
4778
1195
1769
2174
7573
1557
8035
5347
6356
3243
5362
7191
931
4440
6559
7855
3005
748
6121
3060
6212
9536
9062
9424
4945
9993
7623
1043
9258
6356
4492
7398
8908
6200
4349
202
5877
6697
4463
5881
80
7988
445
9958
4262
7743
3733
3007
2811
3885
6798
7577
6268
2283
1742
1241
9246
6519
9791
5213
7393
2179
4735
610
9532
3564
6711
4920
8787
8492
5083
8549
8966
3617
7650
4757
3788
8541
8871
3344
8240
5680
2916
4637
9298
8579
9451
8472
5472
4601
3529
9090
5154
3305
5648
9456
1596
2771
5368
2636
1943
4409
9171
8290
6809
9708
1830
2583
4218
8312
130
8843
6982
5820
6085
7037
3697
2677
2342
9685
2062
232
1999
4581
7890
7855
2803
4583
5644
1501
3282
5296
2524
4825
6065
3856
4394
146
2665
6373
2580
2140
2006
4017
1925
553
1354
3014
1668
5901
1074
9342
8368
6174
8911
5990
7635
406
2300
7983
921
7056
9921
9189
4488
7726
3521
2980
8170
8566
8779
915
2978
2729
1290
7492
638
1386
8945
8807
4565
8599
8918
5405
1042
5459
8611
1025
3806
9454
772
7229
2098
6508
357
2786
4239
7193
5505
4133
1824
888
2717
7978
8493
6281
9525
4108
4879
1430
5178
6804
9219
7899
1642
6532
3083
6482
3525
1597
2575
8517
1360
1532
5290
9383
4997
4664
7091
2105
7699
7006
43
5883
6217
769
6967
3768
3927
4536
8620
6815
4454
8968
5562
3105
3953
85
4965
3360
3833
5781
8217
9548
1869
6533
1166
378
2275
6620
6794
9311
5945
7979
7279
8077
9340
7406
4661
8346
2727
2328
524
2837
8
8788
7637
3775
5164
7007
3983
2951
7358
5470
1514
6984
1526
2126
7392
8549
6645
153
3103
3902
7023
288
752
6407
8905
2154
6304
8202
4439
2518
8302
8927
3836
8774
9079
9129
3710
254
8305
3579
2515
3295
3152
2531
3304
4533
2210
497
11
2164
2135
4735
6296
9760
7427
5460
7725
466
5027
4789
6101
6473
2692
2897
5492
5551
7222
3565
6977
4866
6515
2183
7739
1750
3119
8942
8720
9267
4213
2050
7568
4924
7470
5666
8380
7770
7368
3346
1407
6788
8809
2109
6366
2004
4179
1330
1910
7130
406
4735
7289
2414
4677
2022
2370
8156
8900
1382
2892
240
4445
323
5719
5960
1944
5435
2311
3890
2211
9492
4202
6650
7428
7069
1771
3294
4521
4319
3270
9938
9222
7822
1188
2620
5538
3925
5525
5388
8262
6509
2958
5509
1378
3000
343
2413
2802
4870
3531
7331
3992
9755
1062
789
4694
4087
3172
9728
9273
8022
532
5124
4163
1484
8849
7444
2799
7826
5106
9512
6813
8462
2436
161
4668
5366
616
9059
9615
8436
7399
8101
4112
5221
6924
9545
6199
2297
3413
1829
7865
7000
523
6604
2665
4906
7463
4159
946
1250
440
2191
278
1915
6113
8834
3297
8425
9289
4683
8525
7822
6469
1233
4636
5603
4299
8591
3003
6729
4915
6895
5550
9294
8074
3481
7144
4425
2703
3090
2283
7920
8988
1788
3263
6857
5027
4175
1782
8337
6665
5656
1619
6694
3686
4226
3264
3206
6946
2953
6136
4746
3709
898
5438
6424
2906
4310
7868
5199
5014
1555
2079
5659
7576
9726
2413
2331
9914
5398
1183
9434
5151
5048
2527
3689
2812
4582
210
6116
1860
2798
9249
5862
573
7157
1005
402
5692
734
7655
1681
7395
8834
7535
1176
9778
6232
1684
3090
5377
1748
8674
5171
8587
5834
7957
2965
9537
4688
8194
4878
6985
5586
7091
3972
8300
3216
9032
6903
1912
6336
5968
6518
3749
1642
1998
4562
9184
120
7486
4964
317
6859
7248
642
830
2336
5594
2782
7206
8286
5564
6022
5330
7438
2106
4065
1239
2702
5644
5491
8795
1218
1934
4471
3200
486
9387
413
3879
6249
8135
5210
10000
7595
4661
1892
8380
9629
9030
4474
9665
9294
8541
948
9040
9814
2256
5933
9107
3905
739
7828
7933
5137
6462
9547
4272
2171
1573
98
2485
2245
3904
3824
2414
8117
8927
7468
2574
3468
833
6286
5007
6784
8329
1574
5351
3109
5848
6233
370
4433
5692
2845
8703
9981
3320
942
2392
7250
9039
4945
891
6397
3010
6674
7674
5844
3220
9419
9653
6166
5685
9767
8806
8498
5716
4597
4876
4662
8391
9374
7541
9060
408
4914
7005
8560
985
1966
3648
2361
1681
7412
9871
5506
5453
1399
3727
7344
6952
8770
506
3966
7475
9602
449
6441
9945
7940
5528
5765
3824
3769
1996
7393
6655
888
3317
3866
7605
1148
1919
2983
5655
7057
4327
7316
3497
3257
1433
5676
3200
1594
1455
703
7753
8649
4910
5028
8157
2358
2535
1038
5262
8632
7232
6340
6309
3592
2405
2071
1099
2644
8087
4417
7029
8907
8600
9213
3312
4921
6512
318
1561
7296
8476
3467
624
5908
2535
7664
349
9918
7808
7487
202
6093
5602
8588
5733
9251
9340
5325
2580
9102
9902
881
2293
4179
7613
2450
4090
6223
4334
3902
1079
5306
2601
941
6602
3382
4761
6075
1127
5412
7150
6670
907
5503
8796
9206
4284
3691
8142
2541
7136
5210
9731
1382
5437
7933
8367
9131
346
255
5811
786
7181
3349
1867
4013
3696
7967
594
6565
4956
5666
4523
4586
749
5449
9542
9114
4066
7828
390
2677
1306
7865
5684
6745
3101
8900
3427
1007
519
9015
9413
9328
4825
2623
6143
3429
8050
7167
8812
8758
6467
3002
2340
5626
8999
5339
9761
3332
38
4484
9481
6782
2717
301
2443
7532
8090
6170
5041
5667
9794
3635
4399
1356
3182
6347
9959
2581
8544
2662
2688
9599
9614
7201
5665
3689
5443
2114
6396
3192
719
8699
6345
5541
7391
9349
9673
4659
2096
9254
2245
8269
4194
5174
9390
4355
6572
1483
2758
87
4131
7149
8623
4079
6441
353
6988
5393
6713
4183
7727
9167
4116
2069
3104
9534
5408
8354
4334
7136
7343
3438
5592
1634
673
8255
1516
6312
74
5756
8083
4398
6612
9724
4153
3701
874
559
9413
9287
9793
2625
7955
1189
4492
3205
4928
644
1429
7613
1916
6223
5108
1025
1594
8590
1944
9000
758
9749
8034
2066
6093
7275
4494
9559
9364
2258
383
9475
8971
2428
714
4867
3338
6643
1522
3693
5597
8900
1924
28
7199
6431
7382
716
1520
913
1448
8135
0
5369
6868
5076
1711
7053
6370
3575
2725
211
8638
9418
9867
8360
5943
1436
7051
2845
6939
6333
5871
7589
7826
9246
4929
9824
5694
1596
9478
3455
6855
8143
9360
9723
5675
3256
2403
9607
4743
4593
2864
8418
6246
5260
3292
6879
8673
4221
6190
4987
7085
9286
8571
5042
2474
3910
3036
1522
4299
1953
231
4933
7736
5133
4407
7648
77
349
1412
1161
2817
6273
1481
1879
9272
8121
7696
3267
7586
4414
3701
6342
9380
7587
571
574
8531
5645
9433
9165
2366
7036
6181
8694
5005
100
1926
3065
9190
6099
2549
4753
6798
946
7612
6730
3183
3063
3597
2626
3981
5821
3522
9166
8703
8127
1777
5182
8938
6751
8751
3722
7121
2582
8122
7039
2559
2926
3212
9043
602
532
667
7254
3025
2751
4403
791
9861
6374
6728
5393
6162
4394
188
2280
1449
3159
4483
2833
1844
6790
8763
2015
2633
8619
8597
3148
1151
3363
3852
6666
9217
155
8226
7736
818
3718
7994
1513
9740
9972
8038
1171
2241
6349
72
5630
3037
724
398
9963
5937
2572
6252
7184
4283
1656
5511
1502
757
7020
8523
417
2484
1838
4721
1461
2176
404
5704
842
9746
2424
1201
1222
8920
5231
7222
3027
9546
8374
1406
4081
4797
7441
3700
3152
5889
7038
1296
9962
1039
6049
7684
3152
5116
7976
6350
2877
6159
5301
5627
7337
7311
3664
6187
8202
3060
3120
7075
2138
1082
8141
1505
7558
4777
9873
9888
3956
8565
9050
5667
3474
9688
7776
5915
9719
5187
6959
4322
819
3485
200
7630
2988
5223
8899
9419
6035
5579
6480
2821
9682
4830
9918
8734
3130
9503
199
5478
2331
9561
9711
1146
5693
1512
8370
396
8796
9628
289
2913
4802
4348
7396
3606
1309
3868
6679
303
8346
3673
8228
4174
6720
3617
1662
2859
9306
4790
6487
8018
7079
2250
8878
5813
6407
8356
2771
16
7777
3607
4258
1094
5395
9620
775
5826
5814
104
9770
1824
6461
2864
4441
6282
2546
2070
4942
3580
1010
8141
1884
4498
2621
2676
1245
896
2034
5803
5933
6751
7877
4076
6888
1122
7531
6460
1485
6482
2628
9460
5211
3731
1942
4981
8135
7624
3159
6321
2571
3640
9021
6442
4828
6672
8563
8971
2636
2595
6622
6766
801
8906
3994
3310
1228
10
4794
9329
86
5483
2359
4928
8341
5367
8771
4831
5191
3868
4353
8421
9446
1918
239
865
8761
8219
498
5471
8830
2039
7626
9475
3239
5328
382
4915
8165
3586
1975
1801
5537
3178
2293
2062
8798
4001
4909
104
7062
7144
7450
4923
4766
6854
373
4557
7138
6766
500
1198
4169
6265
6003
6837
5645
5297
8062
3726
2549
9195
2265
7505
8431
9546
4746
997
7674
3888
7716
1554
8146
9568
8409
5072
140
1358
9060
1915
7320
1885
7879
233
1882
8750
7794
3386
9790
8695
1743
7365
8957
1595
5612
262
937
3375
8229
9211
2364
1268
279
6439
2834
7766
3917
1244
9333
129
5376
7423
5031
1003
8007
4251
4550
1907
7040
8469
9726
372
6595
7052
572
7473
5056
7854
7715
9438
7853
4803
8488
1604
4014
2457
9583
6425
6321
1570
3820
472
7567
9362
6418
5197
3432
9718
9402
6806
7190
7650
1915
3672
9487
8447
5541
5352
9032
4154
1166
4458
3073
8888
1124
7923
2431
9685
9782
1466
629
8213
3020
2096
6857
4267
6310
1633
1169
5007
468
4555
2507
3731
6538
2272
4920
6599
3153
2329
6207
6563
3845
9213
1600
8214
7311
4382
8276
1394
994
3619
7562
4448
2794
7925
9160
5887
4213
1739
217
2602
498
734
4916
9220
3836
230
6706
7793
2046
4473
5280
240
3625
8175
9769
9548
7671
3702
8128
8021
7499
1662
3067
1909
4568
4158
3793
5037
9375
8848
8853
1176
3087
1790
5411
6414
8772
6322
3609
5582
9293
3794
7359
2068
6548
6855
6390
7510
1051
6631
2249
2100
9638
100
1922
4830
7070
6958
9920
3982
9231
8893
7303
5170
7776
8741
7385
9068
3075
6037
4684
3642
2997
1931
3839
7147
7874
173
343
8808
2290
9114
9152
8819
9059
1427
4290
9483
9698
9922
8105
5818
1261
1669
8852
4827
5456
4667
5587
5542
4042
1814
7223
6792
6948
7904
5379
4327
2075
3499
153
3050
6804
7654
2120
1427
9212
7483
3554
8498
8476
9912
7844
6396
6338
8724
3828
2970
6573
8329
2185
4728
3626
4165
7005
6325
7513
4621
6821
5786
9221
5142
1965
2556
3904
5127
9260
6229
5551
9897
6383
7049
4635
7270
4193
1756
3713
7875
3518
7602
3233
1443
4451
4335
4163
7988
506
789
8881
7018
4774
5704
8516
5045
6725
1610
1686
2993
8099
4613
8423
1388
6960
4512
9782
8054
9910
6513
9144
9427
2050
5720
8572
6902
8090
2142
257
4285
8338
1758
7838
9486
3998
4893
9067
9149
1748
631
7095
7917
7103
9641
3755
6006
7183
8913
1792
9778
9735
8256
6491
58
7525
8379
8635
4119
7070
4801
6279
1212
6175
7282
2496
6575
7087
4144
3440
713
7215
2374
202
3220
1295
1066
9843
9628
2188
9847
6594
6740
2686
6190
9031
3530
3595
7960
2845
431
4387
2872
1622
1115
4807
5269
7886
6101
1215
4692
542
1722
8715
685
7789
4654
2811
2182
2602
2593
2697
1824
3493
2710
4861
3164
5207
828
3211
3118
1483
2125
7257
3170
6075
4088
3249
3513
5935
9138
2488
1661
3296
1984
288
2571
8681
5710
5816
8382
3707
3630
3048
4197
9934
6571
2679
4369
2646
9322
8823
2171
4251
7806
1751
6113
297
5238
7669
8286
3255
5264
3894
215
7394
7858
1425
8339
3896
1211
9207
9369
6643
6336
6888
2909
6636
1689
8839
4237
4281
8842
7025
1940
7408
5183
3832
1132
1903
6424
3365
7595
2279
1474
9153
3886
7561
3263
6677
6814
7343
1074
9204
5583
4367
3775
4103
7756
7225
5832
5038
9346
696
6643
91
3657
4344
4994
7918
1995
9719
4900
4821
7153
5925
6220
9753
1926
9058
4094
1810
9013
7859
58
2236
1863
1147
2562
4015
1115
1507
8601
4887
8733
4196
3808
3481
1881
2096
5578
6873
9581
4970
6137
3380
7020
7619
6751
7384
4801
6352
730
345
97
1263
9304
718
8337
9097
8839
8624
2770
2459
4170
1122
3845
5072
7216
708
2613
1497
1736
1438
564
5432
6885
5481
9404
3988
3445
8659
2250
4061
1109
4115
511
4269
8485
6369
2388
7099
6382
256
7001
6689
9877
59
4531
3284
9061
4124
4146
3587
9936
2167
1297
3353
5397
4904
9960
7941
1405
2746
7679
5678
8414
5875
7351
9672
5372
4438
3987
287
8476
159
8395
3783
4403
554
2410
2759
6896
9627
6445
1182
7912
458
5057
6134
4884
6534
9841
7228
6609
7011
579
8613
9286
3200
2138
793
339
1876
4263
8183
54
334
2343
8143
704
8778
1928
4014
3759
7377
341
5733
4773
9619
591
3373
4156
6508
3182
8938
2824
6996
9195
4079
4724
2532
6042
9854
8247
9909
732
6195
3857
8909
381
4798
9915
2702
4228
1007
7084
4654
3651
5831
3033
6340
5308
6689
1643
6167
9033
4076
5228
2346
7942
4413
3137
196
243
2272
3784
1264
6488
1577
3296
9031
3308
7914
4682
8617
2126
7219
7920
2817
8974
6467
2433
1521
2323
840
7899
79
365
4542
9671
9654
7829
7243
990
2189
710
734
383
2472
6526
9592
3760
2824
6601
9692
1882
5247
2487
4534
4068
9868
6290
6542
8430
6812
4887
3156
6703
4935
101
3214
1308
6823
7409
1136
5340
5574
7562
9838
7932
9792
9559
3907
6706
1457
4479
8588
3560
1309
4885
6511
8862
5075
4934
3034
4892
6790
2821
1342
7489
7012
5095
203
1810
2595
7936
3382
5977
3833
3234
3009
1128
5151
519
2407
9731
7360
6344
8745
2957
8322
3886
10000
7310
2753
6769
7552
5304
9927
398
8541
2649
701
4356
9757
2413
3771
7895
9993
9440
5503
2598
6289
1388
9004
4843
3052
2806
2856
6026
7453
1198
3007
6906
2753
4829
4557
4838
7223
777
6957
7083
3972
2618
7022
8662
8476
7500
3846
7530
9596
8753
9639
8524
5426
8149
3124
4110
6230
6823
5257
9332
7180
4719
8749
9603
2395
9794
673
5758
5302
1924
9070
9715
4769
6651
4127
9241
3501
6248
6885
4730
7075
1036
5628
3552
3467
2580
8054
376
1651
9478
3055
875
5394
5036
9802
1978
1521
2886
6020
5720
7414
4387
545
9435
4235
9602
9908
4276
7393
4094
3685
5027
8679
3332
2811
1720
4543
7631
331
9901
4855
870
3936
7307
1184
7192
4009
922
7399
828
209
7194
531
1533
5114
8342
1232
1583
976
2079
9018
9073
5290
753
2175
7346
4723
2265
8432
9527
3831
1543
8420
642
4810
4174
3445
7205
864
5893
9213
8534
676
7302
7275
1624
6180
9345
4746
9112
7559
4050
8936
790
5523
6222
9438
232
3103
6022
3602
3758
15
357
1490
8350
8766
8395
643
8546
8549
1376
2487
4559
5265
6631
5835
9208
3263
6913
9557
179
2199
3147
5645
6458
1553
2619
635
5084
1887
1642
3984
9158
7896
5090
6512
8342
9732
8447
8964
5793
5164
424
6891
5376
7250
1337
5744
8069
920
9385
6363
5360
967
9991
4949
495
9579
6913
2668
2027
8080
9324
4887
6931
3421
8263
9204
1103
2015
9034
2986
1727
6148
3492
3622
7611
2254
3001
1647
7686
33
3849
8567
4958
8751
4538
526
6181
2537
31
9919
8728
7481
9868
7070
8395
8996
4381
4855
2902
9161
9963
2947
2139
1305
1623
7383
1975
9663
4462
7952
3201
4249
5319
4921
7964
6879
8473
1271
9177
648
3591
316
4315
7278
9328
5176
8977
7464
1956
7872
5024
8891
4561
504
559
5221
1076
2065
5283
1500
890
8897
5152
7218
5502
3337
285
5202
35
9359
3925
6564
1218
1276
2398
5150
6503
1454
5380
5239
6531
8264
6676
2123
303
8611
9258
8518
8941
6237
7680
4519
2542
7784
8432
7898
5504
3996
827
5375
3825
419
3667
3278
9755
8517
2107
8384
5813
9283
770
6090
978
7093
8265
7137
9259
9463
7863
621
7452
1920
8496
1719
2528
4535
470
1076
4547
7630
8340
494
6827
1873
3376
4276
8235
7618
9954
6334
7629
7291
2636
3076
2884
2257
3829
1299
8472
5169
8276
2306
4870
4970
5756
3554
689
8335
7095
6358
9238
9325
7365
3382
2043
2495
3259
7461
5574
4506
6819
5106
5682
6459
739
5298
1029
4943
3717
2068
7287
3494
8283
3815
9543
5474
8783
2364
9285
2206
5825
1813
6018
8985
3883
5
7638
6398
6092
1623
2
7760
4576
9819
3820
1710
3177
268
2872
1150
8881
3781
939
6987
2685
9336
817
5646
2637
4984
6412
3260
7558
1704
4814
8474
6193
4069
7796
9296
7278
6177
7886
9701
8570
352
2371
1461
2067
3541
4550
6360
7792
933
2974
5384
749
8279
2658
7893
6383
509
932
4045
9070
2690
522
2037
3849
4805
711
8288
3747
8255
496
2796
5623
2834
6800
3126
8608
1412
2238
202
1878
3846
466
6499
2707
8954
9580
2193
1879
1244
4458
275
2936
2240
8116
2442
141
6055
6350
812
9490
4199
3274
9409
2861
1539
2283
559
8049
9492
9934
3691
8882
1810
3158
4177
5869
654
1628
4527
9365
6053
480
1102
1985
6456
6385
583
1038
4553
5530
6560
375
8287
77
4392
5996
7260
7913
5450
8102
6971
3199
4546
8147
8917
2566
7138
5806
7764
5106
8488
6910
5900
8906
7385
9759
1797
7826
7832
8634
4088
4498
6620
1137
1495
3552
1722
8675
8532
4625
84
1299
9859
5729
1828
5402
8743
7865
7455
2476
1220
6556
5218
7166
8386
7928
4901
6446
8741
7408
9819
4118
2490
8512
541
3829
5555
3247
1033
1068
1830
434
8457
3190
4421
7926
5246
3050
1700
3170
8115
7921
8108
6707
5019
2973
8422
243
4442
2852
4565
8676
3263
5128
3787
8243
4520
4941
1798
3399
6781
9242
8574
3195
2238
7052
8445
6794
61
7077
8643
7167
1780
7351
8780
6708
2633
8696
204
8071
9298
2204
8071
5571
2756
9475
5266
890
9586
5092
3688
4611
7988
6446
6055
3127
3613
6706
2770
7603
2689
6586
5151
8620
5710
5069
5010
9773
2683
4192
8488
4601
3233
3745
9487
6217
1470
4540
5183
3228
6089
6322
3859
310
4908
8037
7126
7296
8940
4608
1895
7672
2839
9803
4198
8831
5292
7348
1904
4098
7010
5003
8528
8253
5740
5072
1097
8090
5274
2143
7564
5641
1673
1603
3067
6404
9356
1280
5217
2942
9962
3801
5906
9141
2830
2515
5078
4852
1762
4752
188
8361
3096
8092
9194
3104
3666
516
8898
7653
9512
6774
1451
2305
8521
4690
9397
241
5279
798
6185
7545
2439
4246
7104
6895
9756
8592
5063
7775
4647
3445
4165
6721
1779
1068
5921
3059
7454
280
1545
5829
2276
6177
9594
6462
487
1821
8670
716
9119
9875
1917
5709
1789
471
7814
3811
5430
3534
2537
469
6450
2348
2304
3265
7358
3072
3629
5622
6086
1709
6438
8479
691
1705
5084
5353
9355
6547
6718
1131
1698
9737
8403
5775
9483
1132
285
2422
7761
1030
5623
9862
2948
7389
7999
9641
1329
921
2144
2318
9620
1316
3607
2279
4945
1112
2713
2538
9306
9488
3257
5421
4779
1777
4665
3607
3815
2742
7550
6821
4390
5569
3853
8465
1446
9733
3612
5519
753
3093
8228
9503
1861
2648
5869
8657
8978
3914
3147
8881
2091
8739
6349
5757
9853
5604
3569
9934
408
6986
8349
2324
503
6295
6437
6744
4383
425
7175
6840
3004
942
694
6650
2553
6696
2289
775
9035
2867
8334
9949
8769
2552
3321
7623
8243
6326
5131
6756
4394
5435
2699
6637
4304
4739
8980
6837
6754
5851
613
2746
1189
3833
5297
1258
3634
6979
4576
6002
1052
653
4061
584
3660
5002
8253
4544
1214
5437
3215
5439
398
9322
524
9728
9787
5666
3087
198
5767
9367
9128
4294
491
5406
3501
6163
5473
7701
3938
2966
1302
8606
5972
3754
547
7990
7812
755
7767
4289
1497
7030
3326
4016
8097
6200
8059
4663
9223
2874
4939
3908
3533
7107
5069
7494
8456
2863
8896
1033
6433
5705
8042
9872
6367
7215
2395
5901
2743
1981
2384
9939
7975
8112
9421
5439
4813
5073
1082
4517
3438
3313
5389
8779
3824
7089
839
5188
3462
8805
210
7669
1323
9500
362
5397
6281
497
9955
989
2876
2533
6682
4259
5908
5780
2335
8143
49
7138
1683
8861
1316
9050
2231
1419
9454
9481
3309
5949
4293
7565
8441
1852
1638
2148
809
7829
7133
9541
2068
6266
5074
3061
7249
8022
3519
2881
6584
1398
3138
1362
3214
6088
4329
3021
8345
9674
1474
3489
4096
3
6957
3398
5167
7816
2550
5108
5853
507
3226
222
7368
2990
7629
5565
6430
9210
9692
9181
6035
9859
7774
3858
8244
3972
4296
9386
3188
3932
8824
8490
716
671
9998
838
8326
474
5254
2163
1014
8191
1866
3183
7450
796
879
6649
8586
7333
3793
41
3359
6635
8151
3476
6303
645
2321
8201
2731
6967
2338
8552
5645
39
9173
8435
3371
9013
5938
7382
7297
9623
341
3688
1809
2669
7390
8413
4604
5688
6944
589
9891
9403
6842
8808
9311
6221
9574
3840
259
8719
8486
8275
3852
3945
3835
3918
7188
4366
9557
6645
8288
8543
8653
3704
4794
8000
781
3884
1043
5023
8989
9163
3642
2108
2053
5468
6788
1018
3818
666
4128
552
6590
5127
6089
4132
9997
2608
7567
6169
5191
7724
6875
8088
1153
6261
6280
7815
9820
9755
7750
3431
5255
9096
6000
8158
9666
4693
8843
4750
3943
7620
5788
1793
4477
3631
6029
693
155
1369
897
8061
5929
5009
4146
8221
5739
2899
6140
5189
4123
7076
1670
1904
759
5035
9068
3517
2458
9043
78
3028
1575
6627
6236
8893
2992
7105
9312
7949
7435
7967
1258
2664
5538
550
3601
1509
7226
8688
7876
3181
6393
3495
2471
4713
6339
8058
2832
2035
6915
8437
9757
4841
9237
4133
9369
7234
7104
6382
9378
820
8582
8396
7544
8304
6085
3605
674
1216
4045
9045
1334
1304
573
3088
1113
8058
71
9118
9881
6653
9638
874
6420
9820
1334
4084
5038
3733
6388
1118
2753
7766
1830
1347
3296
4723
5252
9499
3994
9334
9332
4193
4263
9519
1441
3708
2173
85
9963
8264
8588
6063
7736
1118
282
9085
1633
718
9354
1518
4111
4686
7071
5537
520
1827
6968
1657
1226
7634
2342
5913
5498
7160
3783
6692
1870
957
5525
1795
7980
4439
1239
2546
3410
5309
3486
2835
4149
1998
8360
1378
2167
4419
6452
8338
1413
5364
9337
22
391
9650
590
3333
3760
6864
4708
6275
561
4743
6026
5422
2587
5786
8568
2373
8378
7147
342
933
130
1253
5502
8757
4405
1046
1013
7967
5267
3787
9349
5206
1377
6256
9785
5675
5447
3479
9883
6090
8
7071
1510
5289
88
3243
4964
4566
7740
564
9844
6008
1990
5975
4892
4732
6461
7345
2395
4372
1746
8266
4594
7082
9955
9946
8096
5659
5404
5266
1536
5669
7741
2947
3993
3515
2578
2829
2389
9088
2762
4430
9775
2909
9180
1682
8620
4150
1149
887
9699
5565
1534
747
8910
6126
1361
2296
7841
3706
4424
6732
2321
2413
9140
226
6185
9834
8672
6643
9437
5807
2840
3199
7320
6997
7692
4267
2967
4351
6690
3474
9962
8184
803
4918
5677
9149
4400
1569
3915
7762
7695
7974
684
721
2434
9087
884
1931
2971
6774
6498
3155
6933
2120
5746
2653
7985
6851
5577
1240
641
7781
3791
3831
8222
6741
4648
9078
7187
6792
2444
8496
82
153
1018
8905
9234
580
7499
6351
356
2940
3436
6987
5030
1396
9842
6278
3667
3870
7582
743
3196
1132
2282
289
9727
9671
6844
6488
3850
7636
6297
877
7766
3611
6387
1152
5556
923
1089
3025
2605
7847
5737
5072
8234
4187
3292
4023
2081
2461
6245
1918
3322
3304
7726
6631
4500
5275
4360
4890
3947
4305
6103
3795
1402
8213
2923
8169
6090
533
4049
1108
6325
6605
9061
7477
4966
2741
4243
2692
4925
1404
3509
3779
4227
7817
7146
1924
8822
6437
5613
7112
709
9807
1101
28
5581
7343
1577
4845
4322
3044
9631
2214
9275
4129
7928
5221
5702
7050
5730
8176
844
2986
8714
9357
3858
26
6535
3492
2994
6021
9089
8014
4977
7038
4640
1818
97
393
3354
5514
5983
1382
2498
4859
9629
2740
6945
175
5907
9431
9598
7636
7803
5143
3607
1632
5743
2407
7964
5227
9719
495
7079
5678
5436
7380
9935
6704
5288
8098
2218
9796
3233
4313
493
8717
7745
1721
8212
7882
5213
6992
6910
319
6908
1313
2855
5101
7276
4079
8394
9388
9491
2886
8411
4400
3064
3376
3298
603
6607
5467
7659
2067
2083
6274
3609
2957
5563
1464
1212
407
5005
6921
8523
9245
3837
6466
5704
7669
8773
6746
522
7550
6725
4576
7411
1276
2367
7
6304
2022
249
2878
8954
7917
5537
5712
5136
7965
3477
7890
255
5809
4381
7847
6237
5611
6768
3322
6898
308
4297
9462
204
6550
9817
6054
5770
9635
9701
9230
7023
7958
772
4699
2442
6709
5255
1311
7764
8857
6339
227
6871
4710
1602
3629
7611
6394
1909
9362
9
1507
4128
4861
3949
5218
7654
5315
7545
6977
1802
1386
7707
7572
2653
4792
8147
8041
8705
7921
6535
5314
827
7285
5249
5413
9067
44
8040
7098
3982
6456
4890
8799
4540
7526
2714
4685
3138
6096
3795
1903
761
7903
6431
5285
7095
1583
78
9552
9009
1870
343
924
229
2164
1454
2805
7438
3844
2869
4834
6709
7704
9120
1388
5062
1176
8339
795
9386
372
4096
7793
1515
8298
9324
2576
4872
560
1703
5424
4630
6436
7855
1957
11
5127
1837
1772
1509
6487
6339
6306
2157
6462
1658
5588
8691
5059
8300
755
8222
5784
9537
9833
9828
3461
7136
4683
9011
6498
4661
9110
4355
470
3290
5987
5986
6936
6958
6094
9301
5551
7887
2624
7026
6184
5420
744
4726
5572
1716
7559
9639
6557
5744
8183
9132
676
874
9786
4993
2230
4051
46
9575
3070
262
2256
9688
9687
3134
2955
2498
7606
6347
3648
3397
2218
2888
8845
4922
1208
1917
4236
151
1760
7076
7875
851
3426
7566
4581
1024
8194
5799
3876
5116
9427
4926
5878
4017
207
8648
9196
7480
2376
5768
6046
6221
1222
7925
7144
99
6973
5284
9052
3975
7512
9883
9691
8686
2315
4117
2837
4866
874
4430
2465
3350
768
7530
4146
5014
2304
77
5820
6540
9358
6737
6914
7048
8507
5472
6555
7316
6822
8648
8821
4321
3935
5184
564
2019
2107
9124
2408
7880
8716
4528
3193
71
2063
4930
469
3997
4133
5543
9229
9624
2548
3344
3505
5355
1040
3156
9573
5560
8330
6916
75
3784
823
3368
2134
1480
4249
2846
1056
6646
3336
956
8087
3001
4725
5188
7859
1758
490
2046
8467
4602
5215
8143
9478
910
5774
3851
7110
4348
991
9320
2835
9139
1730
5592
8776
5650
9649
9299
5166
2768
774
7121
321
9999
3132
9457
3741
7829
7512
9932
3552
649
1317
6573
1953
1961
2302
2216
9236
8059
1079
319
4686
1361
2673
4083
7612
536
6187
4692
6496
2211
6003
186
8478
4486
9268
9066
9622
6151
255
8839
6727
6933
4416
1922
1705
6042
8733
336
356
8996
8102
8619
2376
9984
9915
3457
7208
1016
1122
9566
7444
6433
1941
753
4481
9921
3357
9441
8797
2328
1845
3729
2624
3449
8261
854
4953
5074
6034
2979
3404
8707
2714
8642
9623
4626
5549
5261
9071
1364
6329
3445
5201
551
7566
322
1011
8486
7943
7301
7472
2270
2479
78
1227
3254
8702
38
2148
8949
1059
2020
4647
13
8458
7530
8989
2641
6592
3203
4836
5840
4951
3840
6552
2463
7934
641
243
9139
3046
7747
5756
240
3787
5065
4569
6273
9950
280
8179
2839
3434
2432
3921
3754
6350
524
2180
6203
9214
2153
7029
7097
7926
6387
912
5383
1498
9267
2829
1526
6490
409
5626
5788
7074
4252
8566
7253
2652
7319
7811
577
5553
7472
6806
2103
8259
2133
2625
6499
3188
854
1022
7182
4168
8770
783
3668
619
1127
5317
327
1319
2326
8751
7465
5296
8860
2289
5124
3088
7031
7009
1198
4357
7710
3132
8188
2332
2292
6023
8494
7143
1365
8596
2566
5693
3766
1672
2507
1732
3513
8161
3586
2873
2294
2952
5269
8375
6765
86
5534
1232
1879
3900
9735
9931
842
433
9475
8108
936
6780
2418
7268
1216
5679
2042
423
4698
7223
7119
227
5311
5496
70
4801
3916
4092
998
2087
1639
423
9621
7030
8500
7464
7065
4906
4354
718
7014
997
488
3538
4879
9159
1612
7243
8515
437
1188
6214
1102
9938
9605
5428
9202
3828
400
6324
8772
5249
1320
3593
438
1637
5899
2328
7424
2537
2684
6907
1277
4839
568
8491
808
5238
8298
9596
9981
5686
9689
1901
3546
849
9047
2470
6115
2408
8118
5529
7720
7781
2309
6972
6713
2983
8390
5857
2429
1487
3914
5832
1890
5590
9210
9563
5882
9692
7465
4350
7376
4943
6989
3568
467
491
2814
6303
3321
1921
7501
9949
5941
2282
5600
2907
1256
6365
1123
5214
1693
761
2344
2815
3734
1309
6680
4150
7172
4245
461
9551
2420
1463
70
3861
3587
37
9563
7103
7764
7154
9130
7394
6806
9513
1998
3601
8922
1429
81
5645
8741
8297
5033
254
9631
8089
2785
3924
2275
6236
9395
6931
6524
4703
4816
5444
8207
9497
7370
110
1157
973
6046
8866
7053
9986
7398
7606
8274
5072
4632
2735
3736
996
4644
8639
8558
710
9221
3236
4462
5744
3614
9145
3644
2922
1098
7225
1208
632
6176
2381
5021
2213
1633
9161
1167
383
7851
6329
8740
5606
1671
8584
8163
1845
8696
9475
2848
4970
9010
9997
6772
1236
8080
4464
4239
4171
5125
2662
2134
1496
7131
8373
2832
7856
8653
5568
1404
5388
8686
8641
9572
8214
3224
9663
3257
9057
3891
4151
9161
4504
4054
1529
8209
2308
8374
2732
369
1131
5711
8087
4243
5054
5907
9455
2461
1248
7574
8168
1784
6466
1427
4996
7285
5327
2281
9649
2525
2421
8916
1742
7142
5939
9460
4548
769
4023
8403
2924
2023
7928
814
821
9788
5112
3682
2534
7658
5522
5881
5421
1517
9601
8691
846
7478
1738
7780
43
3148
2225
4232
9681
2359
2208
4289
4151
1478
9789
5659
2510
1533
9538
3354
1379
4633
8570
4655
3509
8377
8743
9359
7898
1216
3868
1275
2382
2000
6200
6563
2828
9147
5193
1733
1520
4946
2689
5245
8682
2146
2811
4480
3126
8816
311
6603
7342
9425
8303
6163
2212
313
8093
8117
8126
1608
3975
681
7620
76
436
3450
207
7392
5674
6734
5210
5941
1884
2564
869
5227
9229
5271
8580
1319
5764
959
8630
7437
2926
4847
3000
9701
5337
4927
8208
4103
5956
7261
440
7710
7728
4828
7441
1318
6392
8790
4760
6131
7557
4844
5509
4132
7198
9153
2383
7522
9725
1404
1548
5524
3683
6931
3293
7687
8927
6770
6570
152
4360
374
3609
1976
2324
7020
5052
9563
3908
6232
1845
583
1964
5343
9110
411
9881
2420
8853
4451
61
2784
4750
5370
1816
7520
2479
3505
9979
2745
1164
503
3055
8026
6561
5198
5911
787
7457
7557
4845
5460
9560
1082
1399
6426
6622
967
6403
7906
5370
8099
6776
9017
9345
1260
3635
9847
181
4213
1821
4416
3367
4389
4074
1561
7823
6104
8832
9920
2362
1815
7075
7302
5242
3405
9972
3982
3393
5404
6547
1969
2353
9778
667
1885
2405
5247
2784
3838
5621
4127
7380
135
562
2911
50
2216
5703
6265
4118
6904
8654
1282
2307
6424
3646
1353
7566
1897
4224
361
9392
8701
4883
3436
1113
1933
4560
9395
7570
9994
1195
6619
2484
9963
8083
5886
1959
57
8761
3972
5136
1437
3729
1964
4396
3155
1349
7810
5756
4910
1886
5079
7607
6176
5702
9516
8365
3591
8543
9297
2158
1134
4289
6800
4071
2154
4731
6058
4563
8077
773
8267
2080
6957
80
854
439
4634
146
2489
4894
3929
813
6206
1086
2738
2556
4943
6221
861
5067
580
4516
8569
9819
6944
8467
8810
2844
3917
6651
7290
8178
9248
8395
8134
2715
1891
6385
4668
1970
2631
2151
8432
1516
1844
3518
1076
8223
2464
7156
4406
3092
285
4525
2008
7976
6502
2862
174
5475
4005
5513
4020
2298
4694
303
388
6276
3720
9897
5020
9478
7630
190
2765
2191
5560
5792
7433
2825
964
3736
575
1357
2733
3417
3491
893
6583
4779
7572
1792
5484
5523
3206
5420
4082
8625
4322
8087
8141
6974
3853
813
1134
7260
3085
7446
2888
5045
9661
4439
7348
8886
4710
1723
6702
6370
2860
5102
6462
9012
4541
2092
2826
6716
4800
807
7827
4525
8704
1849
7679
4943
413
4415
2153
8857
1051
1806
1938
3425
722
7140
1015
4223
4951
8758
8735
6129
2847
8955
6695
4562
2318
1805
8670
7071
5392
8448
1439
5215
4376
2270
9019
2039
5975
8519
9875
9777
9948
7278
7766
5196
3916
617
4404
3219
9319
7582
2901
8327
26
8927
4593
8987
2608
9033
3026
6628
659
5065
5619
9766
8304
614
1094
170
422
9166
4513
6254
6406
1223
9638
2356
9658
1463
1719
2532
754
111
800
4994
6242
1459
5895
8912
8242
568
1932
3135
6338
9103
6822
96
5149
6130
8795
9204
3695
2492
1156
8366
6444
7695
9352
5657
3193
9336
8249
5438
288
8806
8638
6873
6413
9024
6262
5567
4906
2809
6169
2997
5474
8743
3428
5341
1593
560
1947
1743
6832
5284
3910
6191
3403
6698
6730
9154
5966
7030
100
7433
3890
5450
1766
8177
1446
7911
6266
1025
964
1763
4468
9821
94
9812
446
9100
1326
5209
6041
3457
1997
1284
247
7314
7272
414
334
2430
9908
2666
3729
8621
1566
5877
7906
7604
8555
799
951
5056
7790
2738
7576
2084
4541
683
9230
7642
5304
9692
4347
5213
1926
2272
8338
1047
4687
609
5829
7152
6346
550
8228
294
2849
1512
3797
6722
7963
834
4652
2214
7791
7863
8652
9268
5941
7295
8735
1428
6008
6794
2422
1966
1487
2708
6551
2787
7211
3361
2904
9075
7723
2940
6449
4644
3960
7163
8203
4093
508
9123
1625
8583
546
9434
7667
1621
8093
7049
3850
8474
8289
3400
3791
2842
6799
3072
450
4749
4978
7661
6154
9600
7823
6966
4139
1902
6513
18
3335
1785
3240
3943
8109
6825
2013
303
4315
8375
6209
5649
324
131
8638
399
4346
2521
5199
2364
5663
5805
9339
2367
3664
6455
8858
3226
6254
7859
3331
4508
2751
2642
7753
1794
8612
8683
7189
3795
8872
6468
4409
9996
111
2340
9747
8926
1665
5467
6445
894
185
5075
4635
6268
4130
5419
2150
6554
5458
3951
833
5432
5590
4154
8636
9853
3781
8960
1458
4826
1935
8525
2018
9933
911
9783
2311
4419
9707
4805
2623
3596
6574
6449
378
8756
8256
4417
8161
8682
8399
2575
7617
5810
2771
9991
772
9048
1516
1958
6376
2855
1110
2443
5937
4043
6511
6665
6777
2343
7017
7763
6171
4360
3065
2022
79
8970
8076
5489
7090
1494
2045
837
2143
5143
4387
4521
9910
4100
4341
7584
1253
6910
2943
8621
4282
4975
2832
8874
2134
9148
4955
1714
3472
3504
3561
9899
3801
9856
1372
9573
3248
3804
2918
2369
1286
2288
4941
4071
3395
8299
6712
4974
5536
6408
7673
5235
3642
7859
4278
4780
6310
8797
6222
9901
25
4846
6494
610
9993
2539
8743
1524
2954
9705
2866
9510
7279
2860
6783
7754
5237
5716
7638
6621
6243
501
317
3362
2841
1888
9859
7962
2900
5664
8984
9585
7991
696
7912
4067
3791
6423
13
9115
4667
937
9304
4295
7273
4293
5315
9776
7357
3510
3865
8173
1979
2151
4464
1791
5356
4536
6885
7766
7608
8551
3958
7709
3194
7673
8761
603
6468
5957
4459
5186
5161
6129
3655
250
8360
9017
6691
1451
1417
4458
4165
7369
3769
7488
0
9095
8733
2326
1148
6286
9037
152
379
5017
4692
3488
4197
2776
3607
6563
3798
2504
3239
9287
7335
8844
4610
103
2329
5056
4099
1296
9665
588
9791
1799
8244
6390
7702
8295
3446
2324
6900
7844
9709
7204
540
9420
8981
5495
3336
8827
5918
3326
7472
2583
542
867
4987
4564
3271
8363
8694
2815
8026
2407
592
4275
4111
5244
9189
1221
2407
8270
5036
2910
9834
2246
4082
4910
3988
9864
562
7578
3759
9665
4570
3386
5125
1995
5515
8439
7069
1635
2564
750
543
6048
3112
3451
2777
7723
5587
6395
9563
5000
3148
5523
2648
5395
1885
8430
9461
3244
9000
351
2143
6666
1933
7160
7642
7782
2629
5961
7390
47
1629
8703
7754
5555
8942
4327
2262
2595
7369
8125
6448
5677
3349
381
3218
5300
1702
4792
671
7368
221
6551
6735
2509
2343
3494
9234
2394
8245
1612
7787
7906
8755
4927
1662
5316
4559
7631
4041
1616
4307
6481
2786
917
5957
8356
9490
5768
1977
5689
2616
8783
2413
2623
7432
6213
586
3900
785
1853
3604
7366
9253
6307
8190
6077
926
9121
5575
3139
6962
7877
9892
8962
579
2386
7416
7648
1108
9567
6420
5093
5392
7919
8223
7158
4175
6257
7217
4325
4246
3778
6423
5925
3827
5480
5950
8606
8381
6210
2282
1673
4791
2355
911
4195
4645
1617
7021
5084
1572
3736
9282
8089
4160
3528
4087
7109
3710
7432
7615
708
7548
5059
2907
3644
8584
28
7506
142
2863
7302
5138
6485
2919
6739
422
1311
8451
8473
8603
5698
3172
7463
805
1853
9839
3878
3980
6969
5904
6159
895
6146
7008
6735
3274
9636
8338
8268
300
6447
4901
4189
7359
3800
1357
5491
1853
560
2563
8892
9628
7966
9604
4041
1937
5571
3342
5084
7540
5908
8772
4990
5262
1489
6133
9203
8857
4729
9646
5108
1310
4809
8101
2974
268
8548
6100
251
6591
3753
8393
1553
9049
8486
84
7150
7372
3830
4891
8583
2201
8292
5064
1244
3737
8514
927
8658
3922
5278
7086
2780
5934
3390
7052
9584
6049
4195
7603
9749
3216
7151
5751
450
3329
7902
2299
7805
3697
9662
8027
4201
8914
8215
4097
6958
204
6945
7653
9932
5165
3912
5363
7444
2098
7211
6550
4897
9995
6980
9301
3614
6745
713
5078
1790
8365
9347
5080
2345
9330
831
4347
3574
7085
4196
518
2406
3535
8710
2380
4592
8037
4593
661
6496
1448
7541
6178
2479
7345
3073
729
8232
4321
7730
1076
976
3961
7648
943
8522
3002
4188
787
1072
9671
9523
7572
7562
2636
1159
5959
212
7560
7768
3842
7211
6286
4183
4799
7907
2850
3564
1861
762
9617
456
9163
8333
3793
624
4003
870
8919
7269
8878
8329
4894
8369
9457
8454
1506
7272
5961
7245
4055
3780
3213
3059
6967
8619
1861
4472
5917
9678
382
4539
6368
3221
9242
4848
6753
8893
1498
7245
7464
6019
8734
2668
5975
2259
4853
8390
5524
2194
2312
7261
2020
4390
1278
8548
2040
917
7846
2423
7920
2329
3904
8749
1096
4753
9164
3283
4181
8663
7973
7929
8412
1477
7158
453
1062
2233
8586
105
8489
4697
5797
3132
3670
6450
3432
7466
4966
9910
6920
374
8243
3648
2696
6215
9673
8172
3067
4957
3344
2601
2781
3387
4197
9071
6949
5317
5285
7472
9206
6223
4165
6796
3063
5338
2433
6171
3139
4891
7691
9206
7785
3084
5932
4303
1920
6143
1869
9925
1855
9438
8066
5492
2989
4307
7668
6648
1387
4097
4384
3229
1724
6837
6131
3492
9399
9897
5283
4142
4043
6300
8341
6026
4563
1251
2359
7165
3877
6930
6581
4587
7935
5663
8357
5590
1391
5461
8092
4418
6251
9531
1288
2731
8914
2097
3118
6536
2855
4617
4712
7224
4889
936
6236
2414
1889
226
9572
9769
9754
5783
6676
7462
5361
9472
5619
4233
6102
6021
5828
7999
8852
6922
8671
649
931
7180
3528
4749
1720
5296
6673
6103
5082
3031
7431
3477
4634
1040
2077
493
5660
5074
4790
7119
9870
5088
6634
5390
7261
2143
1004
1645
8999
664
2702
2989
2210
8930
3079
4916
1296
2849
7823
7161
703
1356
1289
1097
5141
9357
8279
3054
6123
2105
2537
5325
815
9796
8628
9460
2938
4490
5566
2391
1241
8170
4900
5336
554
984
5763
7648
3244
9541
8800
8791
9310
8067
3514
8692
1807
3319
8758
1356
7731
6710
7758
3695
9608
9477
1524
1010
6782
6122
203
6016
111
5635
513
636
6648
3894
5514
4856
5362
7881
2535
6561
1464
3702
9460
6166
4127
302
5474
1451
8465
3008
4845
7908
1492
8590
3327
7967
9707
5666
5953
7503
4574
4585
1621
7892
3629
4850
5648
7434
3805
9949
2853
7614
926
6864
4976
8928
6660
4416
3703
7724
241
5569
4262
8176
4058
2850
9700
6123
6766
4969
1106
528
6331
488
5477
1702
8081
3550
7998
1936
3602
9743
2601
3509
6944
2836
9095
153
8262
7738
8707
6015
5282
6368
3881
3894
6470
3480
1401
2696
8486
7825
380
8279
1686
7562
1262
6170
2628
7877
4025
2444
4832
300
1572
4499
7758
2698
8794
5962
2499
7963
3737
2439
3177
6230
2545
499
5736
3963
1900
5469
638
10000
4873
3587
602
7871
7668
8507
749
5895
6080
4975
3003
7286
9475
1434
9120
1848
3239
5682
6226
7105
6543
6716
4423
6525
8238
3626
6743
9318
3444
5485
4787
426
7240
788
4455
2885
2733
8654
6389
4540
6483
2949
3402
388
6169
1137
1730
3915
5197
4509
2909
6467
1646
5097
5914
9117
4826
5935
6322
7148
260
8286
990
3663
220
7797
9592
1373
4995
7182
5854
5326
6650
6546
4490
9039
4728
2789
3995
4738
4894
1197
4335
7526
5452
3500
2077
8076
471
8850
5781
6095
8333
4328
7350
9442
9184
2279
6958
5524
1194
5081
5744
8111
9040
2544
1351
5745
3786
5173
7788
6674
3048
3447
2773
3907
2062
1854
8582
8714
1074
1311
8825
2201
6516
9272
7987
9085
5012
4518
1910
5699
6640
1792
4634
571
7124
135
6502
6983
9680
9721
6176
9735
7483
9636
3225
5150
5571
6306
9592
7999
7430
7242
4334
827
3309
2789
1530
308
7631
6291
8239
5349
179
2710
9421
2722
1962
6732
4850
3852
8088
85
8725
6857
367
9927
9730
7817
1169
3067
1650
7407
5218
7084
5528
3797
9518
9468
2185
8399
5101
8965
407
5862
2991
1755
3783
6629
5327
7828
6476
9363
4820
1129
9023
1557
7560
2209
5178
6897
1110
2538
7086
1573
276
9866
7502
2075
4624
8124
2381
4316
2364
8048
5671
8024
4460
4898
1607
2184
6047
651
315
8580
1806
8977
2270
1078
8082
2113
3767
9010
7671
109
9203
7542
1270
2740
9055
1808
6708
7349
5197
2946
5548
97
4931
3175
2917
2613
975
6008
6321
6422
5843
6539
3055
7991
3575
8311
6477
5571
8731
8685
3529
3720
9530
1692
2209
3671
4943
7863
1608
7439
5595
7517
8712
4027
4444
3837
1369
1022
7344
3890
3748
9233
2777
3338
4820
3139
9410
6729
3897
1252
3420
2751
9052
9156
6632
4814
1455
6380
9899
2364
3842
5620
9471
9999
8185
6133
8768
8411
2919
2943
9952
5391
3658
1951
3439
7159
4607
5216
6433
1146
7388
6941
2288
7387
9278
4353
7615
757
8886
3686
8108
6697
7859
7394
3509
3605
7438
8165
2004
4308
8254
2123
8570
802
7727
793
254
5269
5503
5125
2030
4895
2866
2704
8047
966
531
2657
4373
5223
488
8009
5159
5325
358
1818
3088
1424
9268
9246
6570
399
3266
8250
6730
4401
7574
7113
5252
4592
890
8784
3182
9491
7702
8069
6914
2156
8852
576
8473
1698
6046
6881
5851
3063
3567
9140
5079
3309
1185
458
2068
651
6946
808
3805
4176
6775
3345
3989
742
8183
1002
572
7137
10
2165
5958
6530
7723
6819
8288
9616
7402
9821
1936
1588
1841
2731
570
3429
8249
962
2643
5372
8698
5759
7828
1830
8500
4344
3254
3273
2574
3768
1453
4201
193
3289
8345
3330
9518
2171
9620
3350
4317
7351
5793
8231
311
5407
2749
2271
5211
4401
2344
3544
7786
9357
283
6106
3402
8769
7273
1638
3938
42
5245
2894
5326
206
9548
5544
8605
7573
9011
7808
1373
2396
269
5291
7254
4710
3084
4548
9223
8924
4454
3105
3154
9641
9181
2113
9138
8113
3016
5869
458
8810
97
9100
4252
3081
7647
4450
9212
865
6215
9099
474
6873
576
730
683
1301
5565
394
3232
9970
9480
1732
7959
7150
5228
7558
1725
2840
7236
8683
2221
3476
9304
6320
240
230
8945
4859
714
3612
504
4659
8738
2690
5113
5792
8376
9796
9983
2590
8847
7887
5172
1849
5303
4926
1648
7345
4593
3466
8916
3157
8967
1816
9802
5906
7744
8499
9493
5244
1342
3230
898
7281
1067
4599
8474
34
7289
7449
5265
6704
343
7802
6221
7794
1856
7003
6711
2259
3333
898
4517
7865
3638
3481
6412
6075
3893
100
6128
5927
4210
8875
1812
3187
189
1211
8074
8634
8831
2132
9672
7990
7306
874
5018
3630
1975
2179
6958
560
220
3091
1846
6612
3386
3004
3962
1121
6262
7580
276
9735
5743
5035
1135
2923
4831
6483
7061
9165
4894
4292
6283
9732
9911
4062
3010
6375
7227
3876
7786
5484
3363
7024
8541
804
121
4431
5483
9410
2610
8018
9734
7439
8054
5499
4079
3054
9372
6721
4785
8039
3333
2936
6245
3287
1357
7825
172
7459
2134
8556
2233
3888
9050
5494
4395
6581
6222
8449
5851
8038
3943
7360
995
8111
2611
7056
9395
2505
1836
2679
5778
6597
207
538
6249
2705
6910
5867
3591
8890
4678
451
1306
5474
9222
6823
4017
4123
1442
4541
2497
5433
3067
6203
7247
1823
6402
2090
9359
7199
1933
3227
491
3718
544
6557
8013
7092
1674
976
4328
2396
5706
8556
5858
7992
3279
4725
6191
1627
2228
1295
1523
9916
7811
1443
4006
3992
6699
4436
289
6892
5027
1234
1044
2648
2833
9003
3295
9547
8371
8275
8668
2023
7185
7286
8671
6022
4077
8763
7814
4810
9194
7730
5052
3903
4161
6575
165
7932
6878
4985
3375
8082
6209
6314
7410
3691
6759
66
1679
6480
5396
8009
3057
1510
861
3690
9317
6027
7758
8455
9463
8865
9964
7472
5268
9676
9867
173
475
5479
7321
6788
4056
2437
7107
4168
7917
7104
8732
849
7962
8415
4300
4114
490
8021
3967
9171
695
2599
4017
7918
297
9937
5462
4495
4768
8398
3851
7140
5969
3681
415
4960
6726
7962
2142
9849
537
7888
9735
5484
811
580
653
8025
8563
6033
7769
3334
8971
5574
9152
5937
3694
8082
7457
816
2146
5077
531
5303
8167
7449
4121
1561
6406
6269
2736
888
7142
3498
5680
9439
3185
5882
1318
1386
317
3839
1270
7853
2521
9484
1565
8263
5355
1616
8497
4686
222
9203
1366
6703
5557
501
3096
3377
1028
7703
2603
6585
4544
9476
5094
7890
9921
7792
3219
9652
3559
598
7871
3296
5511
1056
5221
3013
5751
6466
3180
1955
359
3241
7160
6489
1905
9232
9354
7558
8915
7184
7514
5294
9122
7542
5533
5338
7105
1036
1886
4995
1793
2579
5938
2492
4834
1816
4181
7546
8011
2221
1976
8347
4809
5693
3132
3351
8459
9924
9219
5560
1401
6994
4647
4786
4023
7707
6765
4903
1045
1008
9986
5291
9856
7317
4480
5444
629
1968
8615
8904
508
4406
4569
2435
2989
6329
853
4361
6025
8229
8288
8008
7295
1217
4899
4493
1241
3110
3583
9763
213
7504
9145
7097
4182
1226
4548
750
1840
3520
9261
241
3313
6346
5954
4361
6226
3265
467
3298
9392
3589
7775
4631
2496
4987
5795
7759
6660
1610
3864
9340
8204
8513
5439
8244
1072
2161
3354
2831
817
6055
3558
4379
5078
3614
6885
2101
3768
925
9142
670
5561
824
9446
632
2393
9372
1633
9603
8055
1234
6904
8060
7048
7593
8610
7398
9483
7741
9190
5175
8071
8450
7745
1036
1818
3970
8453
2824
8956
1539
2326
8205
3056
8096
289
3847
3221
6663
6139
5525
1035
6161
3665
104
2445
9347
3878
6499
3214
227
5046
3035
6652
5067
7343
2804
6366
5270
7539
5782
9250
9231
585
2933
5706
3941
1084
2435
3024
5176
8508
6815
1203
8323
368
8466
519
3929
2426
7960
9889
7241
6135
1506
46
166
9409
962
5065
1742
320
6010
7058
9546
7065
2361
6340
5609
2966
3959
2247
6647
7481
9249
2899
8220
8382
1441
5541
5976
3449
4268
9972
915
8832
457
1598
2222
5635
2019
8611
2138
3990
300
2468
8192
3201
5038
92
4024
4328
352
3134
415
2321
8139
808
4081
3198
8937
9152
5436
6860
5778
3369
6343
649
4104
1464
8098
3713
5571
3305
4109
5680
2444
2117
2829
3151
254
2327
6869
9148
4536
5472
5661
9877
7145
2742
9974
3388
4604
4467
8526
5078
1455
8621
4275
9730
1809
7388
2823
4774
9990
6432
3246
9173
8857
8039
7553
4326
4850
3439
7342
7897
718
5783
3779
9348
3343
2847
4791
4808
3042
4249
128
4123
5653
3470
3046
3901
8632
151
4293
2061
9960
568
5490
3152
5649
9736
350
4965
4480
3018
1273
9268
3532
2267
2006
2178
7334
4653
5332
4910
8931
3246
9013
441
3511
2322
8538
2615
6220
6638
1789
3571
7830
4756
3735
6766
1948
4285
7371
7696
1775
9895
2908
5693
4253
5533
9995
5055
6009
6028
5582
2153
5388
825
9928
1798
24
6682
8546
371
5139
930
7474
5839
7879
7964
5670
2560
8867
9336
126
9107
3530
4607
8815
5374
8944
4494
859
8133
5652
1050
7736
8057
4369
1087
6261
6034
4684
9345
4537
5844
2722
9259
9745
8748
1010
4343
5280
5359
4159
829
207
3678
8282
1298
3354
9451
6677
6351
4378
6155
9175
8381
620
8000
9777
1568
9514
5522
8811
7928
6136
1700
9355
2184
7945
3193
8213
5490
6697
9758
865
8180
589
3618
2061
7922
6582
5339
6328
8907
1823
1796
799
4069
4413
6186
152
3733
9139
4524
1414
3953
3001
2181
5305
2381
6014
1740
7037
7508
9143
9194
2248
9259
3766
2276
4912
622
7036
3375
9076
166
5792
3945
7199
3643
5261
7481
3831
4202
8103
8886
1996
7776
5599
5344
3507
3990
3252
7372
5775
6884
8158
4174
8286
1512
3935
9752
912
756
9820
5363
603
6009
8824
8889
5883
5138
4915
5336
9190
505
4397
8976
5695
6856
5281
5099
4564
811
5321
6063
404
9049
4924
7419
1007
8848
332
4768
4849
5960
8113
2409
1906
5415
1385
5732
1765
6113
7024
1509
4092
3209
5238
5628
7184
166
5532
195
7012
4529
2479
2013
5703
5831
4395
4829
8901
5592
1822
10
4232
6872
3012
3207
4786
4834
3415
585
5204
6126
6613
23
2021
1725
9457
4022
9647
2316
2149
7656
6451
1269
8355
6930
7904
8187
3486
1849
8704
863
7238
7040
5795
7996
1402
4247
5232
9537
6374
1147
8376
4749
3592
405
8726
879
6945
4684
6418
1208
2776
1904
9106
1715
9445
954
353
9641
307
75
1488
1043
7103
7219
2873
2163
692
6947
1902
9983
4339
1943
5197
9400
119
5331
8067
6415
7260
4871
1149
5588
774
4536
6226
1976
1981
3296
4419
7552
2077
1639
2474
6915
1884
5397
2077
9573
9322
2107
2820
9921
2560
2962
103
6473
6800
926
9515
1959
5432
6422
5630
6374
3927
313
4114
4101
8912
3871
8367
6952
7826
6363
7373
2610
8934
2053
6367
7626
1595
3756
7126
8690
4662
790
7996
3172
2207
6988
8096
6953
7351
6549
3857
4704
5114
8027
3560
6793
6802
4134
2812
6149
3252
2287
987
9246
7752
2413
8502
4961
2482
2427
6852
2046
9881
6533
3265
2454
2494
713
7313
1478
5291
8584
4659
812
9159
8444
7244
3387
9474
5392
2622
3702
4806
6612
4173
5296
1008
7055
3090
7425
9914
3917
1187
9124
9937
300
1951
9925
874
7
9051
7381
259
7959
4372
762
5135
5720
4991
3274
2937
1142
5392
9099
1375
3166
1833
3558
8077
3147
5925
8731
7131
6153
6698
5725
5802
3319
8563
3080
3084
307
5571
1247
5115
3989
4174
6752
1424
1281
4773
4399
6069
7515
5509
1613
2077
6267
2592
2597
8607
8230
3307
9911
5543
35
1147
5094
4886
1074
2845
9861
9769
6214
1078
3082
2753
2166
8258
8569
288
8707
5606
7935
8663
8862
1312
5218
5603
1330
1538
6295
5437
1102
110
4125
2461
3249
1836
4145
4097
2815
2627
9730
9065
765
6456
4535
1687
6187
12
4716
1252
8558
3398
8151
8563
5804
9735
5816
3600
2939
8945
3410
1758
1755
6801
2549
172
2793
9631
4832
5460
5186
5540
3212
9062
1484
8038
7656
2650
5855
6052
6738
2994
2676
9930
4092
5771
8904
864
2580
6828
9045
413
1230
2241
824
1928
8777
6117
2639
2807
8618
7301
3579
7498
4032
3287
6762
3391
1867
3748
972
4848
6794
9061
1577
5884
7384
9059
6835
8802
9840
1243
1839
9428
2968
2579
4946
5724
9698
9202
4658
819
9079
3092
3967
3350
8369
9702
5460
1339
4602
5871
6783
6742
6738
6410
535
2278
3466
5387
9108
7979
7344
3908
8560
7416
3392
374
8081
7109
5039
2370
3766
8623
2951
2645
9634
9412
9349
267
5018
5890
3873
1693
6083
3030
7426
2501
4152
3201
2101
2357
852
6135
6151
3512
7571
804
995
4673
1982
8113
7883
3558
7848
6893
9642
1971
4877
4981
5628
1140
6877
600
8619
3553
1743
8206
4089
2408
8282
1011
3450
8281
6969
316
1337
1329
4303
3979
1192
9822
3421
724
1367
1062
5088
3823
7121
4050
6473
7863
9781
3055
4453
9493
8331
8797
1072
2904
2032
7958
4126
4948
3581
754
741
5397
9752
1371
447
2851
847
597
7658
192
9277
8195
3941
2069
4736
5275
8326
7395
8692
1487
3238
2027
1199
8847
4134
785
9331
9119
4210
2925
3476
2515
9158
1846
7644
2235
6651
1983
4698
6760
9054
9295
8428
8535
3051
5685
51
3286
9902
241
4825
8829
6867
937
2371
2240
2316
3141
4695
7520
5154
2438
3204
9961
8858
6090
3408
4842
7261
2765
4024
8154
3337
9697
4017
1242
5468
2033
6988
1310
7014
2923
5364
7564
4198
4416
8553
5636
4669
6977
7504
9834
9913
1466
6409
7386
799
4820
6720
4854
9203
736
7373
4073
1423
5071
4297
1832
4911
5048
1217
8320
3521
7658
970
8410
7880
8509
3594
5350
2778
1878
9306
9861
6571
5033
9835
8845
7427
1922
2551
2714
6701
1802
2922
7448
2887
5012
9118
7347
1124
7600
272
788
6007
3062
8153
4735
6697
7157
3095
8316
2894
3457
3799
3510
5158
2317
5564
7536
4202
6481
7651
3805
4897
185
3678
858
9627
6068
8519
1850
5773
6700
3188
1315
1578
6837
7347
6097
4658
8428
6279
5707
3313
9356
4923
3642
4604
18
5254
4124
6582
4989
7606
2172
3271
6444
7290
3442
8692
4016
5148
5838
4263
6635
1331
108
3367
6930
1590
7178
9622
6211
8146
4015
2261
9415
5321
4400
5394
362
8480
6593
5035
842
3468
9135
5462
2126
7186
4118
522
4569
317
8875
8879
4129
6218
4488
2054
8354
9739
3043
6822
7376
1644
5773
4905
8387
9096
525
4982
7495
288
5843
5389
1034
2072
5279
7363
4209
7509
6757
2897
3976
7858
634
9895
4016
9508
7607
1784
3414
9004
9879
3299
2965
8344
266
2551
9866
6324
6786
2618
9769
5379
9245
9640
8988
1838
1350
9944
8705
1874
3721
5930
5459
3693
3504
3186
491
6716
4650
641
6085
5118
1980
2438
3684
3497
2431
4470
7300
6027
2093
8794
5254
5537
9401
4794
6140
497
3140
7109
7581
4843
9991
4594
6191
5256
860
7230
1148
9071
7034
1951
3449
5567
9464
1474
4779
4424
1977
3991
5663
2798
5320
3943
3464
8591
1630
4245
392
2226
5383
2325
5269
3267
3261
3147
9555
9472
1623
2251
3702
9416
6009
3831
223
8009
9315
344
2119
4550
755
7530
5819
8968
5625
3728
2049
4817
2670
6074
4399
7130
1555
7371
5090
9969
5997
9796
6866
9933
9646
7313
3208
3781
8601
9489
1151
2825
3387
8783
6598
1509
2808
4122
9631
8658
2179
6873
3294
3005
2782
1700
3652
8317
9585
883
4468
1800
8059
6898
6718
6841
4026
6089
9031
111
9279
9135
827
9931
5564
7461
5230
7689
654
3178
2162
6850
9075
435
5083
6589
8480
6623
1848
7054
3012
270
2225
2004
714
4057
6654
4189
5231
6346
8609
6598
8934
1287
638
5253
9558
275
8029
9447
8658
5718
5929
2108
3644
3310
2231
201
4695
5106
3833
5503
3554
4036
1969
1520
7778
2221
8425
6205
6147
7343
6434
7455
8741
3442
30
6322
7462
4971
8867
8400
4814
1956
3661
81
8355
9217
5394
3565
3345
9483
9380
6967
1636
8794
5997
4071
8150
7175
1794
1002
9326
5971
7907
7918
3845
7955
6227
6142
4262
1402
3990
9599
7130
8318
9736
1762
1086
9243
36
5696
8384
8013
5780
9352
8681
7437
2825
4783
1048
9193
1480
1293
7960
1424
3296
2263
9880
5730
3465
73
5878
8481
6964
9249
3327
869
4619
2159
6170
3332
5050
7286
9285
8900
7854
4504
9544
6637
1447
8705
3281
991
303
6789
9158
232
3806
906
6592
1378
3855
2244
5803
5024
5214
5269
8289
2416
6632
6662
4211
1170
3143
2238
2937
3495
6278
4986
2447
7399
3925
7093
764
3837
57
4772
34
3912
9324
9781
4034
5240
5781
5600
1339
3299
4551
2042
7361
2180
1043
5633
249
9837
1027
1463
6135
3152
3596
5792
3903
4573
9275
2042
427
7477
6315
971
8373
3913
4394
3041
7772
4346
6843
3857
2251
5584
4183
1990
348
7366
7484
4677
7589
359
412
4565
6958
6335
9028
377
3744
7537
7051
7128
824
9613
7479
7254
3211
4364
4847
5941
5553
2059
9969
6825
3257
3085
9396
8634
4134
9717
7111
3689
1433
4712
3860
8922
2245
4620
3711
2641
5433
3902
5720
2054
4008
2724
2071
542
6348
6093
5306
4425
627
6500
2174
7434
4696
2509
6295
9317
9395
5377
2631
8993
5427
2791
4049
7200
3510
517
1225
998
6706
8702
7771
1878
2757
3064
8929
2488
3636
2680
4116
6593
7186
7456
7099
7497
1280
6616
7530
1809
3377
6744
990
5327
4546
5881
6941
9633
6248
1311
9030
7848
3123
2626
8049
8657
5861
4647
8009
5301
8642
1007
217
330
8844
1213
5802
9642
5990
3232
4103
4148
8615
3289
5691
6513
9571
3851
344
2103
2376
2962
2354
9681
7319
3614
7625
1164
6446
185
2702
5676
2642
320
1420
7062
5501
5796
4087
3265
1644
9769
8498
5976
6822
336
686
3085
3480
6391
7539
6694
5305
3483
3855
7786
2742
9204
3335
1649
7461
94
4626
3747
2888
6160
7505
9397
5878
396
448
5815
1284
3525
7299
2760
4903
1712
6652
890
846
4125
7622
35
8045
8906
4959
8562
8075
7585
6770
6556
4609
1738
9492
3599
9496
2302
397
4812
7647
8152
2314
4687
3770
1740
8869
3248
7595
70
2225
3551
4406
1893
177
2332
4707
5438
7050
2835
4495
9007
7917
5452
505
254
3727
5464
8710
5064
7329
1465
4255
3052
9057
9761
3160
8588
173
4344
7118
1302
5726
9995
7371
8615
5145
3404
5399
1187
9514
4286
5466
7620
9664
9024
7611
4127
3441
7803
6548
2231
777
7904
8337
1816
625
3583
343
5665
5917
5198
1961
8119
2753
1871
2140
6322
1034
7866
7371
30
9123
6869
5250
5223
7188
799
3083
3706
8515
6330
5576
3109
7031
209
6972
1488
8238
803
5027
5504
6435
7702
5711
1615
1452
4482
8347
423
3141
1452
7457
7813
4234
1553
1585
9850
786
236
9641
8378
3624
2369
2832
4171
7218
8460
5578
9932
3378
7182
8930
2680
6746
8627
2093
4857
8394
4086
2740
3639
6241
1639
403
4635
4636
1769
6510
7100
2010
7097
9865
1379
3502
6196
8579
6021
3569
3045
2913
2872
1926
3240
746
9876
9924
3019
7447
1093
4936
1303
9995
4687
8741
2685
3651
6246
982
9458
9319
7109
3434
1555
277
9636
3791
1497
9657
1631
9562
5365
3242
4818
5846
9963
684
87
5305
1463
8252
4402
8235
8044
5954
3302
2366
3940
7594
7998
3869
7996
5117
1724
9299
6021
686
8432
8244
434
7110
6067
2443
4385
7855
6395
1809
8715
405
2914
787
9131
3710
3308
4153
6459
2357
1686
999
6367
8053
8409
1896
9478
1115
2248
2541
896
1915
8931
5945
6511
3349
7051
904
6907
7896
3511
3074
4151
9965
5259
6468
5828
9568
888
4042
834
8241
3126
5513
404
716
1307
2143
8255
745
461
1137
9608
5499
924
8713
6694
9053
5206
38
4883
5137
2252
721
6644
1708
1085
2481
3758
3831
8013
9979
1213
3659
5397
2680
3024
6427
6737
9824
3256
2422
2870
4539
3386
7656
7932
4110
547
8581
2961
1553
3773
9117
569
3771
7145
5981
1008
5453
6058
1122
9745
8328
7935
2195
3628
6834
5578
3800
4010
4152
7302
9532
1178
5714
3959
5440
2711
4788
2106
9958
8379
7947
9229
7614
1518
3998
6790
3308
4406
9990
7136
1939
6919
7079
7082
4261
8551
4774
5071
2984
4900
1725
9034
1567
4520
7412
3857
9763
6923
1024
1138
4244
1255
8032
4840
6650
5890
9229
1205
6072
1417
6196
3043
3708
9950
7456
256
1006
4830
8757
9784
2075
2907
5677
7209
4552
1501
2517
9590
3295
500
9482
1666
4409
1363
7533
259
7655
5040
7673
6414
9757
5789
7222
6339
6803
2903
371
4030
7329
1416
3799
7796
576
9442
2378
109
2393
2902
9395
2657
5091
9098
3162
5042
5147
3300
1103
3060
7497
6892
1966
8735
5334
2580
5563
2662
138
2956
4741
6795
6985
7423
4720
5483
3799
5610
869
1581
4454
7776
9786
9177
8294
6062
9389
4836
1925
9491
9581
8972
4084
6697
3422
4015
9169
8904
963
2863
3683
9676
7326
7420
359
488
2433
6856
3807
7739
5960
5166
6101
3606
1862
3733
2050
5387
2579
5575
4434
8152
7813
2997
353
5684
7937
556
8776
6901
5517
5610
9964
1332
5117
5858
8646
557
2429
443
5150
4283
1491
558
5009
6991
3415
3085
5740
9355
6568
811
928
8972
5145
5148
8376
2804
5626
9652
6222
8977
9070
8422
5254
7728
3740
517
4457
9652
9755
7424
4373
6514
5829
3245
4575
7109
4734
6565
9546
2219
3239
7528
524
8881
3572
5750
1714
2360
9059
2377
6446
6005
2299
3589
8525
6909
1699
8101
9495
3910
4386
7654
649
1912
6966
6824
7406
9600
7863
6855
9318
4779
1624
7714
1848
4814
1599
1544
4316
9494
9375
2903
2337
1428
6365
3239
3524
461
7242
6513
7194
3343
4430
3146
1401
1476
4331
9543
5582
2322
5964
4471
525
600
3644
9829
881
34
9958
1688
4487
1253
8617
3816
3647
9326
1069
4868
5348
667
1587
5700
7963
4395
4063
1160
5400
373
6186
5888
6093
3740
5561
8033
1759
3409
8426
962
7963
5902
8037
7163
1957
5368
5252
5135
4991
1117
6304
4317
4388
2516
7328
389
1187
6225
4362
7346
2295
5819
3564
586
7091
3327
4769
4385
4404
3396
7253
6650
7220
1899
8848
9526
7971
1874
3382
5357
923
6688
2017
3265
779
7503
5186
6311
216
1215
2257
7269
9413
1267
6498
9989
4300
3179
1660
5701
6935
3020
9738
8186
4829
7012
1468
5117
2225
635
5412
3070
5185
7378
8293
7320
5864
1264
1644
4954
1067
449
9200
3250
3033
7597
7394
1515
9660
2626
202
931
5358
3761
6066
7357
4774
6218
6961
8434
1877
4453
2414
8595
8841
7329
5592
6408
1096
426
3061
2574
1588
5466
2998
3046
7133
8285
2722
1096
197
7656
6013
6790
1692
5882
1091
5745
9227
1458
7671
5974
6324
9969
2094
9506
4709
3018
1972
4946
4146
4661
2534
3579
683
3219
7106
8443
2094
5741
7560
5077
7388
1948
5002
4380
5359
7297
4872
519
8841
2790
3349
1169
141
1926
9524
6455
2533
1747
388
927
974
5099
4926
5937
6194
3241
2345
6701
169
3384
5006
5517
1538
5229
7722
9204
8263
7938
5292
6000
5580
5755
764
4504
4652
8249
2053
6894
2036
8827
4388
7809
4403
5605
8482
1912
3476
9300
4769
7492
8349
5770
4754
6568
1029
8156
4646
7214
3302
630
3252
2072
5402
2428
9311
7160
9088
918
545
1203
9729
9545
5365
4270
4024
8650
6424
7611
1876
1763
4035
2293
9381
8401
9406
9716
9032
7263
9326
3897
7879
1232
7185
2162
2104
1287
3416
8927
3342
3707
9796
6348
2352
8285
5955
297
8471
171
6621
5459
1885
126
3208
6549
7201
8755
9233
332
1787
3648
8862
782
6095
4971
7270
8687
617
918
1395
303
7363
9155
5487
4613
8268
9345
282
4597
1738
6567
5222
649
798
918
5985
6188
624
1638
2564
1606
4663
2915
7433
4699
1450
5530
4373
3903
9659
3033
7804
235
8613
2197
8
896
9257
8749
876
659
3587
1706
6724
9902
4989
1129
6381
805
2455
7286
6834
490
5740
3991
4578
5690
6331
1255
3657
6445
8269
8101
9066
7066
9048
4474
214
3100
4145
4173
5491
3818
4171
4342
8927
9000
7489
5022
2578
5966
7712
2002
4819
377
2574
7953
8157
3789
7557
4708
4666
2139
4544
7759
969
464
2873
6738
2637
6075
7685
2478
3766
7559
7379
3065
7738
4561
9948
5396
2077
9360
9628
4335
7016
6133
4087
5714
5441
2063
9805
9317
1082
8567
908
8509
7065
9452
2813
3787
5650
7150
6520
8576
2811
6224
9458
7720
8366
1584
7640
9378
6821
4061
8838
3099
1130
7073
434
3439
5406
5922
9370
3937
8447
7438
7195
4547
7221
6928
6192
7396
8821
4218
5379
4137
9616
3187
1502
4780
9458
2296
1883
5291
6468
7266
6662
7030
2200
3322
8721
761
1524
3298
8195
1913
9183
9901
7081
4193
2153
2257
8506
9434
5087
5234
1652
3351
4947
6432
4624
7735
8876
7451
4665
396
1301
7699
3557
3204
3411
6167
6764
1235
8378
5478
1997
7025
9669
3178
9196
772
9034
5118
4528
939
6836
1128
6280
3492
6968
9164
4349
701
6936
8954
1507
1578
2635
321
3996
2311
3235
7702
8107
4192
3640
3848
3523
3347
5527
3815
2221
1213
3577
8193
6915
4566
2438
7638
8924
7778
2509
8731
6649
6048
6915
4821
8445
6867
5257
7800
2033
5442
6264
9735
7236
3417
819
2722
2469
4524
8958
9668
3129
5726
5061
3738
1618
6578
5354
9605
9921
9068
4691
220
3841
6395
5797
2140
2592
2246
6309
4182
2026
7628
948
4887
1187
3440
78
843
9097
8964
487
701
7568
7996
2502
784
1680
3983
5887
9676
5733
2816
3988
5197
2933
9385
6438
3570
9836
4281
9058
5937
7834
2358
295
9288
1495
1286
9766
9254
1224
5315
671
3931
7099
4625
5526
6070
2170
8674
4706
778
381
7196
8264
7846
9025
2084
2612
4549
779
7117
9170
9824
4398
610
3754
1929
1775
3594
5515
8048
4678
9153
9155
9019
9625
2402
1567
4676
7516
304
2457
751
6393
5086
6389
3765
8890
4129
9123
9722
6871
9805
368
4954
8369
3215
9871
2727
9404
5900
6978
9872
2074
6746
5785
8978
3855
1615
9950
2256
9828
5548
873
9862
6238
8535
9525
3229
6356
531
3019
443
1813
2466
6292
3276
5907
7754
7420
4485
4959
9985
3585
5998
8497
8449
801
9309
7636
2849
6704
9667
7859
761
8742
8627
1204
4695
8057
1672
6741
2591
8446
4116
6866
2734
8158
5652
4578
6022
7174
6935
6651
1649
1015
3970
4836
2139
7541
1594
6172
6581
4478
5589
6095
7675
8975
6365
3273
3891
2219
2427
6523
5989
2421
4764
9078
2443
3450
3705
7512
2528
7941
3687
8829
5517
5829
7047
8042
5628
7357
3658
8186
9160
8118
3666
6486
2981
1986
5400
126
2955
4611
7310
8784
2730
6228
8045
1767
1554
9495
954
9934
5617
7422
4854
1324
2101
4944
4804
3074
8221
997
8569
5616
205
933
8486
5582
9426
5029
9972
208
4379
2454
1533
2782
933
2426
973
4851
9181
3555
6537
4742
3904
2773
711
5116
1746
263
6661
8710
2387
72
5061
7793
125
1975
6538
1294
2846
6275
6557
5971
7090
5371
1041
6304
1559
552
8006
6243
6280
7652
7709
7
2315
5438
9627
2405
8494
3238
1475
3259
8175
9873
3578
3954
8061
8813
8814
976
2182
7748
1605
1901
3366
3795
4530
7475
9954
5864
318
5037
7111
4653
5929
9027
3673
6644
9801
6311
4540
9343
2879
8845
7193
4330
8885
8659
1293
4296
3192
7334
9462
7518
9011
8114
9775
8166
8540
6201
531
6717
7095
8081
8117
2652
8787
457
8251
9178
6508
4647
4086
553
9523
6618
1797
4072
1855
5865
7054
9898
3698
6707
4844
7
4963
7018
3308
6181
1382
6294
5577
4004
3076
8654
4714
4454
95
7476
2113
3324
4135
8319
3651
4125
5645
6716
7877
4443
5099
7618
6149
1925
4879
3403
9524
2926
3611
4107
6313
3908
9122
4548
5961
6099
594
3101
175
4991
4447
9705
9974
1316
4866
5179
4657
4152
2012
7468
1703
4470
4966
5499
8137
2963
5077
9197
7860
761
5527
3681
5083
6246
1391
9982
4550
932
9153
4863
2824
716
4924
4717
5337
1728
9641
8771
6280
7689
1540
4107
4302
1993
773
8484
8216
360
3628
8028
503
8664
7471
2142
5961
1657
2094
7218
4490
4317
7718
1205
7286
766
447
5457
7733
1163
1905
8536
9404
8853
3707
4406
1171
1257
5316
158
4408
2904
2298
7276
6399
4898
9705
9714
5024
4653
7244
3818
2986
3645
5782
2335
9382
7125
4941
9473
6770
852
9211
8211
7560
2072
1049
8787
6130
5579
8175
2372
4782
8974
1135
3404
372
8885
5753
7049
867
4540
8469
7643
6662
1011
3710
7830
5420
3678
7781
2512
3335
5308
760
8568
9926
6284
6178
6525
2358
9759
6984
2872
4299
4948
5515
9880
9805
3954
9021
7965
6511
3620
2890
1029
7407
618
4473
3584
8067
5791
2782
2533
399
6974
4676
3471
5345
6618
2581
4777
5208
1548
8846
4287
6541
1788
5851
6793
1998
1104
466
6494
3968
3767
1449
7937
5595
1647
8880
2343
4205
2641
2574
3053
9865
9301
6403
7186
7433
994
61
7268
8812
3655
9794
2990
9464
8460
6928
5696
1885
9306
3086
6934
8569
1604
5064
7579
5081
8670
8902
7153
4873
9307
6593
3881
2687
9592
6447
9139
5263
193
8990
5543
9075
2801
7068
4773
8169
4347
3860
4773
9360
8379
3340
9743
41
8815
9001
8551
775
2012
487
8144
3838
460
4583
4466
9391
8627
8570
7118
8075
2028
3050
8584
9477
8498
5602
7099
4390
4209
7852
1185
5707
9071
9104
3874
6832
4263
5613
5533
314
9153
5046
58
9021
389
2129
9124
7764
8496
155
2614
5420
696
8785
5328
9151
1139
2066
2180
1253
3129
4481
6752
8269
9894
1528
4739
9
3057
5252
4106
8269
1471
920
4299
8083
2947
1379
5783
1270
3133
5898
7413
7244
3049
7869
688
1224
3804
8243
6319
6853
2565
4346
670
2111
1413
9289
6385
5216
4564
805
562
7923
5904
4588
4461
2547
6579
3253
6517
2432
6075
1492
2213
121
2970
4024
4543
4957
8392
5279
7364
3837
5695
7374
7367
1547
8293
1883
6945
5411
2939
7021
3608
5427
6357
2155
7680
3404
7853
8466
5650
9202
2245
744
4218
295
25
7166
2209
2068
5570
6581
7457
2492
5265
356
434
7755
4196
1342
6371
9448
4291
5459
7491
8583
8872
2489
7919
1434
8929
4399
8270
8870
6457
5035
7474
9509
4813
141
8527
177
5759
1623
7452
4437
4582
7874
9715
641
6200
7980
4236
8355
8318
6738
4328
2841
302
2925
1136
1992
2633
6351
6157
8281
6198
3191
9777
9719
3470
9386
7242
9441
1762
916
6602
5988
7443
5507
3830
192
1867
2213
3666
3276
9013
7939
4525
3581
3266
7232
9227
5187
2290
7847
3163
6016
8360
6110
3816
5745
5984
2801
2995
7704
1927
4240
5384
4069
9228
990
3925
2835
9346
3278
8825
4393
5459
2608
7443
1195
5001
3708
2118
3765
3080
7860
8273
9231
571
9798
252
4642
979
6700
6893
2107
34
6706
6211
623
8081
57
2673
1366
8942
2796
5971
5528
7776
5646
5686
8196
9296
3565
2845
8675
6102
2455
7254
3218
3381
9467
9775
9578
99
5859
6779
2911
24
8294
308
9953
7683
3577
3883
759
3428
8587
3819
3972
4111
3199
1072
945
8677
8570
7735
3028
1842
6813
7679
4544
8481
3037
2149
9450
2856
4486
7036
5923
1961
7635
9154
1436
4397
8476
1391
8975
6821
4513
4825
7512
9992
2032
5700
5835
1916
2072
8007
9783
3146
3087
331
5158
9727
9366
6600
8526
7828
2800
3209
9181
5927
2530
6364
6792
6756
6466
7377
1601
6828
9948
1391
4091
1714
9831
1099
3315
3366
7057
5689
5033
4884
2574
5657
2087
1143
5992
6861
1990
1549
3537
4278
9753
4928
1400
2238
8702
3195
582
1529
8917
3607
4531
9159
3926
8599
2686
8459
6903
1323
7653
8681
1313
5114
8900
9057
9156
2609
7954
8156
6829
8336
3542
4078
1771
5242
2220
70
6328
8816
2556
8933
5995
4574
3481
4795
7262
7622
8539
9843
2987
7367
3272
2775
1503
2898
4008
5532
7144
3405
8648
2574
9493
7879
5994
8997
2578
2878
4874
5482
729
4603
9520
4395
9138
4128
9985
7047
9100
8784
3376
5478
8621
9484
2695
5828
971
3887
1309
6345
551
9037
3524
9316
7585
9384
4960
1871
5140
3133
3735
259
4595
3790
352
2680
32
2633
1448
7734
1778
42
3082
8007
6314
7872
2000
902
7996
4737
2161
2919
5289
4154
9673
3387
7931
1056
1445
1503
1814
6512
6686
4826
4186
4560
242
1930
6060
5222
1045
4140
3351
8588
8788
7000
1780
3882
4263
3309
2332
5248
9110
6997
3150
6006
518
4912
8367
6566
3851
7151
645
7184
2539
2798
994
6178
5862
6335
1000
4885
9923
9640
8337
105
7812
3192
1125
2425
533
13
3485
2119
9520
9394
1486
6000
7657
9623
2369
8708
6588
4815
9287
3395
8940
499
7492
8303
2045
5490
3711
1481
2907
637
6083
8623
4865
1218
3467
2591
4678
7630
3826
1458
3628
1877
6633
8982
9381
112
1270
6815
4230
6677
6633
1571
3574
8187
3809
5378
830
8659
4480
3676
3889
9268
4740
9390
13
9494
3097
9387
8687
2852
8489
7891
8200
8665
6093
6932
142
268
5360
2872
1628
4363
389
8235
3287
4829
2225
9619
8968
2756
6451
9271
2165
1943
6678
1954
3945
4284
8099
4186
2325
6207
9511
2016
3655
6371
7669
9463
2036
2383
4945
1234
3297
7579
4847
9439
3099
1814
5416
5658
4463
4533
1286
1504
9577
6835
7276
419
8755
9591
5786
6054
5840
5754
6091
9785
1389
1577
4804
9632
5565
4374
1136
5740
7562
1340
479
1898
5352
491
2607
3691
4700
5753
4884
2863
4385
2698
3943
5372
2008
9272
7499
8047
4132
8608
1224
544
3511
3622
7078
5974
8883
7176
5416
1927
2957
5649
3424
2376
6919
8858
5696
4481
7518
1324
8192
728
776
5151
4612
8305
3920
3586
4388
1063
2285
2206
1199
7343
385
5266
4327
7097
4190
3981
4520
2136
6288
4777
709
1427
7304
8686
7142
5051
1063
4086
9353
1181
784
6547
9818
9918
6570
9545
1307
9056
2634
8202
2064
4448
8758
4857
3854
9385
6081
5824
8151
365
6615
8154
6294
4764
6920
250
7021
9639
84
5353
6611
5603
9068
5895
6271
888
5619
5460
9826
5845
3455
5537
9002
5078
3205
4015
9471
8378
2633
7666
1527
9687
8314
3713
7235
8085
2183
3056
1240
844
7376
1834
1075
4683
8136
8589
7864
6139
258
4240
5270
7882
2044
2032
838
6281
7763
2226
8715
4801
920
8736
1854
2031
5337
8391
3300
4130
5353
2198
3245
7508
4274
1537
3866
4480
9126
9331
7345
6820
1363
2120
9472
8647
6223
1585
3054
2910
197
5805
3245
1085
1685
2039
8997
313
5416
4218
9444
5051
7324
8682
3249
9338
7575
1397
7499
6785
7399
9682
238
8488
7470
2439
8924
5426
4695
573
7245
4021
8939
6290
7332
5974
7537
239
7822
1248
9502
4377
6493
6319
2033
6800
3025
5616
4702
1490
2708
9661
4582
1547
6161
6291
6883
1833
3796
636
232
9499
422
7647
8866
9144
2086
5334
2230
6466
4064
4558
8539
5149
1351
8823
4559
9429
6796
5009
2924
1182
9867
2289
7431
1529
4853
4389
1592
6563
806
6199
1193
9886
2461
7011
4079
3698
8816
1462
1223
6787
5864
1659
1580
8
1664
7242
5558
376
4604
1913
5044
6721
3953
1802
268
9095
1001
9790
2703
8723
9220
6758
3566
372
4818
3908
8314
9446
1133
6638
4580
448
1303
6587
8060
670
2940
5192
5772
3364
3777
707
7079
424
3865
3374
1332
3025
9254
4864
381
4831
8931
7334
7098
5551
8061
5265
1075
766
7656
8442
977
464
8686
6755
6234
9162
8276
332
6733
2390
83
6782
8214
5109
2540
8918
8402
7798
9977
9756
4783
6401
8935
7412
3569
3385
7060
672
4139
6214
9985
4559
7510
4478
3166
1584
9080
104
1656
3949
6881
9298
3951
3498
3133
6095
3727
3673
1872
753
6519
8291
395
1493
7059
8068
954
3713
4321
9374
8105
5921
4150
2718
8708
6365
8758
6934
3792
8015
5875
4686
374
793
6110
5921
7853
3685
4893
9148
8658
4164
815
8757
59
537
8702
9599
6023
3313
7992
1580
9086
8501
3239
7795
4215
6723
3378
5665
1407
4274
9394
5176
8767
8001
9533
3834
9910
5803
8911
2286
5218
5570
2617
2516
7125
7120
3903
9715
7710
7038
5009
5551
8505
8241
2695
8563
2000
1029
1124
9075
4138
3016
7247
781
8797
82
6052
5134
6768
9613
6310
9227
471
1126
5961
4644
7411
8390
2789
3923
9356
8351
6176
7798
8167
8162
4843
5564
8832
1049
1542
3216
5947
4821
1298
2242
5349
5428
372
3943
5313
5011
7704
7362
608
559
7359
3204
9339
5545
4337
9839
1289
5065
8933
3490
2157
8113
1101
3151
357
2437
9167
8934
7738
7126
691
9040
3319
1870
9581
9668
4616
3248
6286
8582
3413
2223
5926
1718
7562
1025
5423
5864
3668
4032
7785
7071
5128
5952
4373
4896
3348
5708
6208
5040
9610
4145
7546
5517
4227
3053
5203
4769
4467
6653
3849
3304
2164
6468
2241
6171
3802
7915
7757
7939
2069
7550
987
3691
3426
8213
3728
5553
5912
9577
7237
3559
9247
8574
7667
3708
4635
8659
716
4720
5848
4114
326
5159
4941
6454
3190
4041
9424
5046
718
9457
2422
9227
1584
2884
2407
3045
6383
7817
6842
668
6549
7083
7115
3028
2482
7429
7556
5646
5203
9374
5906
7579
1231
5612
7116
3836
9263
5245
6252
714
9488
3678
5316
3848
7461
1853
8328
8686
8446
2200
2774
2742
4487
4647
4435
6637
4951
4185
3085
2029
7427
5804
9437
1807
827
8005
689
9323
4696
2190
3154
5978
3702
6164
8791
1756
2648
8783
7396
1731
7091
2123
3239
9324
8596
6188
6520
672
4844
3910
4401
1005
4549
2471
8391
1974
6886
1608
4672
3089
7433
8806
9446
708
8489
2384
4077
6646
4524
568
1629
9728
5367
7438
5766
747
2565
9970
1846
9835
4689
4491
2833
3008
5277
8394
1056
6256
9984
5501
4582
4801
7036
5535
4528
732
4623
8414
1226
8403
5138
2093
5790
7934
8903
4175
1406
9083
6512
6167
7793
6831
6513
3338
4842
3591
6949
9210
1425
2766
6067
3362
8329
1874
6307
3335
3994
3700
691
3830
6072
4765
1837
2542
2873
1687
3277
3262
8791
6871
1150
6492
5068
113
5268
6918
7119
5855
866
7900
1276
6064
7426
8438
2389
4367
9747
6471
7591
2908
3505
1410
6558
9679
9243
2443
1616
5183
8319
935
1732
2091
6562
8009
7772
5100
667
6040
7672
1242
3910
8537
3792
846
8100
6113
1233
8122
3789
7304
5050
2980
7711
4267
4211
5489
8567
2409
8446
826
9202
4034
4425
7466
7361
2380
7956
251
6631
5326
4798
917
8416
4894
4134
1073
2727
2237
6012
1933
6910
1668
9356
9543
2408
2645
8618
27
2326
6029
8874
617
2811
491
6369
8069
9443
6839
9109
7326
8412
1160
871
7157
4975
2830
8653
4282
1902
6557
4175
3066
6667
1442
7192
2680
6011
4028
5998
1423
3470
9961
1445
5952
1051
1516
6492
4920
1068
6392
7065
9001
6207
3712
4127
9236
599
8877
2853
2972
2165
1011
9351
2651
3604
5328
7912
9336
2144
8112
3583
4737
2111
638
2265
8583
2409
9666
7404
274
6695
4087
4546
9589
7881
790
5206
4915
6155
8845
9017
1230
170
5241
5941
296
238
2642
1490
2119
70
2711
5314
6051
6976
9490
8956
9314
3122
8834
2298
3302
5282
3649
6188
510
6604
7235
4062
8669
5576
1439
30
155
6923
481
5328
5703
9207
6946
2455
7940
3632
1532
9471
4870
6876
320
8642
7339
6521
4226
1956
4033
1626
4098
7749
5190
9840
3459
4278
5417
6803
1610
4839
7330
7185
9653
8850
2789
660
3447
253
9101
2217
4089
3838
4956
5617
1856
943
3995
3644
1692
3618
479
8504
5916
6676
5365
5570
5986
664
4266
8725
9604
975
7730
951
945
7924
6403
5261
3744
4987
6039
9517
114
1913
627
3593
7132
1056
4590
5817
5253
6623
2147
7459
8399
9998
5020
8875
733
2170
741
9500
2855
9679
5025
8686
6696
4556
8114
4375
9350
1016
3450
7545
1105
6085
6020
6297
4255
7358
9071
8409
3640
2350
9867
8875
4836
4544
672
3789
8578
973
1249
6975
5165
6385
5329
6741
1096
2538
8046
7774
3679
13
5975
2750
6711
6773
7949
8771
5684
3543
6577
2924
4476
4271
2436
2351
2241
6976
5325
7422
2363
43
3870
153
226
3253
7259
9406
3634
3242
9815
3385
9052
400
7883
7244
1463
2934
1121
3380
1890
6481
3902
1232
2563
1501
7505
9602
8568
5397
9870
883
3247
3218
5093
9023
1082
1001
1358
1587
5187
7076
3274
1768
6831
1267
3447
310
9115
9530
7673
6040
1494
900
7416
6579
9401
6975
7434
1278
8772
2282
9149
6731
3402
6203
9434
3420
215
1434
1791
9289
139
4379
6210
6264
3617
5823
5078
6926
5637
3173
3250
6623
7805
1118
5786
2429
4275
1832
8234
7867
2251
7525
9792
4795
3111
9862
2058
734
8162
1947
1318
5150
4472
7462
2110
5064
6580
3907
4162
4238
9056
3411
6898
2702
788
3268
8510
1605
6737
1613
5935
2805
9326
6174
8951
3108
3562
8568
6916
1836
1251
9766
1085
8282
1063
5551
4826
4643
4040
798
8561
9268
3947
1292
6059
9343
2187
2095
996
6925
9993
7204
7227
5966
1968
2599
1583
1681
8890
4554
3492
4682
8706
5176
9289
6636
4891
8596
7588
8040
3265
7650
6466
3195
3839
4691
2288
5434
5733
1860
1761
2217
4592
4545
9527
4377
1613
2531
4476
5946
1346
7499
4745
4978
2338
4049
2097
1858
3552
1151
6329
8623
7857
3124
3593
7724
5882
7376
4601
8188
4698
7970
4729
2767
5144
5207
6032
6804
7519
1785
4778
7175
5972
305
4194
3239
7105
448
2507
7909
9747
8950
9925
2354
8014
5381
1291
8215
632
6906
9802
3221
376
1752
5790
2986
3524
548
5705
2708
3093
7722
4798
546
5227
2105
3840
9180
2671
7567
416
5489
1858
3540
5348
3061
5304
3208
8002
7677
5894
2320
6770
7779
4539
3970
9816
9327
3391
8926
9457
8789
5333
5952
1683
3865
3520
4779
5450
5871
3526
7415
8300
1161
4273
1439
7902
6904
4184
1373
1026
7804
5109
4441
5571
5015
8805
9385
1062
6740
4785
1258
3228
7964
6012
1058
711
9097
1707
6111
548
8360
7113
6753
6325
9690
57
399
8659
5582
8622
9622
9672
2749
8629
1109
7216
4313
5960
3858
7564
9218
6843
6990
4866
2971
7967
2727
906
4861
7702
1249
6792
6845
1915
4526
108
1079
5240
8937
6625
2993
4157
7974
7355
8314
6543
694
5833
1237
2338
8172
1892
1364
6990
7321
1207
4578
8168
715
4380
5453
8870
457
3580
6713
2117
8719
9171
9945
6583
53
4667
2863
8609
7850
81
4745
2559
5834
4895
2796
6008
3252
2549
3257
3298
6049
6550
4255
8129
7837
926
3548
7083
7742
9698
4721
7349
4640
4285
3715
6135
8998
2862
1814
4266
8567
9982
1697
6091
4154
3112
2812
7789
1270
9532
425
6556
6062
5432
4016
7623
4447
1921
9516
8371
5742
1571
3400
4214
8947
6947
2833
8982
5459
7632
5577
7928
2436
7672
5071
8538
1378
5483
2908
6702
2933
9816
9108
6544
6834
2151
4875
7678
2707
2872
7035
7242
2969
4448
179
1325
1758
3564
5130
7231
1763
891
4396
520
9341
859
3010
4916
4419
2549
9318
9375
1940
4274
6256
3905
6172
4406
1187
9361
9229
964
9387
3442
6079
8139
9881
4865
6375
390
8165
5531
3732
2925
7312
7207
5624
4323
998
4711
6500
9297
8152
6049
5330
1874
7924
672
8940
6208
699
665
2106
3291
4058
6240
1831
1578
6063
4026
1916
397
4962
8682
4485
9647
8852
3999
2660
2026
1065
3699
3028
9936
8784
3215
6150
6887
9853
2624
2100
2980
717
2613
5063
688
2739
7277
1359
6007
5626
9193
4985
1250
7066
8534
5105
4967
1444
6315
7370
8937
2567
7377
4396
9255
5280
4220
3335
9954
5697
6296
7848
1246
6648
1264
9918
3149
1679
7219
2426
4352
9514
728
4679
6673
5542
1697
9087
8614
5973
3412
7218
925
3769
3137
1345
3538
7493
6902
9411
7078
7007
6613
416
4501
9687
6939
2931
9137
1591
3786
7629
1
490
6443
9263
7035
6020
2417
9352
941
3347
9205
5485
8047
1751
2224
8525
1373
1975
8216
8243
6845
2673
8801
937
8789
1586
8351
1463
9346
4760
8290
578
5511
244
7869
7504
1557
3410
7614
6315
3613
9225
4576
385
4160
7985
6991
2774
9472
3255
1079
1188
402
7693
6578
6950
5907
5520
7173
6253
6412
3875
331
7158
512
6908
7127
4212
7058
2360
4129
3622
8524
7020
945
4046
9937
5369
5987
5608
9538
9090
4793
3789
2746
7158
4759
8924
7487
9205
4143
3459
6901
3353
6855
6489
5246
386
2534
226
8639
3902
1218
5510
5638
7950
954
7879
9601
3930
2915
5105
8113
8213
1593
2037
9007
1416
375
3037
8930
5708
1587
2807
4656
7371
8076
8435
1841
1851
8277
5241
9839
8784
5424
9907
448
7500
3815
9416
4426
7815
7494
3112
3625
2412
3386
5045
9207
624
4414
7412
8228
2400
8033
1534
2416
668
760
3644
2734
6339
8904
1982
583
3309
1722
3338
1805
7343
7853
4369
4051
6196
7018
9416
4026
3673
3029
3651
3877
4517
5584
1330
5460
7624
4192
1870
8390
133
3482
9300
1465
5548
3939
3803
3537
4904
833
5741
6499
9916
9633
7216
4839
5308
6669
5206
1284
155
5591
7225
7784
3973
4975
9020
5547
4998
4279
8632
537
1684
9862
1698
1293
4205
7868
8921
6594
3126
8841
4943
5408
5009
1065
550
9527
1950
9146
6809
3482
206
5103
7713
2518
105
3188
3177
7508
230
7076
577
7140
9936
6639
833
3031
7750
4552
8333
9358
3399
9398
3577
1545
8438
377
9223
8925
3133
224
8363
4549
9688
5847
3322
6961
7371
5690
1452
484
6618
6358
839
802
7531
2327
7267
5737
3953
176
8574
3364
754
4085
2080
5703
5557
8308
5563
2066
738
2679
9236
7973
8908
4871
5879
6263
6570
2855
288
7554
3183
8206
5343
9467
8516
4098
5214
4481
8001
5060
1714
114
4045
4414
1871
1468
5253
7618
8769
3336
5551
7271
2097
3559
8993
6934
3206
1586
342
5185
2467
1937
8004
2552
9586
2133
3889
5622
4423
3805
7174
9091
4997
17
9598
8879
9569
5856
5817
8145
3688
6529
9610
4715
1543
5812
4420
5650
980
9021
469
2677
7571
5969
8423
4884
2795
1675
2734
185
323
4493
7086
205
2421
2761
5285
9093
5433
1134
7402
6858
7203
8280
5035
290
5313
1594
443
5538
5877
5596
4960
7675
8516
3045
4986
9890
3713
8840
3961
6812
3869
9799
2610
4329
3641
1865
4240
6354
9407
4893
63
6269
7003
5863
7732
261
3551
3389
5593
9311
1871
8941
6362
1388
6292
3504
39
8282
6593
78
5421
1777
7694
6416
5884
5855
8383
8319
5192
8316
6920
5951
6374
120
2969
8614
2267
7561
7949
4615
6755
8834
978
7773
2896
1112
7999
5866
181
8518
6418
3912
6982
2167
6670
776
6659
6714
2122
6641
5618
8831
4411
4240
4410
443
2611
821
4209
4825
2800
9379
8167
99
3094
7881
487
9276
7759
5585
2444
7833
2173
3675
7735
9350
5632
4883
3423
1437
5417
2888
5090
34
301
4525
4212
5219
3967
184
5125
5703
6635
7707
3968
3598
1464
9620
8609
1658
4595
4483
4100
3435
9009
3975
8198
6780
2921
291
1301
6885
9619
8398
8320
2449
7374
1331
5441
4082
2979
2438
2855
418
4131
5329
683
890
6771
7542
9594
5704
8258
1542
505
1718
7179
1585
2004
2546
2565
5194
2021
2195
4512
5704
378
5928
4966
3361
6262
6488
887
3651
221
1555
8851
8042
649
417
3540
3291
6288
8270
1671
7580
8567
7466
1620
4561
2006
4477
1422
1547
4949
1540
1031
7463
2827
5034
7922
8663
7267
2898
2116
1441
9211
8894
1395
8672
9474
1805
4755
6835
2644
3316
8432
1175
50
6758
3260
6076
2629
6278
755
8061
4447
4256
8021
1648
9728
7724
6319
2444
4834
5025
2147
8201
9696
867
6289
2938
6392
665
3195
5913
1768
4107
9661
7955
4037
9939
4883
6965
3628
1431
8679
6478
4943
5884
2604
4420
1217
1749
9812
4737
7052
9117
8480
4110
1786
1648
7545
7332
9482
4523
6873
254
5260
4621
2211
7814
5859
122
5352
6513
8659
8320
5447
7340
2507
9788
5322
7474
5194
6779
2048
1114
404
6795
8818
6032
8542
7604
2566
7353
3392
6786
2287
1484
298
1862
6621
9045
1001
4231
5188
1090
9949
4837
4701
8050
1795
3371
9367
2271
6095
1759
762
2004
9518
3652
6273
6910
858
7729
1277
9470
6536
6141
4455
9633
6157
5392
7335
1282
9054
4302
5723
881
3476
1132
2889
6564
3906
8524
6987
1713
5590
5692
4066
1263
3902
1310
4303
1099
9186
2981
7444
5520
9398
3246
1257
2650
8979
3863
3143
881
2574
225
2089
7599
8893
6754
168
1506
3580
6949
3825
2836
4957
1736
8118
7129
8149
5116
7799
5416
9517
4038
8000
1479
616
6816
1801
1807
5374
2249
6973
8741
3044
3436
4215
5678
9239
9663
9530
2582
6010
215
1136
8056
869
2345
9224
266
5783
8221
5248
5107
7969
9270
1048
8871
7196
4558
6915
5004
5618
652
7459
85
4521
2114
8172
1952
2354
6294
758
6507
9028
3638
4772
3464
1368
7002
3088
9086
2498
2862
1512
5496
4799
5550
6561
5089
4787
8276
9323
7578
8436
188
9337
7766
9741
1621
2394
5830
9243
9759
9486
5230
8523
7317
6954
8852
6133
7425
8290
5145
930
5430
3812
316
1489
2728
3175
4209
3644
4841
226
5574
3827
6376
4910
6805
6681
1677
3233
3435
6541
8067
3832
6307
2518
3711
9201
5737
5723
7464
5551
9605
8842
7333
2858
461
3572
3260
6510
3897
1344
159
4668
4691
3104
593
5390
4041
7502
664
6820
6430
7683
7662
5951
6784
5348
4560
4288
2007
5505
7624
6253
1914
5521
8992
4913
6135
5867
2087
7205
8995
3679
165
9529
9062
5445
6653
6183
5507
2564
6129
9444
5663
3476
5507
7192
4357
7641
9745
8996
4530
1803
5322
6411
8923
1224
1274
1912
1569
6377
47
867
1731
355
9652
1982
2089
9770
4784
84
6659
1122
9007
6634
9236
7157
7143
1472
3713
7221
4504
5511
997
3695
7487
6312
8520
880
3809
5364
4711
5660
8064
5695
5404
6186
4580
2631
4546
4602
9465
4279
6752
5236
7962
6591
9762
4443
3791
2176
2964
4228
4736
5168
2213
6308
9385
2682
2353
8473
1168
4103
5761
6694
6158
4622
6958
632
1924
2254
5013
4722
8287
1564
965
6999
1185
2977
2562
4458
7376
6399
8969
5628
677
6731
2987
7822
391
6002
8066
5186
7136
5646
3595
3569
2783
7302
2937
8037
8278
7532
5447
7627
5005
2378
8308
5234
1147
1607
5848
5997
1675
2503
2380
1526
5606
6115
5993
5752
3216
6568
9879
277
8281
5091
6285
5245
473
6184
1446
6439
9334
3267
2850
1077
2296
7685
6618
7543
2441
436
6928
8071
2598
3398
8345
1409
1221
1285
260
1590
6078
3144
7841
4719
7861
3907
9047
7651
4907
7858
8565
9601
7295
6828
6820
1386
9059
2897
8381
8623
5306
1083
4605
4357
2351
1772
9846
6155
9443
8053
9160
7793
197
9105
5176
33
1647
4965
5750
2836
1788
6748
6159
7123
4029
3449
6047
7056
2000
8538
3661
7866
8180
5820
9664
9613
7939
912
1173
8758
1465
4438
3783
4640
8288
5204
3718
8943
4204
8864
3651
68
889
9009
3093
1878
7267
1156
305
934
642
7585
593
2092
2698
7484
2871
5555
5675
6486
1885
6425
8158
386
9449
2183
5024
6270
650
1586
9981
7360
3738
7219
6630
4051
2671
7496
6613
6058
3818
4722
5207
3557
1364
551
6795
1539
8139
6747
5752
9231
8010
5926
7290
7612
2644
9707
383
9377
1060
7945
9840
4571
9188
8386
3221
8962
7849
3144
430
495
5867
8902
7702
4576
2451
5416
7026
8008
6464
8138
9786
8368
2006
692
8445
1708
4027
5485
6243
9942
7189
9694
6712
204
3873
2992
7816
7909
167
4477
1252
1141
2086
4362
238
208
9846
8201
7371
2737
3376
8447
3965
7356
6955
2723
2007
8589
5077
1400
5717
5780
42
4470
2016
3444
7615
3563
6478
9020
707
8931
9937
1574
8812
6717
9828
3926
944
5756
3656
6033
4816
7035
2285
1458
9072
6204
4749
7938
6330
5518
3015
392
6044
2808
8360
1061
5047
2981
8150
1156
1765
7548
8451
1269
1393
9236
213
4781
8326
7570
1673
4891
1369
9879
3775
2903
1507
8117
7628
901
2550
549
3862
632
3103
7220
8653
2012
6684
7591
2425
7682
3407
753
2676
492
8399
8656
1113
8897
8264
3043
4195
9150
3052
2475
986
9416
8547
9445
195
531
7563
6595
5670
8107
4687
4248
7893
9538
9584
1376
3329
5053
2528
6189
3598
9767
3229
6208
9111
357
1335
6419
9717
3225
7635
989
6700
7258
9430
282
1282
4672
6991
2092
3253
8279
1949
9175
2433
3314
468
6896
1712
131
1343
5582
9361
6816
7046
5412
9470
9863
9086
20
1873
6486
8290
7922
7948
1311
2021
3410
4835
807
9029
9391
2665
1593
8267
2225
9775
7501
9995
8948
719
3972
5416
2070
8148
2642
6415
9617
420
1621
4891
7966
5650
861
436
227
1774
3111
9932
4973
5944
6597
2599
9356
3148
5642
998
4757
3505
1424
3617
4440
4589
3666
4138
2667
3004
9136
4744
1790
2091
7095
3083
4929
6684
7362
7620
3989
1901
8650
1451
6753
5147
9009
4700
7395
9498
347
9407
940
3760
7521
5102
8027
4347
7355
6395
1412
5338
8719
3732
1036
4273
8383
9023
4771
9787
3823
3119
2519
9066
1860
4372
2352
6039
3695
8733
9498
38
5705
7817
9513
2400
1520
7495
675
2920
7543
5159
7591
6203
7116
1157
1370
8963
6991
8754
8681
8817
6862
669
7115
7141
4593
8555
7931
8760
1375
3692
3650
5389
4475
429
3424
7042
1964
8991
1070
8734
5750
7103
9232
3845
3133
2730
4291
1479
8721
248
6359
1078
1141
6878
4298
5792
6252
7647
1376
9683
5927
5947
8000
2139
1308
5049
5917
7206
3246
3533
5374
5721
7877
1627
6463
5519
8842
6171
5175
1939
6187
735
9921
8878
9148
5507
3263
6318
6847
1686
8852
9007
3359
6294
8822
5748
1227
1572
9692
3478
8913
9917
4639
699
5390
8132
5540
6032
1379
9176
3529
1576
9150
5037
7427
1493
7588
9675
8445
8422
7112
9873
5191
1353
6426
7526
2637
1060
1330
6085
9389
3822
4915
1127
8602
4969
8428
7929
2034
676
406
6052
7256
6594
1010
6170
7653
430
60
3561
406
1069
5743
8606
9435
7411
1086
8083
1081
5239
6567
68
5115
3809
2404
4796
2057
1298
7618
7192
8732
3102
1094
7618
9421
4990
3815
7224
7768
7921
9310
7721
9568
6249
2439
4497
2469
5189
428
2606
5344
1328
8990
8052
7281
272
573
4000
8355
2750
8388
2213
3487
7396
9538
2891
3759
599
6282
1331
6043
2807
9667
9535
2314
5864
1339
1824
6425
8724
2718
7002
3203
3156
4329
662
150
8876
6201
7152
5691
2659
2611
6921
3626
929
6082
8320
6741
3370
9310
5693
5668
6326
9302
6249
3119
1821
2633
8884
2936
5068
5664
898
400
8812
1925
8685
1425
412
5447
5895
5854
6483
3879
3501
2619
6891
3927
3875
497
9481
8483
5327
4719
7700
4236
8052
4198
1488
3705
6804
9958
8618
5497
842
256
2301
2200
5273
2486
8092
6843
5705
4556
7306
4591
4613
6917
9012
1218
8679
4308
2929
612
6352
2649
6738
3236
7016
87
5179
4624
4037
9326
4223
741
936
5390
6721
7620
465
1914
6966
5701
9627
4949
7365
8243
1021
4680
30
8436
2882
2065
9742
3548
1487
9212
5909
5090
694
3764
1079
1756
7489
1183
6399
9617
239
4453
4460
1306
2918
712
3946
6291
1293
517
7314
6365
3862
9094
732
1095
2193
940
911
8055
342
6904
7654
8609
9198
9285
8425
2966
5602
83
759
431
3590
919
3954
1310
226
8028
3545
7480
6759
8292
6079
6435
527
8098
311
1491
3177
5553
6382
2113
3995
990
1762
5253
9726
4896
6819
6237
2372
6875
778
4279
1528
7917
6626
6807
456
5685
8548
4057
591
3078
1789
8993
6439
116
1452
4073
4946
2482
3738
8133
4218
6610
4587
4085
3859
9149
572
2792
6650
6554
4701
4100
8887
8012
6820
3228
6723
4502
494
8902
1406
4084
6284
8500
4616
5244
5484
1086
2944
9080
4854
8764
8109
1498
8272
406
7654
1291
1577
5914
483
7058
3520
9382
7444
2757
7651
5006
6535
4045
4380
806
6626
4144
7749
3146
2030
6831
7346
7692
5074
5061
4212
6780
7554
1391
6589
6907
4542
5373
3457
4760
4631
3170
9415
6130
9166
9424
472
5764
6464
7185
6535
2071
1190
765
8891
2039
8641
737
7499
6523
677
8786
3454
1646
7284
4256
3009
6033
5029
3676
1474
1995
7643
3936
3360
798
641
9664
3563
1834
5164
5653
2481
3382
343
2176
2569
9924
9267
6098
9182
755
4524
9399
8764
7724
4014
6333
1631
4424
3484
9173
2923
6939
7541
6272
1
3915
4520
6958
2225
2183
1099
1994
8550
6520
9700
7424
9646
1253
8271
8238
644
9804
5320
4606
5663
86
4378
9879
2606
4824
9657
9815
6077
6315
4615
5531
899
9756
6685
9936
6184
2575
7040
5070
9520
7368
1958
4179
6230
6013
3503
4723
1208
5199
7427
732
3274
3568
1642
5963
3523
3529
1739
3368
1196
4209
6561
2940
8731
3927
9705
981
631
8338
6542
2406
3603
2971
1465
8246
1872
3761
2757
4032
6298
4399
5043
5881
4500
2756
2448
6313
8126
9697
7571
6531
5033
9826
3894
871
6755
7279
4213
1384
5758
9930
179
7456
8600
3996
3603
7335
1093
7383
2405
2016
3917
3903
2999
8075
8409
3255
2965
3701
6542
6336
7462
5560
3906
3337
929
1479
5757
1618
9892
2080
7555
2299
1169
1887
7841
5049
2502
751
6298
4741
7348
1466
3737
2913
858
1459
6582
7797
1901
4871
1825
1065
9017
688
349
6354
8160
9890
6480
6871
1371
7788
6634
3337
9280
6856
7899
2914
954
53
5261
7423
6937
5249
3583
7032
7317
1345
7607
5546
3726
5086
5388
8328
9915
2329
1586
6466
6785
6003
7524
3916
2473
3134
6887
8378
9151
9043
8384
1751
8167
8959
8107
3485
5583
5857
2228
3380
7854
6248
8715
6263
3933
3963
8829
4290
340
4330
5667
3386
3754
6429
9377
5140
471
3477
1389
2762
9107
2556
7990
8295
4501
9920
5737
4962
7499
8526
4188
6563
1334
8971
4093
6009
8092
791
8437
3549
4178
5164
4867
7625
9565
3655
4227
3443
7474
6721
5521
5751
4236
4591
3121
118
6512
8511
2055
362
9483
3453
7655
8526
8060
6631
6767
5453
3011
2132
2075
560
1318
3707
3831
1543
1879
4981
5192
5607
1632
2989
1532
6199
4307
7745
21
1825
1127
7210
8840
1474
1276
9464
5612
1388
7683
6149
8060
8832
6089
1659
2599
4893
2128
149
7266
1641
2456
282
7526
3861
3646
6064
5608
6574
4029
964
5255
6396
2061
3029
2893
6504
8901
8508
5499
2126
7143
221
4590
1785
5287
5037
81
6650
7695
4504
392
5784
9160
5969
6578
8555
520
8494
2940
5703
4711
2285
6350
4771
8154
5627
4102
3614
7733
2985
523
9887
4541
1841
9470
9236
4802
8986
3363
5789
7103
5831
9731
586
1757
2
922
2691
3985
8499
1114
2991
9717
8539
1390
354
4465
2194
9597
4346
2764
6690
7305
6930
5379
9787
3025
8782
3524
5977
9978
4616
3923
4255
3802
4287
7057
4945
2347
3030
4182
9948
8635
6486
5451
8143
4251
7670
6472
4583
351
1049
5833
2881
8813
3244
8158
5680
5130
2073
4977
3426
3505
7235
6921
2013
8010
5731
7023
4549
2101
2576
1007
3824
3306
7295
7233
3927
9993
1897
7702
3981
7787
3720
6736
2440
172
5151
1272
7804
4463
7884
3985
4068
1368
1928
5793
3400
3629
889
7778
5068
426
1980
4180
1354
9386
7696
7567
1943
8438
1001
5937
4447
3141
4406
8099
5490
2956
4613
5632
7133
6534
4578
7457
9676
3335
5302
2884
4618
8051
9537
5858
2354
1433
4969
6538
3537
6450
2891
9225
3501
9007
5803
8590
5299
2351
5128
9473
5547
2967
6130
1733
1980
2764
8886
7610
6226
3746
5992
1997
9494
5387
3966
8016
4078
1325
7977
7092
2869
728
4609
9674
2155
3493
8958
879
200
2192
388
6514
246
3347
1729
4842
2421
4651
2001
4284
8939
5641
1119
2100
7664
8643
2862
1860
3286
8264
3832
993
4343
1690
4374
1170
2966
3337
8006
9995
7023
7018
241
1607
5971
1175
4184
5780
5185
7757
9729
5170
3793
579
9778
6084
3007
1857
6079
9333
4286
3612
4190
5304
2917
6086
2132
9631
4237
757
2393
8651
7311
6587
8386
850
4932
7127
7334
4660
9958
9216
3647
328
8865
7759
2655
5348
5226
9754
1965
9625
4023
3753
1250
6097
9189
1497
5564
446
3094
6435
7684
606
1075
3090
1300
5557
3729
222
8415
5692
7346
4566
6268
6007
8183
5947
4798
5330
8431
515
543
8834
8505
4771
4573
7819
2353
2247
3110
2632
1382
1841
9947
8058
4626
4860
6026
3446
6356
4463
1211
853
3930
993
9535
3795
580
5
8381
3662
6282
7930
147
4121
8539
8812
1771
9144
7639
8917
7198
7793
1543
8781
1684
8602
6835
3404
7097
8512
7440
928
6659
8430
2683
3311
7311
4149
2595
6923
6240
9085
6116
9486
1728
441
1448
5671
239
2562
3317
4922
6914
3498
5514
4458
921
559
4449
964
8916
1154
5658
8867
8676
2148
4608
2973
4923
9498
1599
4412
4036
2612
8649
7405
6401
8829
6618
698
1374
6731
4429
8069
6470
8263
575
6537
1544
2838
6697
9227
8289
2960
3674
4166
3129
1401
981
8179
9394
1741
7587
9602
9638
1315
9392
7725
9337
5250
5253
2635
4815
3718
3182
3202
9414
4034
5016
2914
6283
3624
4728
7507
9602
148
493
1671
2740
100
3732
4802
6055
1750
4494
4770
626
633
8509
7752
3540
6082
1528
8609
2596
8514
4716
6108
7382
9160
1178
47
5947
3452
3165
8743
9399
3972
4156
6020
9805
707
5687
2758
66
3283
2555
9962
9073
1557
2947
3301
3995
7335
9406
2548
7995
7309
5126
1441
9767
3564
2688
185
2534
4524
8270
3764
5077
2582
2812
4111
5756
6331
3057
1078
7248
6629
2152
2608
8446
7888
1434
9118
6708
78
9501
7041
1042
3471
5009
5415
139
9509
1894
8917
4610
5492
5544
9918
9642
1621
8929
4936
4557
4246
6410
1838
9492
1741
8790
9707
9579
1570
6762
1130
1506
238
1180
9074
6030
8683
1406
487
531
1511
3085
9795
1246
5220
8505
9264
5729
7190
1183
9182
6194
2585
1664
9936
239
9276
5758
7052
2019
569
8099
4578
8617
6705
1804
2502
4543
3895
8387
1353
8903
6074
3335
1017
1463
9681
7231
4708
3759
824
6066
6484
5138
9664
1948
9817
1087
1392
7997
7234
9865
125
9866
6543
2053
3661
3064
5509
8949
1630
81
1615
903
3812
98
2256
1998
1368
6693
8393
1942
5897
8273
4211
5754
2969
3447
3588
458
7570
4085
3607
4605
7126
6262
929
9110
6461
4592
1984
2253
1408
3806
1045
5487
6438
5040
8112
8827
4405
3074
4573
1269
629
2686
489
5001
2496
4097
9220
3835
9388
4330
7580
3020
7280
3842
20
5024
3382
9137
5428
9262
377
2334
7011
1596
8662
76
9897
5213
9778
9015
6938
3449
9607
554
2889
1331
7890
4891
3968
9384
4184
42
212
5989
5007
5432
6584
2503
9994
8096
6673
3143
5393
230
6628
8210
4757
7903
2841
9173
4616
3888
6760
6311
1044
2584
5767
5086
2884
1444
8689
6032
1741
5890
9243
207
210
3518
5662
9931
9929
1767
8974
1347
9083
1094
6870
8262
8777
2689
1408
7054
2266
7901
2028
3283
8624
1390
3891
8195
6867
2442
4150
1239
8164
9464
133
6398
418
8757
7177
7045
8029
6337
4485
5400
8241
7092
5772
3579
9180
701
4930
9527
6428
956
2023
4172
3726
1180
1642
5376
2177
6577
769
5734
990
2457
5586
7312
1789
2566
1012
9434
8006
7011
2032
1846
4083
9014
4149
7366
5819
4082
2501
8957
4871
3157
4622
335
1407
7872
1597
4651
2660
3821
1447
6
8532
2360
97
2455
7386
2687
6735
1749
8
2030
5656
6384
7907
296
9688
5024
784
5175
2031
5129
5244
1924
6926
509
9261
4874
4210
3641
8066
7355
8993
499
5354
5541
8030
1616
3741
6122
3944
7724
3051
8016
3073
6030
6172
333
8630
9388
69
4050
5157
4442
4331
5764
9395
6739
7116
7182
1366
3583
946
2706
1031
2021
7410
9801
6565
4102
5123
8625
5713
7270
6366
3936
373
1342
5421
2452
2915
9745
1348
7693
2382
581
2110
9127
90
1067
8666
7571
5432
9594
8395
4305
1591
1600
432
5947
1318
1810
7669
7662
5619
5678
8563
8398
9986
3043
8515
4770
9111
1285
7115
3326
3071
8030
4213
2112
4211
2984
9433
3048
6995
4848
2655
5046
7312
282
8328
5423
8245
6196
8653
9803
9623
4519
808
7306
4767
5308
1534
9032
4244
7223
8610
1951
1715
5726
6516
9849
8909
1341
9264
9029
8430
1598
5311
5288
7663
2731
6788
8515
4867
8203
6343
9942
557
9722
9402
7016
9647
1320
6951
2125
8805
2959
7544
7520
563
1294
4745
3350
5935
5504
1141
9234
4314
354
5954
1057
4190
1339
5012
6870
5912
2960
8642
2574
9541
6771
1218
9387
4114
449
4251
6928
4754
1964
3711
8408
5586
7567
6356
4367
3763
3669
4509
9437
9681
2462
6322
8726
5257
5107
9622
4896
5997
1689
4343
6010
9324
284
9839
4071
1968
1727
3893
3629
7434
2396
8885
2326
5099
2215
6015
948
3077
2985
1583
9610
6649
3474
5599
2072
3793
5157
9214
7997
6613
266
2124
5705
7804
2214
5683
3280
1220
1581
507
530
8187
559
6417
7860
9947
2195
2472
5975
8508
4123
2602
4734
2261
1949
9948
6176
7616
1875
3490
8811
377
5268
9685
5295
9800
5845
7258
9750
4460
8386
1090
8709
2877
2390
4961
2619
1938
6374
6867
4113
4780
2436
7246
9741
4433
9440
5347
5226
8712
932
3242
1073
3287
8416
9019
8918
1423
1114
795
9931
4357
5642
1282
2844
8420
7674
7489
9852
4216
3277
5677
4448
3442
2769
592
7546
9925
5600
3099
1975
6475
5683
1213
8504
4478
2063
1045
1329
9400
469
9071
2717
227
176
3703
4361
7424
5934
3167
781
5528
8106
8113
5282
4654
7438
1455
2473
2550
1422
5018
4271
9949
1548
689
8954
3834
1287
4145
80
5347
2518
734
289
9159
6524
6815
1746
6124
5936
7767
7273
7273
652
1628
7764
2860
6656
9942
5603
2787
4518
6083
3979
4793
559
2135
8497
740
8305
3298
6620
4928
1076
4587
962
1537
1313
8854
2842
8408
7827
3993
4848
9274
786
2134
2356
3480
7278
4833
1078
2081
9389
3110
5388
1679
6041
3651
3470
8868
9646
4590
1195
8254
2144
238
1609
6922
1568
3208
3943
6616
2407
6662
1124
1353
714
6415
9374
6400
2874
5884
4018
1896
4363
1991
6730
563
2613
1849
5295
1568
3991
6004
9405
5982
671
6443
7886
5253
5510
5127
1517
768
3755
4354
1589
5386
5107
7567
2185
3245
9264
1438
6259
3567
3962
6828
3532
7816
4948
4807
8535
5078
3180
9579
7539
626
534
2671
3062
3082
2547
4064
4596
3932
952
4403
6569
6729
4884
6298
1481
4407
7740
4683
8864
1998
979
2336
4021
7727
7336
1942
4170
7789
1597
8503
6583
8807
8361
640
8366
4050
4203
4753
4262
8035
1004
1836
2025
8406
8370
8992
3060
1569
8056
8670
7207
822
5451
1223
3493
4813
6357
1873
6353
6447
1906
8797
5704
17
451
914
27
2807
2208
945
1768
1299
6980
1230
8539
3682
2889
2986
2445
9217
2727
100
9343
1952
1742
9944
3138
5356
680
6327
3856
5794
2567
4777
8313
5263
4711
8997
8994
4955
8759
1725
9957
6670
8201
3415
9711
3463
3095
5480
6744
4901
608
2956
846
9939
4291
5441
3897
9329
1960
147
5788
7686
4753
7379
6127
8341
79
8631
2378
4054
6277
3251
5025
6660
8106
3150
5694
70
2174
9773
7505
8050
7731
6789
5957
2650
1644
1477
824
3068
4357
1673
4878
1061
9340
6410
9317
1979
1219
9314
1748
7443
3949
6895
305
6932
7118
6459
6030
6841
2021
9929
1414
8897
5978
5240
5731
704
5962
3136
3355
329
1078
3423
5440
9049
9172
9141
527
5595
678
7116
5215
9436
3889
6785
8127
223
232
5544
1597
2097
2729
7293
5189
5400
5611
8225
9823
1355
6243
9933
937
8833
1740
5690
5452
6952
1358
3453
1088
2009
7586
91
3799
6505
8987
2499
3893
5926
3471
5615
2061
6757
6570
1565
1081
3339
7154
9381
9846
2609
1683
2932
8493
9691
5379
9443
445
7573
4702
3557
8587
4101
4847
6787
3281
1030
1513
5262
7057
2146
3433
2394
1852
5914
4812
6047
4550
1312
6863
5786
8277
7929
5976
2757
9604
898
2508
1970
4523
3884
980
3367
4726
6996
9469
2211
3789
3158
9722
8242
4192
4447
4322
7710
5451
5852
1295
9336
2677
4721
6661
5697
5391
9353
7783
6936
7825
1526
301
4808
5292
679
644
905
2097
11
757
8850
2498
7990
8390
6129
2500
1041
655
2249
4426
2843
5491
5019
9578
8274
7463
2276
4157
1022
8872
3676
8229
9303
6061
2553
8911
6041
3248
6305
9883
7736
2731
5673
2403
921
4402
6518
336
1612
7095
3334
2795
2433
6859
8161
6302
9963
8879
4742
2835
5116
2246
7476
4942
9296
1553
5141
5089
5961
1638
6175
5162
6463
8743
9480
2817
36
2512
6564
8744
5702
203
2693
6836
162
1280
3634
519
9878
4015
708
9130
737
6647
8025
7425
4519
4978
7023
1350
292
8714
9116
5767
767
3426
4938
2731
4415
1617
2374
7811
1126
7408
4213
585
8622
3301
7494
7182
8799
7449
5043
2362
2085
8617
2529
2605
4129
5312
4874
6608
9309
6858
6979
8917
6598
9415
8665
1052
7529
8149
8367
4854
8539
9135
5521
9632
2877
2570
1798
6840
4019
7267
6096
317
5174
7818
1699
6636
1632
7703
6913
3120
4916
5573
9374
1803
1401
314
5569
9062
8371
5935
1368
7530
5542
4276
9753
6725
3690
9607
4502
3701
9249
8057
2712
2104
4760
8768
1991
4451
6346
9282
9315
9285
6939
3177
6313
9758
3902
8833
3296
758
4611
6895
3171
4954
332
9156
4808
7970
1594
2464
9876
2050
4960
8268
5660
2936
1582
6680
9653
2386
8801
2241
558
5986
485
4726
3887
1143
4006
9042
343
8526
1603
6512
8032
6888
6185
3689
1438
4371
2977
9563
3517
9011
8803
9788
360
5331
5965
5949
6695
4425
3984
7474
8813
553
3164
4237
7526
5665
9150
8116
2988
4670
1125
5573
5063
7
4221
1312
6180
4
4950
4989
4204
7243
1251
4399
6682
5606
343
4219
3028
8766
681
3715
6617
5881
6204
8037
67
7253
7915
9353
7974
4576
2299
1527
5777
2144
7993
7747
6926
296
87
2134
1915
3146
5933
3305
8000
8567
175
2842
4181
839
9839
724
3913
6425
5130
350
2576
6903
9663
1074
7110
9436
1181
6471
1616
2886
7851
7491
6392
4154
5227
447
2452
4122
5930
38
1997
2735
6080
8094
2068
4093
8689
7478
3654
186
5161
8486
610
4968
3772
3138
9108
2676
7120
5274
4627
7723
1659
1887
405
5391
2541
7175
1577
974
1384
4065
449
1980
6321
989
7155
2860
3803
801
7965
1771
2761
5440
9370
6399
224
6011
7881
6832
3445
5136
1856
5098
611
4106
1576
9705
7173
3543
3831
8096
5048
4518
8571
3589
2462
3503
8670
4716
9399
6704
9279
7721
8781
7460
1482
100
5206
5535
8191
9026
7841
5218
9709
1164
2728
9965
8998
651
4002
5927
6669
8169
8584
3455
2212
4064
2591
7203
4429
4903
2139
1381
595
7893
7300
1631
118
9764
5079
9059
5443
2562
882
2739
8746
831
3669
8996
3752
1772
7754
6830
5372
9945
4539
2273
8022
323
8283
2185
3542
3338
6896
4717
966
582
4443
6971
347
2389
7248
4845
9690
4170
2192
7056
4862
4507
3374
6382
398
4636
15
428
631
5710
7286
9956
5630
3069
448
2982
2229
141
2146
5875
4209
8208
7665
9071
5773
2079
5541
3611
4340
6034
2839
9020
1895
6935
5550
389
6793
8337
8251
2632
6348
4335
3625
7067
4866
9609
1366
6034
9286
87
7627
8496
7218
4851
5939
7974
3609
9976
5140
948
5299
7852
302
7111
2868
8917
9723
8058
4018
1628
9477
6400
2444
5850
6854
9842
8432
1200
341
9214
5749
6630
9958
3839
6671
5698
4157
8459
1645
7687
7155
9480
3563
4936
9657
8195
6789
3406
2322
5499
5335
2538
51
6680
8516
4888
3887
67
793
193
9641
5477
600
5187
7736
527
5596
3255
9106
7623
1578
8893
3380
2049
7754
5671
8287
3929
9446
5935
4397
6656
9703
481
6828
9777
3358
7427
5361
6361
2110
3497
2043
5580
3374
839
3496
9181
4516
9321
5630
5170
1877
6315
2285
703
7985
5212
465
8797
5613
3477
5362
2553
4412
8132
4564
6869
1630
9371
7182
8961
9943
7155
9427
4736
5674
898
9106
9903
481
8984
6782
8882
9671
9467
993
5514
3674
4273
3322
4265
8992
4932
1632
3953
2085
7422
9407
9620
4982
4800
7796
4437
5693
6649
5455
9127
6949
7044
9029
611
9056
3113
1655
5813
7016
7599
6077
6141
9539
4795
7059
840
7018
5041
2619
2467
313
7734
5457
7220
9772
7333
9289
2995
8292
8423
3862
5228
4589
4281
9947
1763
2587
7620
8905
7738
3375
2764
3648
6928
8778
2344
5918
9177
5677
2596
1473
9239
3475
3188
6208
8819
4929
1583
3968
8135
3756
7845
793
4045
1575
4529
2616
9448
5766
8206
3600
948
4741
9043
8942
2388
6053
3792
2895
5928
8160
2658
1353
7687
6742
9774
8478
3006
4021
8141
3450
1066
6611
8774
892
9487
2487
1217
305
7213
1658
3552
1655
3407
9171
4441
6675
9883
9744
2156
4503
7146
7560
8519
4247
8674
3356
4063
7657
5053
9291
2835
2502
6581
5185
5465
1111
398
9923
5955
9797
2583
3456
3781
4966
1838
3660
5205
4586
4935
4345
9664
8278
814
5722
9027
4402
2291
6307
4036
9228
3669
4405
5048
934
1151
1090
4496
3228
9691
9419
73
3154
5004
1679
8522
8296
5956
4198
7849
4397
4056
3858
5008
3046
4557
4238
2617
1159
7965
6309
7869
1233
8743
4965
9702
6636
2092
494
3914
5908
868
1810
5552
9651
947
937
1329
2869
783
2991
1593
2060
1446
568
6790
8020
346
1901
4849
472
7859
3145
3749
8924
2609
3444
5130
8757
8404
740
571
3921
8521
4750
7523
2364
1893
5870
8847
8346
4949
5773
6086
7735
8138
4522
7683
2647
4018
9529
6588
9132
1054
1299
9126
8951
896
9619
487
7156
1584
3355
4091
1902
303
1494
788
4885
314
9869
6853
9107
6408
788
7225
4093
7882
7389
7294
5322
8527
9845
3473
9515
6180
7630
329
6874
6971
5353
7593
1763
8213
5570
93
1164
2927
7015
8987
4104
3528
3998
8005
2010
468
5666
1706
8910
2735
6353
9178
1195
6567
131
5743
6617
6714
5416
8772
6474
3300
5281
5993
2569
1056
9463
5649
5623
1744
1459
8653
8550
1247
4545
7166
3092
5459
4541
9160
5288
1267
1866
2235
1428
6208
2140
9606
1481
9705
8069
3830
9451
6877
8450
2521
2045
3465
5376
1470
9656
442
4715
7492
7622
4006
5150
1824
6516
9869
7184
6205
6062
3323
250
5321
316
9118
8104
4707
4207
1728
5498
3278
9632
2652
2810
7401
8311
7875
4965
8288
8574
1194
3376
1844
9577
7011
424
3947
3291
2879
7104
6893
6734
1421
7952
3856
1725
125
5301
8971
174
9212
653
9885
5103
5238
7555
7934
9404
24
9167
1460
362
3068
205
7991
4411
1607
5401
2273
8615
4653
2439
4316
127
3886
4854
2733
9125
2759
8826
7939
8672
5126
4845
5296
919
5428
9533
3522
4179
1772
6284
9706
8941
5673
8609
3453
9074
5215
1858
5438
2641
3690
3525
4317
9028
5342
3422
8865
3730
1722
5466
6345
9862
8033
3577
3434
5167
8197
1916
9647
6474
1543
6503
4984
5992
7070
6341
3851
2100
2281
8451
1092
4887
2045
320
534
119
7782
2529
1688
1026
9779
2014
8746
3678
6168
3950
7646
1934
2802
5706
2159
6926
3208
7070
3578
8189
9479
4753
6850
7736
5520
1589
1826
718
5488
6936
9940
6927
1704
6427
5295
3681
1828
4389
3209
4666
9919
121
7913
298
3522
2314
8444
3681
4814
4208
6856
4316
2774
5188
8095
7102
209
3363
3187
482
5695
8953
4893
9628
6508
7390
3083
8122
7671
2305
4830
622
4568
9136
560
7704
5439
5966
7563
4815
836
9258
7513
4948
1959
3019
2239
4902
8725
9526
1126
7520
3331
6207
3860
3507
9054
3611
6673
6267
5907
8830
6394
2083
6291
19
7672
307
9252
5643
3526
5152
515
2661
3251
2576
7034
936
1616
47
9444
3467
7244
8921
4203
4955
8874
2340
6267
6814
1172
3527
7712
1781
325
1581
1569
7851
2962
1305
4429
4265
9397
8433
5616
1780
2331
9260
7449
7585
7623
9454
440
8179
9545
3304
2825
5217
1336
7602
4275
4962
506
6522
5357
1085
7957
6494
3504
6807
8050
8514
2596
3651
9571
9012
8232
5255
6322
5803
6430
9708
4389
8821
898
8864
9982
1456
9668
8937
3719
77
2897
8118
5109
6736
2593
9337
3604
8640
6967
4398
1341
4392
1384
2362
3167
3291
4369
2665
3
8136
7333
4448
8504
9736
5743
8715
1219
6577
6435
3998
9618
3382
7863
3005
9229
9526
2932
2715
1878
4823
2795
7810
650
4588
9348
7274
1269
9789
7923
6095
9512
726
3864
6487
3210
8170
4229
4243
5296
8176
5602
6431
7323
6855
16
1237
8737
5243
5677
9242
7416
6172
6745
3309
9226
6066
5865
3841
7725
4266
5001
9134
1236
2037
9002
6880
6505
1442
1348
6855
5380
487
4770
1704
5174
5141
4205
8141
4801
8688
1999
1386
8464
4173
3692
9297
4436
5366
3278
4728
5810
369
3012
7217
733
8611
878
1939
8864
2956
345
1568
2286
9430
8273
1508
6131
3632
4094
6819
3207
4043
1131
7441
4500
2825
9104
2243
5614
1817
4054
8329
344
1207
6963
1008
1120
7452
931
9441
894
3282
2919
6839
8003
6440
5978
2377
5372
9479
9941
8227
1402
9885
3169
3411
1303
1208
4437
2199
48
9907
7933
6865
4064
6051
6426
792
8512
7274
9251
8017
1195
9402
5757
2918
5864
728
6505
6894
2052
1642
7155
8583
7104
3143
4157
3535
2243
826
5428
436
8097
4394
1560
3037
9130
1535
5804
8411
1141
8628
771
4132
3837
7148
5320
499
8199
4536
6847
287
1866
8924
7800
8918
2404
9038
1625
6887
474
8736
5244
615
880
3271
8038
3472
5685
2206
3784
6031
9109
5496
9221
7782
1078
5041
4104
8268
8760
549
4317
3736
5329
4936
590
5695
52
359
1416
6139
8399
7812
4644
5645
5538
6763
8699
7035
671
8424
8464
7265
8238
4946
6092
9824
255
3310
1090
822
8889
1325
4013
1485
9891
9270
2905
497
5707
8834
7499
577
7121
8917
6931
4641
3338
9773
94
3093
8533
76
2280
3967
5990
3029
1013
496
2179
971
9222
2228
1568
1404
6895
1045
1896
9067
4446
7773
7582
625
4308
8832
9518
4036
3204
3069
8577
5380
5121
215
5096
3495
2650
9305
4971
1140
268
4383
2483
8084
9236
3520
126
2048
2905
7463
7306
8406
3027
2063
6283
1354
8525
7276
3364
1219
676
5575
4477
6193
7914
4290
1406
2089
5061
8857
6121
3362
2639
8058
3491
1523
5799
6303
5717
6913
9047
3080
5076
4768
909
2439
3169
2435
8039
8564
5233
5976
107
2141
7760
6583
797
2788
7806
3894
8737
7322
2153
7348
549
4537
6950
6775
8542
551
8034
4597
6606
4365
4308
9983
6176
3356
2246
3179
3586
6957
9720
7898
7166
2239
9039
8857
7063
839
8160
7579
8378
2779
3665
9958
525
3903
8487
7037
6791
7596
7568
2939
8980
8625
2004
3140
792
31
4333
1171
2153
917
2092
3357
7910
1338
7149
2287
9684
3950
1266
1945
5878
8801
1592
5161
1888
353
2958
4780
7522
4198
6693
3383
3138
604
710
500
4894
8612
1736
738
4339
6993
7634
1099
3023
5533
8221
7663
4134
3753
9139
9488
5215
5692
6578
3160
5539
5915
3772
7056
678
1082
6609
8842
6423
2352
8810
8431
1912
5248
9912
736
7981
9446
5365
1111
3073
6730
8414
8273
8851
6072
1632
5414
3661
1805
2236
689
1383
5161
503
8319
1075
9152
3946
2971
8730
9117
6717
5588
6537
7528
5562
4461
4814
4776
8389
7356
6141
7027
853
4469
6363
6868
8685
7309
6144
6509
7349
6595
5875
1741
1010
3944
8860
6564
1621
8223
9875
9408
5954
9701
8702
9799
270
6657
5805
1136
9511
9926
857
7435
8288
2473
7052
5198
2622
64
4900
9934
8528
2877
2126
1513
6670
9520
5535
2884
5290
5669
2558
5173
9485
5061
8816
4884
8238
2964
6637
1273
8578
1832
2566
9591
8494
8295
9257
876
4708
2805
3914
8829
9781
2664
2802
4371
1588
9026
3124
1379
5566
4916
8225
5039
1344
7692
6586
6313
9293
4047
864
2462
1635
9616
5993
8905
9225
4755
6415
6432
9793
7197
6278
6586
764
212
6171
6648
9044
6135
8245
4791
6796
6040
8593
3246
92
8309
4321
3966
314
7492
1089
3184
667
2930
6257
8444
6327
702
1253
642
2069
8059
4384
7018
2396
3104
2241
439
6401
4484
7309
7792
749
5297
6365
8984
5723
5471
2997
4112
2181
7786
8706
5244
3117
5675
3692
1901
8201
8928
286
6916
6552
5253
7328
8689
8411
5455
1452
8521
6702
2520
7545
537
7797
4876
2162
6382
9924
4217
5167
2979
1838
2932
6859
1732
9133
541
1181
1085
675
1358
1115
4241
4260
4628
871
1450
1826
2297
469
7296
9884
7525
9825
5394
1622
7598
6833
3794
7842
5587
3718
594
2637
8786
198
2946
6926
4282
628
7645
3020
4986
3796
6149
8079
4291
6369
8752
4406
2684
2099
3693
5093
3979
4296
3192
9967
4405
7293
9606
4561
3691
7010
1969
1963
3520
4233
8296
3211
7529
9617
2888
6685
1271
4804
8413
8175
9751
9028
9987
3588
8309
8143
2734
3006
2239
2635
2318
3514
6562
7885
8038
1822
7153
9092
2285
2149
4052
6587
6111
3457
4512
1847
8780
555
8160
2034
7009
4478
3954
1745
3307
2717
1364
6083
7246
25
345
5511
7198
9019
5720
2098
4659
3882
1465
4512
1517
8002
8457
5038
4048
8036
2714
4865
1228
2869
116
1570
9898
3891
3323
4285
1307
2682
6132
6612
9396
5459
6852
5740
3784
5923
8078
6373
9277
2291
4677
8010
1117
240
4465
7320
4784
1990
9147
8215
1496
5200
5823
5379
1295
5838
9288
1887
7214
4944
7493
5747
5882
5132
6262
5907
4929
1837
6256
6864
220
2869
2692
59
7961
376
9054
9110
1257
3892
233
7509
1393
6137
6475
4256
6017
8223
2046
61
4712
2359
9518
3114
5869
3562
2870
4077
770
3330
8331
888
5779
5384
9224
3882
4646
8148
5000
6453
7508
9476
1502
7726
1836
1885
5370
8572
5201
3808
6878
2426
1719
8679
2244
7412
2144
5264
8011
5931
2162
1674
6194
1564
3083
8626
2752
6893
9955
5962
9048
5306
8091
2731
1100
3850
6840
7095
2834
5058
4081
356
2934
1399
3149
9970
3106
988
3373
8935
6830
1375
8141
7129
9012
1404
3908
9995
9553
7267
8338
7968
2549
6743
549
6119
3926
9122
9202
276
2025
7068
933
3743
1305
4043
6139
3284
5937
7645
7505
7211
3150
9556
8542
7879
5844
5203
3479
1523
9418
524
2847
1311
7260
4049
5014
591
9741
2378
7200
6861
9055
6276
725
6874
9863
5482
5183
9958
9530
7289
7517
2496
9215
9367
4101
6687
7786
9456
9741
1054
3128
8687
8165
377
9876
2153
920
4909
9726
2713
2716
6689
6536
5171
7771
5140
2044
2208
5695
2726
6413
2510
4804
835
7356
321
8364
2078
9392
6204
8437
117
1957
2153
8884
2190
8692
719
6373
5410
769
692
3893
2917
1547
8749
1263
1700
8125
1311
7444
8173
3896
9458
5280
9991
1374
2176
3793
3247
7567
2523
6778
6114
627
6911
8217
7168
1346
6519
7050
7163
1976
4011
6900
9814
7270
7502
2484
8955
1238
6499
7406
5370
6909
134
9847
1256
5841
7709
8228
7326
972
3748
4542
3699
7080
7191
5540
8177
6800
8721
8320
5487
7668
4385
809
7720
1898
8962
5347
3819
1757
2658
9135
9415
4664
7159
1517
1437
4758
9698
8437
616
2558
121
6706
1912
8439
4201
68
4149
192
9710
9683
7749
4116
7945
7454
9069
1095
8357
4561
3413
7053
3904
9040
6003
3840
8043
4021
5845
5408
3329
5438
2324
1852
600
346
786
9310
6151
2758
1028
1943
5088
2494
6916
6007
3604
5472
452
1523
163
6407
4238
8178
1073
9186
8878
6281
8046
6439
5350
2675
6215
3775
8347
5147
316
9616
1877
6894
6231
1063
9963
4533
8008
2964
5689
8429
5450
3773
4739
3911
4133
5817
3806
279
4181
3752
3472
2682
2383
804
3560
2499
4808
601
5353
2336
3052
1484
5119
9844
7814
4273
8831
8879
1820
3280
8880
286
1583
7600
3685
3377
8275
971
262
3558
539
8657
9658
3453
176
7413
5987
6110
147
998
7679
2098
9451
6909
1123
2921
5393
2998
4060
4629
7179
1011
6676
9466
2170
5669
5232
1940
8539
9607
8887
2524
3945
179
8878
8053
8851
6123
9342
2972
7712
3685
7802
3782
6047
8278
5333
7266
2193
2264
26
6617
2745
9117
2012
6548
1791
8042
4421
7133
6410
5480
8655
5204
5107
2754
3374
3195
3156
1288
9210
4393
4147
3319
6732
1273
7139
9378
6333
6733
9323
3864
8512
4507
6400
2056
6918
2573
2799
8108
3318
2317
9455
7529
8536
6004
1320
5951
5933
7001
7653
5539
7503
8561
5893
5799
8342
5624
2210
6247
5294
5410
3961
7344
8161
3731
3059
1116
1316
4236
1271
4519
9229
5879
6980
5197
5118
110
9124
7932
2803
5425
4907
3702
3938
9021
5051
9279
8211
5625
6694
8739
4852
7497
3448
5745
6956
884
4036
4463
8074
9547
6091
1656
4481
8034
1653
6228
2499
5626
7486
7773
641
1148
2022
7938
7433
5497
6511
2585
7444
5248
9875
9611
2211
2765
5132
2391
4248
1298
2854
235
6416
6362
687
9996
60
138
8320
2062
2419
6844
1543
5396
5678
4898
3701
8351
9114
9361
66
2084
7112
6539
6573
2586
1181
5286
3465
2490
5747
7219
4642
9788
8713
5293
6150
486
6494
8235
6759
1911
4997
2087
7921
156
554
595
3169
2275
9083
1218
2070
2529
8033
5638
2773
5423
5372
8621
9003
4822
1749
7964
5236
7596
2494
3983
7572
5019
6449
7875
7642
1832
4030
9946
3409
8344
5766
485
2221
222
143
918
7370
8738
9869
9816
4985
6361
2369
2795
3632
7386
1266
4743
2420
4535
2723
4748
2939
5188
3234
5945
5177
761
9688
5948
1688
565
2278
5644
9670
3768
1077
3516
4338
1380
3085
8429
6194
3461
5232
3094
3128
8320
4438
439
391
4265
2413
7799
8667
784
1534
5410
7763
9143
6052
7457
9920
141
5565
676
2311
4506
3367
7026
5974
162
3009
8086
319
7377
8996
5148
7991
4067
1786
8893
5609
6712
1477
7887
220
9461
5010
9445
723
9009
6066
65
4277
8973
1313
9939
8567
8743
9339
4210
6042
3113
1358
60
5261
3343
8337
9037
4847
5547
8433
2556
2319
6562
8290
1758
158
8185
3980
4205
615
7884
5748
2117
3200
4325
8584
6526
9688
8988
6005
9443
7570
7092
6579
3762
7100
903
5444
9300
511
8237
2826
1698
2865
3119
6890
4881
6584
7437
6358
6617
672
3980
3313
1683
2055
7283
1207
2814
8490
4952
6533
3247
1471
8743
5139
6481
8791
9540
6022
1816
1194
411
7809
7011
8518
3542
6956
1556
7984
6689
9699
7870
714
7401
2400
3218
921
4925
1260
884
2445
7436
7273
1709
2564
6629
2160
273
5066
3402
7006
5565
7950
2071
2832
985
6759
8591
1581
9997
2254
518
2569
5128
2734
5659
2051
2554
3449
9893
3615
9021
3137
6613
8094
1653
4967
6257
7369
6489
5421
328
8179
1167
3502
8498
9221
8019
6909
7770
181
6791
7976
7515
56
8864
388
3799
8630
9776
8003
1968
598
5541
6115
9352
325
3072
77
4754
9760
923
3004
3678
754
6157
6731
3709
255
5191
1195
3131
7925
459
4290
9356
1117
7752
4878
713
9932
8576
7218
9296
2733
6505
562
7318
6682
2410
3298
8448
8350
4350
2050
1624
5160
3973
5610
8628
3629
1054
2477
726
8928
8428
9264
3702
1129
4868
1907
5713
639
7557
3151
2121
2965
1712
3360
8145
4420
1479
1664
6958
658
8220
9659
7173
7921
9780
6852
1422
6666
5732
8992
1179
7696
92
4007
2748
4630
6657
901
9529
9356
4961
8923
3638
9230
1304
2631
9956
5692
6991
9923
4208
6938
7292
1694
4835
8404
5960
4606
9988
922
1516
2385
3809
3830
8295
7288
5990
9626
2145
4577
2438
9313
2791
7827
1577
4895
2146
4185
7302
2992
8932
1083
7602
1244
2612
9089
3629
6186
1283
7270
1361
3151
4983
9608
6800
3807
8909
2069
7727
5022
2687
4584
6270
8581
9816
2409
657
3508
860
517
1219
5853
8708
6544
6273
887
7947
7861
4225
7559
5067
6282
714
1045
2136
2439
7173
9454
9281
6073
4524
2978
5306
7519
1661
2543
5049
6898
3121
1261
5701
2762
3918
8744
1091
7345
587
3656
904
4292
7813
3861
7326
354
4592
4041
6623
45
4123
7467
6020
2015
4736
7241
958
8920
7893
7022
4237
9475
6762
5212
2463
4566
9417
1796
2763
5712
9098
4556
2389
4301
6939
5818
5750
9459
489
4971
6296
4897
5954
4125
7365
6008
3171
4627
9345
75
2073
9026
4860
1319
9526
246
2565
21
6317
2052
2848
8346
1681
7245
7587
4816
9656
6581
94
4072
8345
4551
114
2493
4368
8478
3244
7338
7430
1657
5597
4515
3489
8597
2775
9098
500
9774
3256
2876
5165
6455
1011
8639
4536
189
2978
5802
1094
7132
6936
4996
5209
8894
2663
2305
6758
3658
9719
8809
7493
6408
3873
7945
8956
9063
662
4191
3977
7274
4961
5969
8468
2174
8973
8866
6043
2593
6420
8450
122
4090
8317
206
233
5548
9741
8578
8906
2569
6116
8487
1489
8327
4193
3762
412
9300
9336
8042
9028
7443
1673
6434
439
8225
4789
3067
1839
8879
8286
98
2027
7470
7961
730
1059
7945
7494
724
4362
558
9736
7497
3940
1171
8235
5033
5049
4341
3661
5272
7098
1484
4404
6565
9212
979
2692
396
9176
4319
6374
6684
1231
4851
9008
3981
930
8540
4453
9256
489
6895
8881
8340
1925
967
6498
9670
205
1270
81
6105
5783
9828
8603
4173
9939
8290
4339
187
5634
7640
7567
3980
7397
9875
8783
4384
5601
9934
8739
9262
9520
9324
464
6357
8893
5917
8545
288
4693
6090
6104
1972
7991
1525
7914
6868
5345
543
8252
2284
6538
4854
1772
7788
1816
1482
6494
2381
7628
5057
9385
8944
3453
8756
288
9725
8697
2728
64
4778
8397
8199
9503
909
7191
5754
7238
6890
8337
5416
5779
9748
4379
282
9545
7481
9160
1783
261
1495
5044
7096
2531
7544
4101
7651
958
486
9890
4308
3146
1294
7004
2348
3228
3383
133
8940
7494
9293
9460
2172
373
1961
369
4243
4058
7011
9993
9761
8488
1505
5917
8969
6183
7875
4802
7798
7146
6738
1541
1833
2954
452
3866
1646
4946
3826
7490
1631
988
9809
9529
4321
5024
7120
9033
3251
6202
8583
855
6867
9377
6542
669
5284
1444
5675
1225
3939
9004
9539
9380
5199
5413
912
769
8401
8339
3488
3669
2963
5342
6340
2305
227
2517
5399
9318
717
6828
937
1454
3899
4761
1517
9892
2583
6289
4181
1468
5
3168
5970
4662
3756
9938
9157
5385
5259
8309
7348
8414
8333
273
2982
1151
3500
8133
4037
1077
4477
8240
4248
7956
3311
9292
6610
8747
5696
9267
191
7420
4299
4273
4645
6345
9900
294
8738
4029
3010
3850
177
1348
8322
6070
7670
5021
2659
4447
9122
6125
15
9659
6822
1266
8498
67
8548
72
6660
349
758
442
3855
8681
3083
9362
2563
9516
4428
8753
732
838
7301
4811
2602
4427
4355
8672
4353
8328
8294
1438
124
8266
6024
1323
7933
841
4274
6162
1466
8517
5669
4896
639
9074
6342
3296
9391
8823
8186
6181
2199
5999
7588
2109
4519
6324
1571
1093
6615
2329
9784
9833
6172
7692
8952
1890
4365
6470
537
4441
2912
4259
4259
8036
8016
2899
8325
4740
7533
7434
4203
8528
9761
4064
9424
3565
1049
5665
1394
4253
5334
2996
3512
1054
4084
1050
8178
2367
6622
9480
2432
8879
6316
948
6368
4059
678
7281
6756
2906
6666
5278
7342
8196
4534
9360
1949
1983
1009
9065
5231
8237
3947
1490
2784
6683
8457
3457
7003
1755
8592
3649
8633
8332
268
2484
4244
7340
2070
4874
5695
7949
416
2303
2457
5417
1737
6810
3896
8690
6070
7318
7735
783
2340
8998
2225
7631
6027
7104
8530
1785
4187
858
6630
6237
5281
2700
7068
3897
131
8270
6490
7495
9570
3613
3578
9000
5940
8200
4739
6068
6837
750
1672
2591
6864
5632
5311
9241
5682
2340
1482
8687
3510
1811
6817
1349
839
310
5444
9390
3014
8171
2784
509
6896
1943
7897
6289
9701
8328
1881
3889
1706
4720
3154
7288
1080
2534
8397
8220
2272
1686
8878
5086
5092
767
1868
9647
6892
9069
4170
4500
4897
164
3358
3051
3636
919
9142
5181
5353
3997
1827
2895
6100
28
914
5696
8162
6947
3797
6617
1550
4255
100
7185
8551
3179
5157
6295
8564
1985
6581
3433
4372
2943
722
5877
3966
9865
1678
6643
5689
2137
272
2320
6734
5491
8118
1482
9665
9289
3202
5632
3516
7242
1844
8356
4113
7972
9486
5714
4957
252
3273
279
2536
8040
9258
764
8848
4100
8200
4997
8085
6867
9052
96
9135
2852
1868
400
3648
7534
7683
8144
6418
2173
2836
4792
6839
2172
4495
1485
5987
1376
2125
9410
8564
2421
8632
1065
9135
2604
6156
7749
9665
3594
9537
2687
9336
3244
6374
2416
9975
700
9376
3744
8712
3408
8742
4345
3749
3692
6644
7889
605
269
6903
8852
7311
6685
5267
9410
6655
8426
5571
1071
34
2358
1977
9280
9698
3227
2962
2754
8111
7737
9929
6481
3636
9215
7042
1682
2250
3124
4715
8353
9577
7078
1057
3784
481
6793
9433
3501
4458
7862
1458
9277
9382
2816
7716
2190
1811
8958
7235
5636
6251
4070
8983
9039
2891
9274
1788
8921
5092
1469
3374
4896
847
3024
7470
2103
188
3702
6140
9103
3122
1348
1401
3950
3531
5157
9036
2314
1595
2458
9813
7536
4357
5682
155
2959
7929
8914
9942
7529
2446
430
2270
4319
1414
3777
6686
4107
7630
3900
6408
7622
5275
244
9632
9355
8242
2177
6662
8094
6223
6866
9815
7968
7485
8804
9503
5807
4416
3449
9300
8171
5495
1214
2660
6458
8873
4792
947
295
628
8145
4264
6861
2050
5073
860
4886
8389
6756
8930
8553
8630
6187
9906
1195
4532
7673
3976
144
1510
6874
5811
3697
7900
2730
7039
830
5817
1394
2142
3629
773
6506
7469
3748
7333
9702
367
4451
3972
671
8976
8383
7495
319
2996
3126
1749
2655
8772
3531
4324
3999
3937
5970
3715
6263
3404
5457
1688
4800
9913
2021
5885
8110
4000
5304
5164
1082
7255
7782
2387
5031
191
2199
8402
9387
14
9138
1521
2558
5769
3435
8573
4946
1509
6519
7746
8614
933
548
4841
9134
7561
7121
232
5529
2158
9086
1878
779
7263
8343
5484
3241
1212
5886
3975
6827
675
1245
4437
4282
7620
9465
6383
6690
4612
9547
188
7660
6704
2219
6754
8161
5449
9538
7401
106
969
2726
4925
7728
7768
8289
6277
3534
5399
1700
8449
5313
9302
676
7783
4636
3122
6793
7302
2761
1182
6645
8522
1918
208
7664
6466
5524
4601
8867
7115
1663
8206
8409
1035
5149
3533
7189
3937
9370
3899
8292
9697
9223
7203
4974
4202
8374
2480
5958
867
6602
8868
338
6907
419
172
6854
6980
7335
1391
438
514
2271
2382
8677
3961
9925
1328
4867
9349
8312
7101
4112
8807
7077
8931
426
4722
3307
1670
8426
3303
1054
5048
4438
9941
4688
8321
2344
5639
5607
8368
6083
2766
7083
8021
6191
7391
9001
3946
3800
2761
457
3807
4787
133
4620
5507
4492
8449
5385
6423
8208
5978
1205
4881
8842
8222
4465
6908
6782
5611
960
2815
6269
9573
1179
7866
1030
683
7893
1374
8140
750
937
4
8214
5172
4270
9049
133
605
1813
5776
6699
6113
9454
3603
7847
7947
9439
4551
1803
7100
9978
4845
3428
9467
5746
2920
8262
3820
6850
934
3922
6898
7910
9756
348
4783
3433
7848
3560
9316
5461
1003
7801
3313
1533
1371
5946
712
5937
1805
282
2977
9802
2740
6089
8800
7059
9156
1816
3512
3325
9734
3074
6750
8127
9262
5356
8339
6380
216
9093
1193
9857
8449
7238
5040
3061
4911
6221
8671
3992
2662
1288
6738
2827
5159
7529
9080
5556
7664
2421
2325
2591
1025
6152
2662
6087
9544
655
5648
1793
693
4754
3120
7952
6957
5341
5431
3179
712
2046
4554
6792
325
9644
8054
2033
8649
6842
3639
5148
6860
2312
2926
3810
292
4014
9572
4768
7046
8177
7203
405
5365
6220
3569
8822
229
8660
3502
5788
4640
1274
6761
2400
970
5150
7935
2938
1602
4722
3992
3114
2716
6402
2111
9865
6020
8321
2832
8931
9559
9615
7301
6557
8094
1640
6856
3214
9118
655
2632
4014
3221
7603
1432
10000
7976
525
8760
3671
9735
5627
9562
5723
1469
7055
1459
1319
2564
3281
4006
2864
4566
1135
8221
85
620
3130
1488
647
1723
6113
7537
6239
1861
8542
153
6802
7944
4854
7311
5609
5730
6601
7085
9242
3715
8938
5103
3621
7127
2243
8533
7349
2927
3212
5739
4230
9723
9122
4386
7098
899
3282
4538
8469
7990
6400
6217
8790
7488
9934
908
6607
5978
5735
7267
5561
4657
1259
7644
5653
4401
5561
4353
5901
7684
7517
1735
2424
4724
1925
5376
463
6738
5725
4085
2211
9861
6115
9933
4543
3937
3016
4815
3499
9672
7449
6148
4591
281
4126
2170
3825
4106
2327
9432
6549
609
6092
5148
1827
9787
1661
7415
8169
7612
5493
2956
4679
4342
6554
8506
3943
6216
1335
4148
1876
6
3724
5895
7512
4844
2498
7227
5314
726
3362
5338
1979
9761
2301
6450
9828
2482
9791
9917
193
6457
9558
6660
873
4149
7748
1492
5164
5177
9096
1883
2459
5804
6250
3755
2564
1707
2015
606
3146
3164
5297
3302
8442
6460
526
2540
9226
9203
3288
3184
4376
6176
8294
5885
6055
8838
2406
8732
3152
1715
5093
8107
9267
6436
7666
3741
1442
5972
8225
4611
3610
6005
413
4903
423
1130
9461
2673
9362
7609
1312
9265
1824
559
8508
216
5810
4677
7824
1289
4236
1627
2613
1266
1990
8746
2991
9366
3524
8499
4335
50
3254
8133
9082
6710
7517
8965
4829
1348
5392
2678
4818
641
9289
1305
6068
7020
5381
6724
6329
9306
9308
6347
5710
8705
1031
8967
4992
9904
8919
9704
4754
7297
3356
4124
3343
7358
5592
4269
7905
8566
9266
8989
9269
9114
1764
2284
7435
781
114
480
7469
392
6440
4477
8256
1102
428
3588
2830
1248
8889
1259
6512
7059
8937
3549
906
8285
3658
7220
5534
5246
8611
4013
2678
6077
4102
6179
5895
1715
8499
150
5356
5221
7892
8129
4755
6330
7169
9484
2924
3774
6277
62
5912
7926
2307
9649
4119
2388
6621
3461
7605
1103
7980
3372
4819
8586
3570
9128
5045
3828
4279
2489
9114
1118
7525
1403
3195
6479
4251
59
2039
2595
9105
9821
9371
8003
46
9984
3692
1951
7538
1784
9937
6289
6980
3589
6163
619
2265
2670
6359
3343
5652
920
8927
5165
9511
2271
1784
2861
1271
2388
5598
1480
2219
4616
8230
5267
9805
7922
8114
6489
4505
4513
8609
7889
1835
4775
8767
3838
9991
3711
352
573
7637
8300
241
3151
6647
8501
4447
7269
1312
9837
2027
550
1307
1948
881
1602
4447
2779
8016
7158
5116
6629
8839
6355
2109
3193
9029
351
5688
3778
6407
5085
9474
9973
6032
1366
5841
738
5522
5701
1502
4533
4848
4573
2083
2908
2198
6983
9317
7864
2440
124
7431
4838
9356
775
4275
84
3216
4228
9187
5322
7413
7850
4781
2676
924
5622
2921
9023
7580
7414
9284
9735
4885
8013
921
8244
6541
1584
3195
2759
5744
8242
6958
1305
4231
8942
9415
2872
139
6485
7733
6622
2561
6416
2225
3894
8543
4206
8264
1527
9189
6950
9193
3636
4878
9342
3006
8292
7067
4020
3326
3149
8767
4682
5717
752
8209
2322
4500
6984
1412
5166
822
8054
9326
5603
4036
2853
3851
6410
7789
7123
2698
9536
9331
3368
1983
1811
6202
6010
429
8719
9178
5529
8488
1270
8937
6509
470
3355
7123
9264
3715
7533
24
878
4414
4418
7614
8552
6470
5970
40
3380
3843
6114
6695
9771
4671
2384
855
2684
3123
1796
9756
6370
7882
9109
8965
1763
9466
8116
8925
6752
3499
364
7298
5201
9988
3947
6673
3340
2691
1060
5607
5153
9621
9307
8886
1932
8153
4657
2139
5210
3593
8545
4990
4916
7086
7109
6698
9754
5186
4678
1984
8157
7859
9208
3420
4688
9084
5820
3505
3025
5362
4565
7550
1826
5095
9167
1018
7314
1201
824
135
943
6339
4099
1948
4450
8893
5314
9866
6702
288
7833
7618
9876
138
6385
6190
9221
9398
7415
415
9007
954
1327
6922
4898
1783
1211
6883
3745
2747
3559
3840
3011
5223
9270
383
1821
4961
2082
8566
5538
1219
4903
6869
797
4389
9416
4854
1869
1144
2881
7443
2931
6174
5103
7350
8297
5120
7898
1734
3328
8223
8784
7650
7570
247
727
4923
1819
906
3897
5651
5703
7018
9570
3250
2296
7215
6900
4901
2409
7943
4810
355
9464
3344
5332
5050
2058
8547
9850
8742
9781
491
7149
8884
5682
4580
7056
9596
4372
8246
8106
4876
4719
2230
286
7874
4422
6384
3170
2083
8051
5454
1058
4733
4549
1036
9364
9636
5079
731
3591
4672
9493
1059
9973
932
7611
7497
9011
3810
8651
9859
5934
5319
3984
7304
848
713
6495
9098
3229
5226
743
6705
9750
7293
3310
977
1215
5609
9855
1483
583
2081
3975
9617
7159
5991
3415
3160
3835
5701
5949
4501
3111
7434
8409
3882
1109
2483
8873
5854
6632
8954
3110
6828
3440
2743
8474
8411
5826
7861
9121
8405
5129
608
6718
3493
2546
6207
5805
4136
3879
9048
3165
5010
9868
7346
4653
1851
4007
4119
2491
2102
3815
6793
65
7513
109
5937
7122
344
3276
3436
2798
1555
2117
7048
1769
7100
8301
2475
1901
7740
9069
6613
8503
6330
855
3732
9300
5699
194
513
8982
6017
6495
6608
3995
570
6628
7591
7101
3284
3323
4282
2542
9483
7513
1507
1027
5808
878
4655
7635
3160
6665
5410
7985
8887
1973
6444
3632
8111
1590
2716
7865
5057
8004
3296
6559
4951
8982
8976
9581
5162
88
4473
4464
5964
9806
3832
600
4483
3264
7868
2054
535
1511
2945
145
2589
257
6076
3266
4443
4320
6138
2564
9096
2542
2316
2608
4203
4295
8977
3399
8378
1328
1513
4926
2117
7166
3976
5343
6973
2084
9329
1180
361
8345
4718
1285
7079
2022
5679
6762
4795
3485
8119
6660
1430
8500
5456
8398
7685
8423
7329
1911
1700
7957
7394
6388
9273
4914
8517
4613
8387
2907
7552
6405
5384
6212
4
7108
1055
4446
6993
2271
2200
1273
2098
5928
8227
3165
8370
4575
742
8940
572
5977
4009
4346
8613
9411
8633
9731
2874
2736
1656
1147
7955
7041
6398
7533
9712
5715
7033
3546
9111
496
9316
823
6832
5059
757
2224
2401
5667
2820
2160
8083
9398
7736
3679
8784
8129
6917
5567
7061
2520
5710
193
3711
2116
1142
2956
5808
7429
4819
3929
1693
5187
9667
6434
7567
7135
1921
6612
1600
5923
9788
2716
8902
9919
3254
8962
9990
781
5022
5428
5347
3840
611
145
2017
787
8412
8558
2214
2343
3991
1757
83
4486
2868
2902
3791
887
3991
5524
5933
1556
4780
157
1337
5128
6233
7226
4146
8263
3910
2191
9587
8864
1841
3887
1609
7119
3738
7504
9619
1293
5100
4660
4096
28
6405
2212
264
30
8086
8680
5265
8910
8031
6754
3995
8093
7469
7409
4789
2011
4628
2191
3446
9722
4355
5738
6396
3375
1852
5812
5440
7397
2384
3620
8679
6846
9262
1844
8648
5082
7305
694
1694
1806
5917
2629
6504
2135
2562
4571
6882
3413
1234
3293
7384
1940
2894
1743
688
9587
3749
4530
7916
7688
4167
8743
1862
6614
1310
2411
1974
5129
3682
2324
7160
6207
8535
4866
647
3440
4984
5206
2063
3919
2410
8060
8909
9179
1762
2751
8810
2188
9262
59
51
9172
62
2939
1564
1254
584
5509
2951
8957
6834
1985
3177
3106
1620
5890
1335
1834
8579
4326
5122
5108
5602
9309
2536
4292
9841
4911
6550
7633
3997
5582
2500
6173
299
6407
6759
1839
5969
3786
6806
6899
4688
200
5582
9505
3981
964
8287
4478
2726
7790
1523
5010
5602
7867
5110
3429
6971
7182
3047
325
1916
7049
8337
2790
6221
7266
885
5200
4641
7639
1055
485
1658
2068
1017
4431
9244
2506
4148
6701
2436
4154
2135
9449
656
6096
1007
4625
351
7868
9169
6083
2930
488
2286
4578
3287
955
153
8495
1368
8186
6691
8091
1080
5561
7807
2441
9471
8947
3575
5676
4390
8801
6984
7846
7403
741
3043
6852
5652
814
8469
5973
2182
2496
8541
6825
9543
3458
3923
8608
9019
2501
7699
9739
5749
7935
61
1620
8374
3413
8029
6579
4564
391
1426
790
1525
8078
4834
521
7696
6885
9965
3687
2443
484
1197
6428
3757
2556
3291
3612
1677
5040
4792
7951
6776
3967
4859
8735
8268
4766
7208
6402
660
5100
2405
6851
8679
9300
2144
1714
6249
8075
8855
1172
1518
2121
7865
2528
9209
6435
7818
849
1181
8527
3997
2525
234
6593
8035
7383
5704
7295
3930
2961
7953
6069
9647
5379
9113
4443
6807
9775
8312
903
8584
3820
8348
8385
5260
725
9073
1395
1675
4739
820
9446
717
6094
5596
8472
573
9413
2447
3705
2173
2272
4311
1122
9926
5939
4513
8644
9203
421
1397
1154
9095
7383
4938
4259
4310
2192
8545
4689
4692
1827
5601
9677
5514
6295
8809
7708
4545
8910
4531
4151
9391
5114
6526
5190
1060
6605
7704
2636
6321
8770
2040
47
9668
9706
3675
2971
4479
8321
6848
4428
7821
1713
3685
3224
5270
8984
9859
4590
1564
2572
4426
1897
4047
3912
6472
6607
9829
4203
9268
8967
5739
7247
1040
1364
9901
6728
6262
7851
9457
9889
1624
4048
7965
7523
7570
9552
9323
1461
1187
6016
8006
9655
6261
7726
3910
1602
3404
5269
275
430
8520
1
874
5719
4872
9647
9149
8571
3657
8372
4807
854
8943
6122
7116
333
7314
9957
6432
7040
7546
8107
2521
3650
8464
9153
5352
6683
7469
7484
7081
7668
688
7335
6694
9990
5931
9014
3567
702
3971
1091
7057
7959
888
5129
3038
1600
4087
4338
6343
7006
8189
2845
5565
3207
9407
1070
1878
9503
9619
9171
1142
2605
1417
7434
5978
8417
5339
4912
7191
8977
5027
3899
2479
6231
9970
9133
7794
491
8574
8557
6372
574
2215
9566
5099
1469
3981
6590
3691
4691
8979
5772
1855
5454
1278
1177
6958
124
8306
7449
1820
8226
7759
9997
5642
4765
1478
4399
480
1265
5390
30
762
6084
6788
9464
2819
6714
9597
4472
4388
665
1264
7558
3935
9862
8173
10
889
302
2919
7475
4726
1070
2269
9666
7471
5081
5259
4666
5409
7843
4514
7114
1869
5562
667
9605
4639
821
248
9499
208
2760
930
5361
4537
4349
8501
9296
340
2383
6108
1240
2090
2197
2255
8787
2770
369
9953
739
9800
1323
6404
2076
2199
4640
3038
5647
7821
992
1721
4941
3585
4468
9944
8458
8359
277
3424
7015
6485
4562
7252
2889
2219
7799
3244
8267
9471
3465
1349
7987
3833
616
2736
6097
7419
6348
2495
9816
2368
7364
8679
5477
7642
6086
8514
5392
3442
7630
1646
4259
1819
1491
2846
5801
3133
3037
9128
8933
5735
6182
3073
7271
5674
8039
2118
3974
6909
199
5225
2783
4401
8572
9311
4841
3679
1404
2641
5322
8338
1995
9790
6149
6811
7478
6041
1109
3836
8584
1994
9224
8799
3797
2907
5565
8975
676
831
4421
194
2584
4450
697
9785
6851
2909
7055
2274
7318
5407
1405
4845
7132
9268
7369
6405
7409
8981
7597
3395
6118
7853
7197
6930
6675
8323
5958
3583
2689
9114
1265
1185
1387
8823
1298
8000
4707
2904
7580
4109
8644
4484
1285
8175
9033
6714
6246
6194
9295
2495
7360
7838
4194
2491
7659
1103
3017
6361
3545
9542
321
5894
205
1545
3670
1978
2799
1094
2919
22
4121
1056
1124
4030
9563
6996
8953
5654
4598
7304
69
313
4108
2704
5033
3048
3130
9586
2927
6475
6418
6137
7691
5103
4361
1633
2949
7266
7172
8742
5761
6883
8708
8856
3702
2258
9417
9447
7910
4049
9418
3760
7689
3724
1444
9692
7672
7901
2782
9533
9992
1734
6115
4911
3747
8718
2618
2811
1460
9371
1290
5162
9335
311
2066
5843
3863
3059
2669
9450
8762
4858
111
8665
4602
3852
6135
3957
4101
5666
6316
3631
5749
7764
3837
1247
1082
4596
5300
7229
2648
521
3866
759
2851
3409
4621
8473
649
3449
2673
348
4023
2819
5046
3613
4704
1515
5136
6401
72
8263
307
813
842
7109
9360
2267
4426
8943
4669
8009
7197
4484
9554
3003
6822
2782
8533
7790
8435
5557
8795
1792
883
6404
2851
1113
5146
6579
6935
1069
1843
727
8081
7568
333
2181
8771
3548
8629
312
3843
7831
9664
8073
131
6367
302
9890
8065
6543
4401
775
197
8520
3634
9476
3191
4970
4019
9284
7214
8502
7354
952
3195
9036
9752
8993
6639
9883
6467
5898
5761
6361
1242
6165
5941
315
3348
6373
5945
7088
3377
4575
6310
6016
4787
80
833
5762
50
3283
9470
5940
1039
1582
2559
7943
7687
2962
6623
4908
1918
1986
5245
5429
7479
8575
2056
2281
4551
6707
6928
6073
68
3059
9937
7107
3390
5632
7529
602
9678
7136
3061
6630
1710
9943
6393
1296
7615
666
1451
3731
4867
7969
3329
2633
9541
3578
5556
8776
6434
9871
6448
3366
3693
3956
4044
3751
5348
2225
512
5812
1688
9303
5493
8007
2719
9560
3147
982
8404
7574
6247
1264
1767
5233
2302
3674
5917
5019
4185
690
5322
7148
2216
5550
9734
4832
4226
2327
9145
8403
7732
5077
1622
615
6372
5696
6067
647
1646
6906
2743
6779
8332
8108
7415
9770
9602
3005
8611
1120
2225
7925
2375
8226
5004
5281
6413
5331
853
3392
2890
1100
1024
7268
663
4933
4194
2600
9911
3245
5005
9642
764
4836
7691
8582
1197
1474
6427
1442
6841
3841
5402
6241
32
9212
5904
6775
9838
7431
7390
6821
7548
732
3613
3854
8078
5584
2051
4841
4532
654
5963
6780
7389
2946
2058
9117
819
9678
3853
3238
8818
1413
7088
2006
4350
6670
8042
9502
9991
9888
2356
1426
7166
5923
7695
7491
761
1196
8617
1950
8953
477
8102
6574
7166
4496
6817
467
4493
1799
9938
2708
9974
7292
3855
1445
3401
9926
6775
5171
8944
9737
1630
6445
3693
7384
784
4529
695
4370
3384
8016
1538
8353
9420
2661
780
6734
2856
4916
9972
5934
9417
4367
8728
351
6580
6123
3848
7880
840
1093
2841
1267
2215
9283
3439
2653
1065
6669
5944
6679
5887
3625
7266
6582
6803
2300
7093
995
7222
8177
2855
4164
9432
6591
976
3594
8466
611
3986
4661
5092
7057
3707
9646
4933
9424
2759
8418
7015
7253
9120
5453
8092
1704
4077
346
4145
5083
3762
8413
7017
1333
7176
962
1245
5137
7148
8565
2643
6041
4253
3037
3026
3168
6396
4143
9607
9830
6998
91
6164
6112
915
6075
6637
9439
3008
5910
7780
7968
9951
3657
1995
4375
8812
5058
6681
9878
2206
1119
5836
4277
3599
2098
5839
6555
3292
1117
5071
7787
5700
7355
2152
9520
4485
2980
5176
4649
9706
6823
5244
8095
2760
4751
6312
7468
1253
2426
3635
6804
2623
6023
5542
6282
1733
8599
2557
6101
4871
8279
2499
3255
4230
5209
2464
4987
4181
3215
2594
7879
88
6777
4841
2830
3933
2299
1670
5373
5101
7368
4391
5658
5999
4936
5557
1863
1060
3858
1742
8170
6747
6166
6723
3580
3458
3178
1418
6839
1097
6728
8931
2572
9471
3591
2398
5472
1711
6328
4726
6949
5205
4793
8417
8643
1714
3816
1553
1564
1360
4949
7529
4772
4316
4900
4009
8413
3719
9400
9542
8648
6430
4587
8174
2626
1388
5479
2702
9804
9715
1404
4260
469
2963
2417
4500
7429
9132
3412
5467
8805
4070
3534
6237
3000
6078
4755
5926
6108
1886
4573
9413
9543
4191
4542
4587
4637
861
9103
862
4171
874
3168
9694
3202
3122
7312
3689
8571
6389
6355
4864
8548
1320
5042
599
9270
2087
7688
2959
552
2306
6426
1119
4903
3390
7498
4307
8278
5335
157
4312
4459
7773
7682
3213
818
8363
5733
324
9217
8620
8780
7222
8806
3286
4192
6356
9657
8064
1707
5462
2763
5188
2816
3980
9852
8731
7512
6779
3975
3865
6189
8591
5436
4113
5792
9179
4994
9715
3131
5309
9729
2392
3828
3661
4222
2015
8565
4472
5535
6707
2128
9067
6912
8850
6132
3857
7490
8410
7833
3473
3618
3164
6032
1579
1543
1499
7045
853
3787
7545
1730
481
150
9834
6139
6638
1480
7090
2330
2944
3424
4943
782
9552
4608
5081
7860
8678
2542
9526
6834
7593
2708
2743
8553
2871
1232
7361
475
6992
5192
8358
862
3503
7572
2501
5530
2829
4802
7208
5809
1971
5018
5403
1186
7264
6065
4243
7863
3469
1853
4316
7845
3316
3568
9317
8445
9463
7553
1939
6570
1275
9952
2073
4618
2171
6160
9558
4284
1691
6804
5752
2963
5912
977
6690
9405
3110
3761
8843
3316
5335
5863
9647
159
8283
2784
4914
958
4666
9808
3984
9804
6788
8744
6928
6883
5942
9777
8718
8821
9144
2365
1122
8601
7151
7402
1285
4223
2718
7097
8413
2911
6785
1421
606
2010
6950
2797
1244
9869
1004
3270
7539
1424
801
9724
6931
9864
1476
9133
8722
7012
721
100
5597
9027
6428
4509
2702
3545
6946
5493
9274
1093
3509
4843
8730
9994
4600
5120
789
3132
1579
8688
3442
7099
8275
7383
4637
6277
8369
6440
236
5129
724
9812
5020
382
7319
6399
9458
5978
7536
8127
2862
9836
3635
5295
2682
6396
7939
1127
8703
6270
7474
8387
2815
987
7765
3298
7352
5954
2248
7081
8067
6962
8618
5073
157
2163
4835
4100
6681
7346
9710
5377
9698
5161
5744
8713
4107
489
7455
3503
8995
3941
3225
8889
1801
164
8469
4448
6979
5162
2260
8226
5020
5246
9995
6371
4626
3537
7927
2253
7637
8441
2610
3648
1142
7598
8886
8861
3746
5302
2792
7775
8944
6428
1806
3654
9752
9112
3887
7730
5283
2732
5449
107
7698
3698
5392
5776
5802
162
3845
1787
8423
8654
9116
9690
941
5095
6542
5470
1293
291
8514
1470
2077
1641
4405
6202
2102
9610
2334
5788
6954
35
8135
4416
2636
6687
9148
5768
1510
7587
6516
4512
2143
1620
4988
5694
4568
9643
9592
4596
5179
9359
8022
7459
2026
6972
2413
5706
5616
1058
2651
700
4833
9350
6465
4991
8932
938
1626
854
5264
9799
5474
5832
4244
6475
658
8260
4714
4505
4902
3849
9001
8556
2686
7887
8773
149
121
1121
1102
423
2502
5912
442
2207
5549
2296
4088
4225
2991
3394
8876
5598
1257
7956
5218
6137
9392
1103
3315
3384
3726
7405
8433
4424
8705
7678
1994
7076
3404
8962
150
9832
4738
7712
5546
3537
8472
1669
776
1779
88
2944
7492
6321
1239
8799
9480
7257
100
6583
2422
8669
2194
9800
9210
3603
8662
3084
5350
4887
4171
6646
8389
9444
3220
9796
8471
7885
1534
7030
8640
5428
7943
2615
6458
1198
7257
8090
669
587
5439
9652
3351
7966
8759
656
8908
3987
3579
9926
4290
245
7883
8619
6315
941
5575
3302
7758
6242
2037
2135
3594
3950
349
7355
4729
5775
875
9238
3841
8394
1111
6905
2890
5404
8367
3016
5872
2019
6033
7556
6380
6064
8645
5289
6256
3603
6104
1100
8870
2238
3865
6275
654
8369
8197
2674
3583
8365
1618
5689
8693
7510
535
2528
9896
9086
7928
6598
4080
5710
3287
1306
1035
7104
3106
8365
3571
27
3870
6452
3038
2844
9489
5017
1240
5950
2467
874
7850
8596
5947
1861
6245
5960
3743
6589
8363
6978
1106
6103
1354
160
5432
3248
8851
5531
3338
2185
9418
2024
1554
8602
182
184
2123
9836
2447
7732
5662
8979
3900
6202
6736
1213
5807
2603
5044
5118
4030
2315
7525
1071
8440
8115
9818
3720
5615
4049
620
4903
6150
7698
5478
4375
2282
5117
7022
5411
2933
3263
6513
472
3564
1687
3907
7480
6961
9468
2099
1425
1415
8517
1115
7377
2283
6091
7382
1735
8478
7426
8124
6427
7618
1796
4968
4744
3992
964
4614
674
4982
7274
1608
9744
4971
9803
2016
1920
3357
7195
2728
4838
2324
1910
5821
4585
5711
5851
5411
9298
4984
6752
7469
9452
3069
3345
1135
227
2472
1004
4856
333
1403
2172
953
3475
5276
5261
1138
4076
8858
2737
2042
8484
6412
1213
5680
3110
9350
5655
3377
197
2378
9969
3104
5525
1068
3471
994
806
2612
696
1195
2031
9509
371
4924
1701
4772
2006
5697
3961
5084
8113
3686
4221
1170
8186
9217
5530
8488
9129
6579
8202
7334
7878
5873
4261
9924
7178
2846
9776
870
6093
3827
7072
9805
4511
1526
7847
3672
4000
6195
6822
3792
3460
745
363
1513
1829
5096
9330
8096
1196
746
1846
8397
8031
2333
3170
9107
5833
2759
9857
2454
939
4630
6371
8090
8417
6693
2624
4820
5521
1732
6139
6233
8773
6010
1306
8167
2177
4488
1525
1346
2583
8436
4408
736
5951
3344
789
4960
7124
2751
5213
7753
5256
5810
8165
3467
6606
2659
1216
5917
9099
5507
466
2122
8966
8663
673
8536
6898
31
821
3461
4749
9152
5669
2109
9847
8480
6891
3893
8812
3641
2655
2564
4360
3928
1800
7630
803
8013
2911
1774
6636
3284
7731
5174
3780
9271
5536
3581
1189
216
5702
1854
782
239
9692
5723
8238
3418
4050
439
3035
2629
5081
9900
3378
3760
4046
3770
7520
3399
5299
5176
156
5633
4172
1037
1362
3389
37
6467
798
6998
5436
2792
9043
9119
9903
7245
6645
1143
3794
7693
3141
7369
455
3253
2878
9009
9345
7430
8819
799
2875
3444
9721
4299
1471
3811
4436
9489
5961
5580
6036
2418
7327
7574
5908
2365
1008
2536
8979
3336
7894
7710
2775
1386
941
6225
7650
6447
6298
3331
5813
4270
1600
385
1403
7092
649
4
2369
7475
5479
470
1524
1212
6978
3040
1877
3820
5651
2479
4812
2464
6030
5751
3108
3872
9332
4027
8540
2063
3069
263
1799
1163
9059
4530
3374
3432
2489
5297
234
7240
2361
731
20
4084
2897
6429
7836
3008
3757
8067
3222
3583
7772
1190
3465
8793
2775
3244
44
259
5759
1288
2705
217
9762
5810
1060
3628
600
288
4830
6782
4790
9560
3718
2963
6064
4532
1514
55
644
6846
5977
6406
9439
4390
4577
9860
4151
7259
7464
9098
9829
4768
4527
343
1547
2909
6584
1023
9309
3168
50
8142
8010
4450
9261
184
2157
5260
7874
68
5478
9690
3605
3741
4
5404
6976
1040
3785
1749
2538
4627
9132
9800
1283
5626
3721
5384
4429
9311
8062
1674
7820
6714
6606
4731
1589
944
2391
9923
1772
7246
5132
7827
9557
7925
5380
6689
5866
5205
4064
3658
4998
212
3208
5615
1747
8296
9918
8329
1735
3082
4300
8408
829
941
4219
3475
1280
5397
3766
9665
8745
5539
7007
1672
4045
1697
4410
9983
7770
8448
5093
4766
6216
3420
1725
2258
2590
573
4548
424
4885
4732
4903
4841
4126
5278
8866
9155
6707
1885
1576
9455
8019
3106
443
5368
245
2842
3614
7875
8072
7394
4031
2168
6931
2723
7665
5670
679
6660
164
7842
1968
7703
5611
2442
6496
3741
5481
6967
4646
8892
7845
481
2884
9515
7633
6664
994
5256
3574
7541
3128
757
4278
4928
2300
5030
7227
4405
928
2097
2254
8703
6490
6019
8291
7551
3709
3530
8613
9830
4946
3260
5614
4710
9226
9781
9145
1263
3650
2273
29
6503
313
6889
823
2750
1323
8112
9799
7837
4793
9130
751
2553
4842
2885
5350
2359
4695
472
3957
3282
268
5726
4143
1646
9839
8068
1766
6749
8347
9260
1284
9564
4939
4496
2731
3360
9237
3229
7982
8646
7271
8917
4184
9638
3344
5333
3884
5020
218
7917
4180
4964
7937
7291
7458
4549
9604
5858
8986
757
1778
9017
9437
26
3300
4715
4263
2242
8415
5506
6387
8884
1118
2813
6850
4146
6725
3964
8733
4348
4339
9450
7504
437
4650
221
9818
8899
7694
7549
2306
1127
458
3861
6657
2657
8337
6806
3186
1749
1898
2418
3867
8665
9055
9756
8192
1426
5575
7247
5657
3189
9836
5462
4199
6238
7963
673
1282
5570
7430
8470
9166
2552
2829
407
7077
2629
468
8487
8973
5923
2145
3432
7658
7155
8085
3700
2748
3977
407
2481
7444
2775
8372
6244
9943
8274
9036
9590
3814
4717
5372
4900
5158
9768
8390
138
6408
9410
6989
7337
7581
4864
8116
8972
2139
1525
6552
5257
3200
3888
3453
8348
9403
9195
6395
5247
6786
4033
2310
2095
6783
7960
8051
9845
1628
7403
3254
3284
4130
3798
8108
1242
3670
5804
6284
8843
294
5534
8735
3532
7759
1898
4304
8176
9560
257
9131
220
1770
7797
7331
5941
5123
881
6692
41
552
9818
6348
4832
5818
638
9707
1851
815
6761
6642
7961
4443
6435
2032
578
5610
8526
6880
257
6858
7867
5538
5978
4159
2227
7196
602
459
1397
6066
6145
7990
7784
3657
4355
9428
8205
874
5548
7207
4154
6031
6194
6398
1153
4718
3335
2695
5376
9359
7529
6315
6920
1696
8374
4971
1321
2297
9788
4178
3124
87
2906
4601
2366
6024
9694
9153
423
2174
5
3526
4559
326
5224
4273
9471
7383
138
2402
6610
8650
3572
9295
9221
6595
9305
5304
3350
4887
1405
4574
9909
6132
178
3946
4602
6325
5344
9831
8948
5409
5226
7188
4931
6315
1182
2618
439
7793
4353
4802
1908
1657
4613
1286
1356
2990
3981
5484
2171
8051
9932
6648
3993
8863
7099
8093
2777
4861
6106
5759
2451
9470
3528
3027
8286
2852
840
9373
1662
2226
1827
6763
3667
5432
4270
9599
7319
7697
8376
8251
2053
9830
8674
9543
2940
6042
4673
1163
5543
9710
3036
5647
2883
2770
9231
4212
6688
7078
4919
9725
4608
726
4702
2933
24
4661
6795
9137
2373
6652
2418
5430
867
4819
7015
2739
7555
1695
4562
2179
4973
7540
2129
5816
9760
5623
7997
4002
9841
5469
7713
6747
8878
818
3629
7598
6235
2303
3803
620
5791
7095
0
6823
7690
4989
5869
4109
2340
3734
709
9969
7925
487
6827
4313
5146
7345
2241
8014
191
9269
521
3481
5099
522
4907
8765
8319
736
1384
292
9994
9672
6284
9481
4556
1140
5129
7035
7681
7033
1841
1621
3389
5598
9308
6759
8616
1903
3695
1612
1835
1610
3936
5529
7184
1606
1319
2310
7284
702
2787
6198
1382
528
4182
9762
4170
1789
8425
260
5831
6182
9590
5863
6027
8791
775
547
8171
7840
7077
7369
194
8623
405
2848
161
2034
5986
8832
8202
3630
7814
3209
9087
7611
5803
882
450
5618
8709
9564
3530
3937
6588
6091
8372
3287
1627
8857
9317
7533
2290
6338
486
3643
2400
8420
8732
1568
1882
2473
2041
2816
5128
8701
2126
7016
9234
5898
9113
1015
7780
5295
4687
4925
9903
9719
6725
2522
6266
3286
9931
2950
7029
3411
2606
6033
7628
8449
5375
6790
6236
100
7446
6290
7900
711
9339
329
9273
1725
3921
6462
5952
6652
1711
2404
7310
4995
9958
8365
91
3838
2169
2238
151
9096
1501
7327
7201
7260
7723
5470
3815
9717
7698
5659
2759
9765
9105
5300
7375
485
8855
6601
1426
6013
2043
190
6869
2657
3193
6867
3328
7546
2257
4462
2539
159
8215
2667
3482
5611
4017
5483
867
3491
7171
9654
8518
1543
681
8940
5405
3873
2206
6976
9800
9073
6739
9051
8454
8446
8856
566
7825
4357
535
391
3171
7768
1709
1826
3450
6156
5377
2358
5158
4547
3186
4528
2253
8102
2306
9337
8015
2089
3829
8574
1537
1302
9698
6072
2361
1504
8887
8647
3747
7017
8945
3324
1579
8796
3610
9137
7844
2318
5057
6332
6619
9990
3327
1571
3085
7937
7111
9440
5201
4398
1076
9301
5037
4463
2320
8229
2603
1917
3011
6751
1262
5502
407
3311
27
9550
7368
7388
5153
6307
6748
9915
177
9353
5068
8704
8798
3545
5300
911
5166
9413
4926
8016
2525
9724
7478
3673
4179
9855
7857
8362
268
5645
1578
2137
9258
8881
9752
5859
7926
3965
5643
1893
5671
8301
40
8290
6163
5762
1806
4635
3363
2589
3173
6854
9247
7438
4965
5508
4450
1965
8997
6062
986
8539
2315
3106
2682
4346
6472
5300
5311
7479
5161
2797
1575
4733
4717
3074
8207
8604
6522
6635
7681
4346
2312
6152
73
2122
5204
9729
617
277
732
9464
3177
6281
7080
3278
6156
4075
2306
9321
7262
5910
9213
2391
9212
6532
4895
691
3615
9742
1898
1015
2777
8609
3907
5198
1679
5656
7351
1087
242
1554
7646
6664
9715
4442
315
8247
5448
4004
6277
6634
9415
7735
2487
8256
4897
8736
6516
2215
1957
8390
399
602
4219
9032
2784
5141
4803
8621
8692
7442
8712
8067
347
6026
5642
4790
1643
9224
4097
544
8758
1937
2354
88
4130
9494
1237
8688
6339
6238
1101
802
847
3534
6792
4516
6375
4502
700
3536
1580
7653
3939
9551
7858
4892
5605
1408
2677
9755
4478
2880
5284
2087
9362
9659
1783
7541
3695
2710
9638
487
8554
1930
3531
568
2217
4809
5437
4907
8028
5666
2596
5968
7411
9311
8188
4885
5038
9726
4297
9926
5168
3100
2348
9082
8815
7286
9855
3469
1899
8607
6834
2007
875
9731
383
6433
2240
6754
9782
9636
8481
8886
8272
64
6367
930
8454
9667
3396
1204
2357
1501
6854
8465
2782
3520
4214
7363
5242
2372
5009
3717
925
8913
9197
5082
7820
4210
5211
9974
408
6693
9500
3447
5631
6340
6821
6794
1199
8806
8629
4634
7567
4155
8327
8208
5649
1150
9006
6707
7948
9648
1317
5952
6181
7163
5677
1297
5171
8418
5753
8829
9652
911
8832
876
6096
3938
2305
7029
3332
4941
8157
1598
4269
6023
9734
2786
5353
7665
5941
427
6568
6756
9126
4664
6279
8624
9663
5851
4414
8791
7090
6328
5084
6739
478
6958
8639
9420
6441
8938
2069
2619
7088
9615
1651
9820
363
5064
8394
4208
3998
2235
712
8422
1375
7937
9806
235
3216
7797
8187
7451
6579
1564
9803
5508
3532
770
2788
4875
3109
7524
6653
7777
7922
9362
9606
1706
4910
7657
9199
7662
8442
6109
3857
928
4909
5155
6480
6665
5069
9785
4553
1818
7737
7364
2225
1200
4596
5772
4255
5582
3444
1547
9991
1709
9513
5
9529
350
4470
6164
1000
324
9708
5076
4429
8441
2117
4123
8043
6664
8107
3612
6195
4549
7416
5800
9644
4532
8142
376
9033
3708
3357
2826
6129
2734
7834
336
7690
7365
3800
1335
2023
8487
2342
4211
2215
7391
3184
3392
829
432
2776
9936
53
5897
5989
3977
5351
9598
4940
2689
9158
4706
6078
6514
5711
5103
4273
6393
4367
6687
4380
1068
5863
8767
2893
3981
9788
6754
5631
8195
9259
309
4321
2472
7232
1547
298
9887
8382
8207
7740
844
525
9339
9626
5922
6045
4629
5241
4656
4830
2728
9876
6123
874
2541
6082
7678
4906
7761
2157
9128
3516
6716
6135
5234
9996
8142
2691
4668
9795
5824
778
2705
1077
7114
3012
9373
4466
8954
3637
8468
4658
5233
6985
2273
2659
2714
3248
103
1698
5666
6896
3755
7887
2062
3036
2820
3325
2342
5838
4074
4051
1086
7790
241
5156
9263
3317
3678
2286
9963
683
9090
2312
7785
1931
1857
9191
5309
6614
8710
6301
3651
9939
3341
7995
9746
2754
9902
2477
5264
9192
2852
1959
2777
3218
2847
2715
7455
6529
8628
6096
7531
8263
1039
4840
8802
4529
7717
877
3379
1893
6762
6216
7184
5543
4571
9808
4754
6185
120
4450
6761
7265
1351
5237
7857
9636
1015
7233
5207
3567
3407
6377
6614
3184
6039
4449
6760
5801
807
6175
3407
8905
2233
7199
1035
7277
3809
4488
1074
9324
4769
166
2025
7207
2920
5685
3505
1824
7516
355
7798
7950
5865
5884
5902
9353
7720
8678
9689
2048
2697
5930
979
5634
3491
3285
8355
5591
2675
3311
7382
5640
9912
9601
9329
315
653
7549
9704
2009
9668
1126
1259
2601
5165
1002
4501
6724
528
5557
7223
1613
1650
6535
5796
7940
4140
8498
4444
1114
7369
2327
6448
1483
6681
8610
9146
2696
2050
3870
2859
8747
3892
4413
4889
9541
3212
4860
4824
4131
532
6366
6097
903
2524
8529
4894
7142
4260
36
8393
5347
1323
431
6952
2911
5048
5602
2407
2431
4246
7885
3608
248
1573
3905
4213
4407
5836
9046
4116
5139
2491
1273
6563
2827
4140
9491
2604
3314
4872
6087
6077
4155
8704
4479
2892
7890
346
806
4918
7385
4573
8807
5894
7929
4213
9085
4701
5021
779
2708
6787
9126
5172
3358
7200
1889
6824
9469
6337
1395
7605
109
2312
5112
1658
7195
997
9986
7639
7433
2565
3723
4215
914
6561
1610
6449
8465
8779
1165
2337
4970
717
7827
6232
3540
3190
4002
8809
4847
7446
534
4034
2649
9871
4016
6967
7119
4122
7154
8369
876
4695
5425
4811
9931
7738
3779
3298
7020
4596
9814
3129
4156
5428
3912
6396
3580
5103
13
2799
6103
1113
4456
1253
9042
2862
5385
8685
6059
7815
5735
7231
4304
9341
2562
717
3349
8593
5897
6035
2295
2037
3482
2365
9983
3391
5902
1775
7471
3608
2149
7546
9156
1288
3468
5895
5961
9344
6091
3628
1987
8436
7143
6960
9857
8816
1242
1181
264
8743
7263
4644
4912
1139
3441
5263
5792
7048
9594
8334
6492
4606
6774
1871
347
2941
2269
2101
1813
3964
455
8624
3538
3264
9486
7708
7745
8170
8031
7529
3332
6533
9292
3894
5424
8285
8953
3701
4436
5047
9514
6510
9658
2790
7348
9302
7201
8893
4777
733
8195
4127
7885
566
6056
3720
5137
5581
9478
6530
8785
8360
8049
2452
4870
7381
9641
1841
583
9121
2354
1464
6125
4634
2880
6399
3123
2405
9415
6370
2743
5300
4854
5253
659
3493
3703
3090
2802
9329
1287
4433
2943
3206
2019
4896
4713
7219
4072
8508
5270
6444
4985
134
2066
169
1445
8668
1398
5858
8873
9141
9080
4006
962
4654
8921
436
5308
8510
1825
277
3407
1937
283
8179
2765
7505
286
5388
7062
1011
1301
3862
5346
4340
8273
1543
3778
6748
441
9673
5815
7283
7536
3369
5877
2203
8161
9207
8731
6972
1760
5293
3002
5324
6094
1688
6523
3468
821
2193
7230
4802
3185
7790
5085
9823
7121
6132
5534
5718
7357
7808
8791
1410
7281
5491
5174
3599
4872
712
5551
8936
5030
6482
4585
9857
5826
3096
3677
2930
2180
5665
1153
2506
2465
4215
635
4534
9130
75
6710
3200
184
1848
7446
6979
6875
2627
2184
2750
9921
5011
2161
3929
6332
3096
6980
3885
7395
8400
1296
312
705
6997
7437
2245
6305
9195
1642
1960
8901
1353
9369
5850
7971
5803
1759
6952
1660
9841
6453
7845
4948
302
7567
3357
8855
9190
2384
4190
3673
9900
1198
6927
3099
1836
239
2369
7199
4856
4996
8209
7843
1004
9565
6594
8829
9297
8987
2226
7259
8998
4950
5534
6081
2739
9125
5934
7183
6500
6989
6215
7360
8299
5465
1125
2476
3041
8630
2605
8954
2048
549
6727
6706
9678
384
2734
5864
4074
7803
5744
8714
4164
2953
5583
9111
75
8936
803
7823
2582
2326
5399
4912
5432
1993
7812
4200
1554
2205
7268
6750
5791
9648
3433
1942
1307
2240
4147
9822
8486
2244
3986
6594
704
4003
5037
5951
2408
1832
7745
1843
6598
9403
5998
6728
9919
5473
1162
7820
8180
2215
8702
6993
2952
7808
1011
9366
6536
7178
9758
9734
7252
2000
7687
6711
4900
6914
9818
4659
9070
3901
7836
6866
5372
3714
1604
9598
7573
5053
9390
9254
6291
2262
2932
356
1115
2341
4113
3971
1608
5250
5482
590
94
392
6272
8672
8228
8844
3458
8308
5598
8820
7322
6383
3821
6689
4527
6502
6416
2480
5467
1810
5489
8621
9534
1097
9089
3665
9662
7120
6130
9846
2238
814
8335
5081
1618
1556
833
680
1391
408
4249
9732
8653
9077
9427
6443
2201
5782
5290
3716
339
7905
6528
1725
8847
9919
4774
4940
5134
6080
8015
8853
8879
7752
9029
3320
623
1851
7160
7929
3182
9442
5433
7110
851
9619
7903
6030
3510
743
6050
1792
4226
8040
6324
5289
7080
2386
3912
5953
5034
5898
4389
7358
1561
810
5356
3561
268
2189
9850
435
8572
9534
1414
801
4196
6506
1723
1504
4456
1620
3349
6587
4780
3102
9134
4137
749
7110
581
4901
3450
3224
6328
1439
7606
9189
2928
1980
3125
746
4860
6688
9386
6766
456
3195
6915
8428
3877
1406
9283
152
3245
5000
7705
9891
2027
6608
1955
31
6855
4808
9644
9730
3082
1298
9922
3918
6145
4265
7957
9362
1246
9412
3208
2623
6432
4840
3516
271
2481
3512
5510
2441
596
8853
9819
9068
1873
8408
634
8339
2753
5093
7814
9684
8339
6440
9419
1366
2847
5838
2916
1538
77
7418
3958
1816
5596
2585
2578
7688
5465
6107
8297
6405
1663
5769
628
3923
5901
8766
8961
1025
4034
5391
3748
763
3872
9354
4432
6594
8437
9677
1468
1765
407
9195
3472
7488
3511
2551
5212
5858
2033
8224
6492
5006
6599
9423
249
2631
3155
429
1906
6193
4063
5234
5945
6257
9680
9999
7823
9550
226
8518
8090
7863
6038
6507
1427
8765
1701
5673
9030
4492
173
6414
687
9643
8251
5216
9106
2399
6420
5672
62
6603
3524
1741
9824
5246
123
1531
1292
4439
4667
9306
4914
2686
250
1151
3947
5668
4146
1783
299
7586
8177
8384
9154
2503
2362
3227
7157
7480
5928
5347
945
3820
4343
9745
6255
2198
7024
4613
8706
6920
3312
8165
3694
7003
5714
4019
3556
5400
7469
1426
1218
494
3633
5067
9146
1365
6666
4320
9147
1876
2163
4367
4767
7446
8336
3977
8412
9355
6848
7022
6612
4056
7933
8333
877
8692
8335
3108
5185
2241
7628
8753
6223
9546
5853
370
8517
3102
4617
3612
1825
8106
686
8668
9143
7816
9965
9128
7044
9471
2396
2913
3044
1550
64
1651
2411
9212
6129
359
9707
6364
5008
8518
7576
528
6117
5957
8768
5834
1249
3483
8805
1811
5889
83
5274
4873
6643
3770
9937
9333
5377
986
2900
7794
5197
8827
2287
2806
3064
9547
4766
6689
6894
9233
3290
2626
585
92
67
6519
9955
7458
7834
9498
9088
9077
189
6333
9716
2324
3687
1765
1999
924
2931
2697
5391
2028
3152
5890
284
7339
2151
4289
3750
5427
6259
6631
4825
8054
8218
9873
3820
4804
5190
2990
5180
6618
3455
7131
8326
6597
7513
5317
5670
4043
6138
7642
2075
4032
2161
4439
4780
4642
6191
4321
4996
2573
3942
6040
7237
8229
2826
2079
5998
5275
3897
4326
6287
6516
4042
1471
5971
8776
5255
5301
2799
8747
6990
365
1916
3614
5750
7663
4010
2270
1301
3508
2163
8989
8231
4254
5250
8490
5563
3415
1366
6334
389
1566
3054
3328
8732
2604
3586
3649
1414
2686
5777
2978
2052
7811
385
4519
2395
5635
5554
6123
7465
9927
1621
8428
8874
4278
9401
4855
3874
5210
7458
3997
6945
8154
8858
2829
2979
3764
6802
8106
3814
8624
8429
2295
4424
6905
5322
7110
4063
2553
1925
751
7166
5044
9235
6259
4829
5231
1914
585
4580
4591
4988
189
4846
8244
671
6692
1211
1338
7164
3382
8369
7678
8337
8332
1169
4217
6878
5846
9033
508
2054
6438
6395
8445
4760
6022
7766
8167
1670
6404
4909
3506
4130
4704
8873
7110
1801
161
2418
6708
6916
267
2752
6402
6918
9594
3748
8698
8800
648
4851
8555
8984
2952
2789
9694
7006
9787
2631
8969
102
8447
1353
639
4408
8443
6242
4040
1357
7330
7637
3361
9786
9529
8084
4022
5931
4870
8500
603
6943
8482
9592
9624
4102
3275
6471
5374
5142
6328
1830
823
827
6271
6750
1903
746
5840
9767
6066
2636
697
108
5104
2853
1822
7079
2519
2612
9782
3313
115
9110
4776
6362
1622
1264
102
9695
7941
5333
7604
8850
4430
6362
4534
9005
2512
7346
7604
1315
3468
9324
4556
9516
5009
5417
9316
8516
9827
508
525
4712
6419
5278
7773
3166
1163
6135
3527
8738
6793
4654
3784
2983
3634
498
2931
1500
2046
4323
2961
491
8929
7646
7375
2920
8502
1771
4897
7578
9608
2774
7402
2166
8480
9050
1620
4342
4584
5956
9467
6298
1977
6884
7896
1528
2008
5440
1396
4084
3923
5236
5095
2356
8173
9013
3143
6845
2853
9186
8273
190
5440
6547
3051
8551
3776
1224
7100
8689
7488
931
6462
6449
5466
9776
451
9749
8271
2401
721
8646
5257
7344
6811
8566
6809
6931
774
130
8731
2379
3390
4380
9768
1269
9262
7342
3128
8625
5968
5432
3212
1520
1334
1199
182
1972
7108
9468
4726
1055
1874
5722
8543
77
4504
3278
1756
8999
1751
2393
2491
4676
520
6256
5044
2349
7922
210
2332
6742
7295
2842
8596
8135
2284
8541
1665
7279
5380
1460
3110
3916
7559
683
6777
7370
116
8426
6143
3553
1884
5700
8207
5080
3693
6895
7973
8344
5916
9340
251
4205
6096
554
7212
7913
2197
2041
8965
9638
659
9174
2418
5763
8142
2937
9688
7564
348
3676
8808
8843
6684
4434
9517
7933
2103
8443
6586
3046
2433
1816
597
7407
3927
9105
7402
8336
2561
6821
1067
9453
9057
178
2517
8316
7609
4227
782
7973
8660
4224
8706
8174
9926
4341
4701
7569
2203
1416
5950
257
2747
7585
5618
745
7058
4797
9485
8129
4804
5685
1867
2704
1579
2388
7970
1418
6555
3340
9169
6842
4508
2494
514
2243
1195
9572
5522
5302
3785
5506
2579
6873
4289
7665
5548
3219
6936
8206
6620
8152
468
3556
7153
2915
1719
8641
1542
6011
1897
3509
1082
7697
6232
8382
32
5057
8944
9378
932
7105
2050
8068
7178
8160
7656
586
1705
7056
4861
1366
3006
7592
999
8801
2778
6615
2880
2090
894
7775
3374
1840
4713
849
5776
1617
9310
689
2096
2462
7256
1744
9687
7471
9253
7707
690
7941
2934
5207
6906
9932
2675
2515
1218
2363
8609
9427
8783
5735
6027
365
3598
14
6811
7560
8516
4830
895
7904
9182
8393
9786
9359
6100
1216
340
9964
1968
9503
4354
4988
541
3091
9861
7631
61
504
8322
1725
7232
2314
8617
9936
9100
7525
6384
5224
4178
4636
10
2496
7260
9453
7340
8107
1028
794
1174
5858
658
300
7610
73
5805
8499
882
7326
2997
653
928
3978
3356
2187
2351
6452
3966
8195
1510
1102
3967
5687
4290
3653
8769
7001
1018
1536
2554
9691
8460
6075
671
7012
4749
8271
5474
5560
7770
5503
6706
8146
9443
3622
2379
5519
2247
6592
2902
444
353
3603
4313
8676
1845
9256
1859
6130
8959
4530
2348
8072
5970
7222
5189
2012
583
6698
3540
1878
5204
6653
1199
8784
6733
4603
9853
2720
7051
1396
5926
3467
3675
4513
6123
2677
7657
8604
3815
308
6409
4373
5082
5920
679
6306
4628
5604
6603
2016
8324
5399
8037
2673
2801
9542
8213
1204
2234
5719
8042
7436
1647
3140
2399
1521
6852
9548
4607
9420
6334
2548
2287
9710
6500
3292
1119
2260
3349
9488
7961
2200
6155
6850
1663
2233
6513
7915
6218
3660
7654
7585
9193
3939
7768
9114
2501
9463
4752
3998
101
790
1841
112
2471
8246
320
869
3012
749
962
798
1585
1427
6864
1930
1078
1303
8966
3009
2301
8123
3438
7040
7016
6840
5241
6531
3412
5943
8086
5111
2294
7189
1935
544
6644
7580
3257
1280
8187
9277
201
2088
5763
6764
7002
3278
4964
8214
9996
8144
9432
2311
8140
7127
5107
4643
828
4762
4264
7539
8354
263
6872
8470
7821
1078
7806
51
8698
9189
9514
6626
8624
2343
6609
7356
4945
7887
9196
7085
2825
8177
6334
9872
9044
2914
6411
1609
4266
6117
399
5774
750
2728
6387
2074
4350
3077
936
3594
3434
3893
5260
0
5644
8866
6116
4625
7292
6017
2129
4969
4878
8157
2823
8922
6285
4971
2833
5163
3999
3559
669
4739
1142
5570
9907
1929
7213
7441
120
4086
5295
8906
161
5163
6345
2504
3370
8286
3027
2161
4203
2900
7394
4180
2210
7170
1424
3939
7259
747
9718
862
5166
1546
7700
1064
2076
5238
3822
3522
9421
6524
1198
8590
9082
1975
7250
4152
6146
4300
3828
1306
7169
2600
9266
1707
2006
8147
8501
6670
2950
6429
1141
5907
1957
8456
7272
7700
2387
5891
340
4239
8341
9661
1370
8189
1518
6309
2766
7078
8936
8845
8809
7837
7529
61
4194
3941
9690
6036
7967
813
2211
7218
1667
5472
1654
4308
9374
2360
5995
9793
5647
6968
7198
43
6170
8505
7401
6791
8259
8522
2202
1757
7563
9518
1025
1042
1899
8570
7563
8647
5970
9307
3411
2640
6476
5187
3077
5507
6980
4500
9908
257
5485
9547
4815
7837
5479
7741
9978
9377
5650
261
2975
6029
4888
9326
2064
290
9341
5180
994
6358
573
2832
6959
8725
6886
5152
1924
2800
6087
453
3030
8862
5143
3348
9960
4387
3163
1618
671
1715
8233
9945
4270
8461
8595
364
1976
6660
321
8787
6059
8199
3452
7059
4423
2503
4065
3653
551
9608
1736
4401
8407
5978
888
5842
2897
5084
3852
3922
6228
5913
2139
1550
6763
8961
2065
7795
1624
8888
1769
6835
5966
1223
4086
6585
1410
7761
3065
2413
2937
669
7477
7726
3016
3640
9258
919
5767
6867
6185
7674
8711
5420
8492
5139
571
3854
2831
8113
270
3027
5710
7316
934
1530
6189
1075
6011
8355
719
1000
4426
4749
3787
2919
3599
5937
6624
6338
9414
4834
4203
2205
5109
3061
1379
7302
1126
3543
9748
8570
9607
3569
9049
6557
5572
8686
8394
3489
372
6613
2612
7355
3823
8651
8051
8843
8289
6322
9572
3410
8730
7364
6381
1504
4768
6489
4971
650
9732
4887
4793
1773
6309
8991
8283
9187
8607
9645
9190
2139
2139
6686
207
9593
6391
8122
3932
3019
8739
98
2843
7768
7387
3450
1754
1919
4538
1085
1719
3071
271
9048
3657
7539
182
6765
5449
9953
9512
6708
4909
1703
9609
4518
9460
4638
5093
5834
9583
1028
1352
8360
5977
1319
8146
6161
4816
5236
9373
7280
5188
540
4548
3784
6428
2879
7279
5008
3290
8164
3397
1672
6394
7406
3400
148
794
9780
3314
8224
2768
4640
1463
4920
7748
7269
7180
7117
5251
7067
8850
5281
1395
5778
4722
8215
2101
3849
4614
6567
9891
283
1683
9249
3323
4928
5892
8651
2210
6865
2670
2845
6619
8913
3355
9883
1450
3935
5236
2835
3124
9572
3514
1057
9633
8666
514
4295
3200
3583
8684
7465
7060
628
2197
9297
8890
732
7087
275
3415
7444
5280
6705
6300
8706
3890
2171
7197
2708
4540
8242
4958
6542
5206
4670
9353
2918
810
2395
2172
3556
7202
9186
2955
1684
9700
3315
6054
2378
5474
6675
4200
3121
8310
559
6066
6490
1271
361
349
9575
9745
9541
8366
7192
1877
2830
3918
2913
3015
8384
5952
8362
7631
1802
577
1975
3401
9041
5306
8216
5591
8752
6290
6593
8153
7867
6155
3948
7160
4765
4936
6253
7325
8258
7008
627
4048
8407
6680
2936
1263
7009
2250
2762
8678
6756
154
4255
1089
2523
6471
2419
4721
2612
2975
5145
122
7116
7788
224
2979
942
5057
9413
9865
7335
9091
4572
3328
2818
9994
4470
1138
2208
1280
2614
6773
1295
9017
5655
4846
7192
6142
7868
2159
277
4936
2161
2306
7089
2948
2316
1018
6886
5196
5010
7449
2108
7649
2014
5358
9817
2878
1427
805
8387
1113
5566
2796
135
1890
1320
8807
9204
3989
3256
2876
5185
7615
4649
3709
3812
2697
2447
5503
1144
4920
7736
9516
443
41
7085
6781
8299
1353
4094
962
1004
9572
68
9719
4685
4574
3202
5440
4141
2762
2421
100
5322
3062
7210
6456
2191
6468
2226
1037
3444
2146
5707
8798
3521
2139
2914
9482
2290
736
6007
7773
7271
4067
7367
2186
9490
5478
7798
9310
4055
1989
443
9631
2643
846
1579
6024
3461
2411
5408
8761
289
2426
3340
4102
3880
9575
7775
3995
9995
5955
6517
6456
1658
5737
6337
3669
3657
5177
2486
989
9392
782
3000
3445
3730
3595
4456
7183
2238
5595
4751
2352
1823
1131
4126
49
1183
4679
7814
2028
7517
7990
181
9619
543
1159
2243
9154
9618
3957
3409
312
6454
2729
5681
8636
6161
2978
6862
2084
33
3705
904
2688
3297
5581
1118
7949
5144
1027
397
7778
9419
5454
161
9582
1770
2410
4864
2570
6073
7871
3523
5525
1861
3385
8773
2579
9672
8748
5508
3010
7157
874
8032
5614
3674
853
5793
6626
8853
876
9531
3018
9887
1557
9067
9236
7360
7450
1870
2235
4014
1517
8624
9314
6011
8218
7799
163
904
7715
6116
8239
3724
7761
3891
7223
560
9567
2072
6712
5654
6406
2636
1069
8957
589
3091
5868
5552
9552
6613
5661
6414
6207
6196
1464
4628
9847
9368
8858
9628
3146
1669
4187
1266
8697
2610
4475
7511
7059
9828
4821
7772
1203
2841
4903
5429
4735
4125
4475
1505
6134
9172
1315
4936
1575
5224
8032
5602
298
3331
8097
6070
4976
5343
8267
9903
3215
3400
3431
9316
7792
3781
6951
8523
8878
6847
4901
646
162
1458
651
3421
9374
8344
365
476
7768
1795
2966
2228
7145
577
3011
3851
3470
1879
6195
5591
7114
1261
21
1705
4042
8824
9717
2169
1715
1193
6412
4870
5728
3436
4286
8720
7920
2043
1736
8736
1672
3159
19
7729
233
5579
5544
1293
189
2999
1466
3692
6478
792
9912
1514
1193
46
7493
536
1927
8557
3983
9340
9838
6165
4199
6815
2402
2599
4005
9276
8133
2515
1654
6865
3060
8103
9038
8088
1699
1252
9179
6089
1982
6768
103
8097
1093
1710
9500
4095
5020
9737
9211
2493
3519
4828
8337
5583
1228
5294
5811
5287
8824
3234
7016
8829
5914
9902
2273
6778
826
4591
1790
2538
3970
6033
7243
5643
281
6964
5057
9392
8946
7081
4689
7022
5017
6809
3020
5714
3685
1265
5384
1326
3097
3504
5706
2977
8700
5445
793
3912
9321
3704
969
4105
1458
139
9481
7997
7049
399
1350
8057
1049
9965
9910
5756
884
6572
9461
5077
7024
9600
133
1879
4414
9048
7143
3335
6207
4409
3869
7236
6570
5137
8396
9916
9257
1561
1135
6299
252
5576
6411
6195
6104
4238
2217
3827
6797
1781
5986
5369
7235
5505
81
6935
5720
3240
4089
3874
4336
572
9855
2452
180
9883
9688
4036
8046
4222
168
9858
8012
9795
2576
6209
7659
2027
4631
896
133
7008
1663
5682
1613
623
5270
4115
6609
4715
6256
6202
8220
3112
9694
3663
4843
1920
8788
8289
4531
2761
7439
3883
6375
9118
8916
5453
2556
1749
1315
1512
1636
9382
1074
882
3346
8730
7747
1314
5998
3146
6261
4517
7821
604
7579
4892
4625
1923
3445
414
4377
2713
7203
1400
3078
2000
7094
3837
7535
3969
8334
6269
2563
2905
6386
9969
49
5007
8130
4020
5259
4736
4469
3212
468
3631
281
1617
8196
7734
6093
4456
2471
2936
7599
6990
1712
8833
5840
9719
8904
9858
6795
5046
7195
2714
4828
8005
3162
5329
5505
3333
4371
3727
3965
837
9140
2908
4412
9258
1318
7000
7203
4530
1938
1275
3415
8619
8818
7876
3366
3615
5958
9356
1374
8861
8204
5529
3886
3827
5495
6782
7819
6331
2425
8702
5350
5641
3084
30
3284
1495
1363
3618
7634
6657
5257
1876
1893
2839
3490
6311
3134
8637
1194
6674
4968
5043
6979
9209
651
9895
7753
9923
5213
7588
924
1121
8309
8563
7581
7219
8317
7853
149
6558
4620
2734
562
1786
3548
7078
3203
4534
6100
1421
5250
4356
1634
2050
5618
6295
7201
8351
5316
4447
1116
447
5085
2964
279
6979
5981
6733
8054
8764
9078
7952
9037
5823
7471
2830
6989
5866
8873
9324
4677
2335
9835
4157
1634
152
750
1041
5848
245
2662
881
2060
9351
4764
1699
3461
9831
8258
2197
3973
9054
7226
8840
9300
6779
9017
7203
9885
2407
4596
5454
504
4341
218
3894
9798
2049
3452
479
3625
4936
8329
6600
6002
5658
6417
1865
7474
339
4720
8146
2350
822
266
4758
3099
8638
8322
2820
162
1783
6694
7189
5066
2189
7754
5505
8622
7603
1026
1871
4480
2252
5598
243
6835
285
7086
4359
856
768
7543
6815
4959
141
2719
7777
3035
2841
3254
9542
7522
8948
3131
7465
229
9022
1423
7284
7873
3219
5780
4587
8028
442
2009
3569
4301
4581
1657
4202
3938
4166
1571
1999
2488
1140
6312
7643
5413
324
3523
9906
5434
9747
6847
3733
9878
7820
6436
151
8095
2954
5897
3064
5322
9517
6329
1138
7287
1589
4964
7807
6133
5381
8202
7512
9410
6656
7205
7831
6787
3149
7684
1689
78
6933
3394
524
2826
608
7527
7248
1106
3281
4138
9409
7177
7270
2207
9706
1862
2394
2733
552
7488
657
4515
8685
1530
27
6173
3595
5040
2736
8202
2289
9201
7108
4721
6664
5257
247
5399
1205
2443
6206
3133
3453
1953
2751
3605
3972
1028
2276
9733
8799
8984
6810
5200
7614
2898
5973
3726
654
2934
5917
3635
4704
6376
862
6818
6445
7258
8447
254
6775
4097
6000
5772
7998
8048
655
491
3435
9170
3471
8508
5687
641
468
2378
7545
4554
2980
3542
5241
9176
5826
297
9725
1737
5990
9021
5384
1761
2190
2436
1446
893
1760
2255
3627
9525
3614
8307
3152
6020
5896
8839
2669
7463
4424
6198
2637
3769
8063
470
4071
7187
3629
3509
1874
6874
626
2118
8303
6197
831
1880
6004
5898
3270
1819
1326
518
1530
999
3219
2305
2656
4940
7108
7213
52
270
3829
5817
2411
9257
1160
7788
6628
8997
1932
8128
3199
3430
4319
5922
6698
7039
7498
8228
4794
7220
2417
6346
6306
6552
2810
6253
3937
1008
8490
4045
6001
577
11
963
2717
3419
511
3387
217
5483
8409
1390
9954
4660
7498
1562
4377
9105
5788
5510
2991
3456
4185
4953
3346
345
2347
8426
941
6298
9694
1630
6913
4710
2156
9771
4731
6966
6940
9224
9735
6585
6303
5994
9330
3875
2371
678
1504
5198
8553
6089
5097
5160
5659
5486
7011
6124
5630
5772
4925
4393
9931
6893
6136
4032
556
6139
9040
6207
7837
8945
7969
6915
2895
8130
5538
5325
9509
8879
9019
1042
7313
2668
9661
8102
1218
1317
8814
4194
3545
2491
2962
2271
6093
566
5372
200
6586
2797
5833
7104
9714
6217
3123
2667
4588
6491
7997
3880
2696
9142
3496
5801
3838
6363
1809
6943
6431
8437
4347
8139
884
8679
6596
7136
6147
6998
6153
7776
203
9249
3692
8783
3819
8324
4102
8495
6439
3551
6674
8286
9459
1461
4992
7801
2872
7742
4228
207
5159
7745
3017
8470
2760
6971
6115
8241
7619
7028
2371
4226
5165
5820
2580
3140
9757
5664
8199
6622
1906
2822
3324
5170
9118
6275
5817
1216
7542
4978
4847
1912
1760
3033
2099
8123
3123
8118
319
9832
9479
2717
5327
246
3381
7049
3182
730
267
5105
7939
7558
2170
7139
5431
4427
5906
60
5690
1198
5592
9896
3485
1478
546
6524
3748
7460
9610
188
6764
6525
9769
4293
5854
1657
5080
95
5612
8760
6269
345
6031
8977
1512
6071
9986
910
9147
8537
7602
8722
1628
2255
9852
1944
9532
1868
9178
5057
4274
1771
3141
2954
6131
7304
4902
3917
1978
4901
9122
3817
9477
5493
9292
7869
3579
7764
2552
6231
7885
7548
8642
1113
4490
7993
8945
70
5027
7563
2996
2560
8141
5447
3147
6552
1897
5816
4964
8211
1710
575
484
7474
6572
4471
1863
482
8376
25
1853
4435
5996
9460
4008
1659
5698
1724
1872
1704
4579
9371
2799
7114
9211
3624
8725
5786
4104
1259
8282
8874
8405
1567
8668
7152
4592
9963
344
8797
6895
4071
1874
7429
1570
7835
6740
9582
2685
2850
6925
1485
9722
5516
4563
2894
7212
4207
791
9543
5760
2581
8933
2393
2459
4498
57
1484
2203
8395
8985
994
2093
1679
1337
3325
1266
876
2990
2830
7562
3561
2283
8542
1883
9490
7973
5519
977
1028
4601
175
1291
7561
6546
9894
6849
5003
5148
767
7353
221
7816
3331
9191
6176
1676
5472
4417
6042
1103
1917
8790
1547
1119
6042
316
1213
1863
1711
7648
9355
6071
9391
5917
1684
7269
6025
3553
9334
3293
4963
899
753
7368
2010
862
8430
7075
5469
4760
2547
6734
2600
5628
1847
3243
7847
3220
8180
3030
3445
3239
814
5934
7294
7216
9653
7581
5360
3727
1405
7175
4853
6886
8422
8052
2326
8180
3665
7443
7373
8667
4382
9115
7519
6399
9444
5748
9784
4923
9786
4990
9435
5696
3654
3737
8459
346
5003
8522
918
4379
9978
1524
144
6086
9223
9733
1037
7101
7065
9127
6966
9762
7705
3678
549
8173
9759
6242
4349
78
268
1880
9372
2911
8973
1240
2039
9573
9433
2222
1112
9782
698
2125
5711
1217
9037
4765
6393
2886
580
255
1475
5990
3735
4233
1395
5074
5087
7691
7337
9038
4955
6772
3988
5190
6041
8710
6887
3230
3981
1033
4756
8894
8044
3317
6970
9413
8652
2276
7700
4731
7064
1128
9859
9670
4321
7528
4769
8172
9118
6819
6052
2098
5011
3762
138
4705
4950
1614
5895
780
8895
54
8866
3171
9892
8455
9005
5421
2351
2911
4528
798
3422
3381
2943
2427
1049
7314
1725
1006
5787
6888
2919
6501
3625
9840
8814
1941
4432
7111
2945
6825
9287
5052
3116
8270
1481
5688
3284
777
2862
7202
896
3260
4372
8294
9402
5374
1459
4144
7332
5026
6298
9231
3738
1338
9916
8096
9311
3847
2722
7622
930
4954
8348
1944
771
526
1930
8912
4354
5521
8012
3502
3891
9665
8882
6828
5379
2781
7524
7818
5682
7078
5858
4119
4595
1058
1089
4254
6239
689
6661
1032
1223
6442
9058
1525
8281
4405
9218
2019
5165
9410
1029
4450
6998
3826
1871
5567
2657
6977
399
9466
2599
6867
9285
2602
9220
5832
2179
2754
1584
183
2848
1289
4399
2535
7237
5233
6707
1550
6123
5702
9460
2640
8769
6302
1204
125
8439
1354
3445
3556
2046
1210
6028
802
1426
6508
4600
9939
8885
9430
6154
3290
6842
6309
8496
3193
9066
2933
6784
3177
5507
1785
5967
4990
1943
7728
8334
6368
5400
5635
1501
5521
149
3679
7528
8363
7048
1444
1844
4908
569
187
3093
9654
1884
4163
5124
7509
1110
1882
8385
6412
6913
1146
8738
7393
5169
2669
2349
1435
948
4568
9130
65
6300
101
3904
9311
6638
8503
2935
3138
4088
1832
709
1270
2882
7802
6508
2694
32
9019
7779
655
224
6640
1077
1329
4153
2583
9399
5110
2963
5294
1377
6825
6765
9202
2815
5769
9945
240
2169
8349
9945
2026
5717
2864
8944
9739
2481
1267
9900
9978
2701
7032
2727
2343
8244
1451
6195
8681
1497
9865
4657
4237
2805
6199
3237
7217
1169
3979
2738
8127
2379
3648
2841
9926
8251
8973
2754
7916
9216
4739
8520
6981
1804
9174
3326
721
7802
1443
5159
5853
7289
7545
6707
2161
8318
6053
9343
2151
4179
580
8715
2784
7961
3788
1086
8528
2986
6945
4895
5637
4761
2525
6775
5691
6674
9929
7027
9170
8496
3209
7257
6373
3210
7584
8211
1366
5592
1478
4697
34
1042
2172
9199
7519
3760
1288
9005
746
7922
466
2068
1620
3865
9855
1624
5867
5353
2523
5548
105
6889
9220
5942
1068
9835
8948
611
9609
681
3307
7753
7755
1837
1031
1604
6592
2323
542
3064
4838
3773
2419
3327
6413
4387
1543
4084
5665
7729
3447
6207
8480
9675
8843
4164
4763
9541
2011
2293
1610
4267
2064
8297
3812
5817
9738
5309
9665
2148
9611
2284
6174
1019
6300
4594
8078
7551
6616
720
5108
6752
2047
2259
6438
6518
2509
6263
7000
9341
5785
7301
7819
4812
2328
2372
6855
6650
8392
4400
9079
1342
9714
376
349
3104
3646
3126
6669
2430
2175
7388
6850
2850
3895
3759
4503
1820
4179
6716
2988
9025
2546
9366
4875
2217
9060
2014
61
585
3958
9230
8088
4365
1930
7009
6924
6142
3539
9548
4062
4965
3135
7167
802
8101
9615
3220
512
7588
2715
9129
1063
7488
1334
5143
9551
8877
6814
3521
3162
3769
6504
9260
1460
7854
1548
4503
1067
7332
3647
2405
1545
5382
7883
149
3336
3763
3595
6950
3902
7931
8140
5705
25
2419
8586
1780
2415
8605
1867
6731
1964
410
8092
5147
1915
7360
6120
298
8581
8659
7000
4676
1681
2207
8195
2647
5867
4568
6872
8927
3848
7570
391
4524
1696
6721
5849
2159
9982
3836
4131
8633
7475
1297
4394
8571
4795
9335
1773
1773
2472
9783
8249
2017
8554
4883
4775
3370
8775
7186
7744
8224
2732
868
1971
9668
6484
9437
4251
2482
3717
9796
1274
6344
8720
2746
9889
8172
2695
6284
4424
8470
5576
7947
8706
3898
3822
416
395
1507
4284
5117
325
7547
7389
8850
8139
3687
3314
7555
7261
9344
4315
5867
8965
1874
6912
8787
6523
8086
4042
7668
7926
9526
7504
2020
184
3064
3437
3392
4762
6423
7267
9361
6783
8539
2583
2567
1461
4809
6893
4775
2345
9579
6060
4289
9792
7163
664
2128
9735
3177
2093
9723
1732
7555
7901
1970
460
6301
3322
7870
6936
5587
513
2061
7552
6667
3190
8830
9570
8321
637
2560
4633
7470
7679
3947
5905
4363
2575
7556
348
2407
8224
9221
8566
8022
1348
4576
7017
8655
5264
6936
4215
7475
9072
6539
9735
3726
6270
158
2146
6202
9007
5203
5315
3500
1243
6501
9508
469
6056
9808
424
6783
3182
257
2396
7608
2371
8312
6595
6129
9261
5238
7205
4886
5498
4708
6086
7206
1246
5418
3343
6843
465
9974
1201
9190
2583
4454
4575
5616
5684
2879
4550
500
8195
6886
3296
2406
3740
3127
2667
2718
2702
5937
9062
850
7314
3066
1247
3702
3678
2933
3890
1233
4363
5655
9297
427
3475
1092
4796
2444
515
746
7745
6476
3905
641
5146
3708
562
9251
6994
7303
6958
5032
3915
4651
8608
7116
2695
8895
4043
3209
7265
4405
6723
9736
1052
1941
1869
3767
4956
467
5253
5076
6417
6172
274
973
5348
9004
4998
4613
643
9914
3409
8178
3368
6827
7275
9597
6539
8926
8327
8366
9704
5679
6272
8724
6179
7406
9351
8449
3454
5383
9843
123
1916
2921
7278
1508
9309
5485
7464
5
3170
3402
8665
7934
8624
5889
4316
363
4807
7
9167
5502
5605
5275
2345
6328
5147
8969
8921
5353
3
357
5779
3061
9035
4189
7371
9833
8227
9346
1187
8202
4836
4225
705
4020
2905
8316
324
8354
8002
949
9036
2530
6447
5206
1085
5620
7808
733
297
711
1098
3088
8336
4749
6236
3996
1640
1175
9050
1139
8723
9868
7550
6137
6827
3759
475
7735
4698
6213
2736
9991
1852
7679
5437
9049
9117
4578
476
5592
5796
6267
6409
722
2613
8403
2153
1235
2977
7770
9397
3961
453
1072
2551
8374
5932
6205
1418
6382
9484
951
8388
6566
8552
1517
1405
1151
9513
9208
5152
6609
3783
3773
1963
8128
1407
7398
9378
1838
1736
1169
1691
9869
8551
1463
8844
164
7009
5203
3463
9811
5816
9104
4034
5274
6232
2485
8904
6340
4353
902
173
3289
3561
8460
1127
7149
9339
6566
2883
9467
6984
8997
2683
8427
8787
1984
3517
8878
5866
5305
6062
5644
5782
3397
4057
983
3314
2602
6507
4489
3525
7895
6101
8037
8865
5770
2473
3679
7390
2954
9990
1081
6779
9281
5776
9064
6363
1369
9767
6925
4111
8565
7452
6195
2579
9769
9844
8632
3048
7861
9349
2432
8310
1367
8322
7103
4641
6884
4124
3227
4985
5698
4145
5023
3109
3062
9990
5631
7663
96
7057
7757
2823
7675
6700
5365
3617
9989
4599
9295
1827
7756
5805
7157
9352
5020
9020
4991
2463
9651
794
1898
4464
1893
852
2328
2436
552
6830
8917
37
8196
2785
4349
3158
3226
9468
8962
5158
6065
4769
4760
4579
8684
5018
6186
4520
592
5759
5951
4705
1774
3563
4924
7832
6075
6248
2766
7052
827
3688
6477
6095
7764
1197
4355
1813
3449
2890
3188
922
8321
1890
6286
9390
7537
6041
2485
4824
6961
5516
8215
3790
302
6652
3509
3062
811
4257
925
8343
2540
5104
4067
4246
4274
1289
4113
427
5766
8059
2250
5827
7740
7036
2643
8766
5581
4532
6125
1413
9805
5611
2862
9938
3992
7647
8841
268
2346
3394
8467
3349
1824
7972
4825
4965
8757
7665
6410
5438
7150
6351
9926
4645
6009
1988
5148
9241
1191
8515
2420
8912
7572
9630
6252
3733
9668
2613
9976
6934
496
4341
4341
4100
4179
7619
488
1692
471
9967
183
9328
1119
8689
7748
9410
1141
8010
9398
7615
2710
2852
5026
4648
9955
5141
2473
5292
6215
9974
7185
3417
2143
1826
6913
4754
8746
2533
8558
6556
687
3353
6241
2167
6723
4883
1190
5489
2526
6047
1541
6444
6650
7925
2510
543
6066
6605
2713
3387
7209
6576
5709
2914
102
5701
6684
4716
8171
4200
2310
4769
303
6014
5640
3726
4685
8376
9512
6329
2550
216
165
2376
6205
2726
1259
2151
4955
5840
568
537
2494
2996
9460
7663
3290
2743
2484
5640
7771
5530
6175
8838
5991
9111
153
8718
8824
3121
3629
1605
8863
4029
302
5814
1419
8227
8080
1336
8036
636
6005
7731
2258
3347
4749
314
3786
7721
1403
6933
4878
5139
333
4867
6453
921
3073
4977
166
2163
7208
589
1346
6043
2504
6008
8691
2306
7429
8207
1015
9865
5958
8921
9251
1459
6853
4264
854
9517
5009
4567
6112
5506
7505
2440
1568
6218
9651
5393
1653
9961
6024
9288
4636
5772
2453
3889
4321
3274
6156
9329
1902
616
9480
9854
2301
9430
1438
5868
165
5682
4942
891
6589
1655
6355
6987
8545
9015
3437
5822
5482
4469
3582
8279
1380
2741
1115
9859
9671
69
7599
4945
1717
969
7020
7028
8734
1601
1596
4439
841
8741
4620
2390
2143
2773
4640
5908
6102
1212
4140
1913
4840
9590
5346
2473
839
162
2883
6873
8954
7521
5930
2154
9371
3165
1228
271
8638
6956
212
3150
2660
9154
2924
4635
4968
3038
384
1530
9262
9464
3078
9920
3190
64
4253
2665
418
796
8070
9619
4767
2115
9162
3166
4587
5872
7993
8650
554
4408
8327
3534
917
2536
2084
3238
375
615
2223
6147
3151
3657
1219
1176
3160
6824
1604
8009
1378
1909
6642
3733
1331
2721
5538
7400
2685
5771
843
4114
4308
3969
2989
7891
3640
5524
7097
8312
1360
8531
5514
9189
1107
1983
4827
277
6604
6331
1405
9454
8412
631
8474
4937
5774
7383
3613
2151
9484
9681
742
3276
7478
4890
5274
1842
1567
771
5159
2006
8005
1276
5958
9733
8836
9798
8630
8860
3346
8229
4723
1157
3562
145
5164
3755
1653
9627
7795
729
916
8109
439
9427
5263
6984
2115
742
389
6280
4126
7472
2817
1446
936
9858
899
9581
8167
5371
6022
4427
568
1764
723
8280
8705
9755
421
5089
5081
7498
3174
4802
8624
2726
4094
4340
662
3277
782
9075
3656
1962
833
2861
5104
5089
7179
837
4096
9755
6688
4029
5499
9344
250
4776
8408
7858
339
2344
6570
5789
8015
5366
8450
2437
8608
1698
6004
2504
3611
5125
3893
5768
8904
7356
8735
8016
1192
5213
6712
6396
7643
6620
543
6395
3948
7077
5922
2066
2033
2543
5805
9061
5437
3660
6442
8334
4936
3524
926
5395
3775
110
4529
3584
7733
7171
5831
1860
883
1190
7274
1407
871
9394
5639
7486
4146
4564
5036
7616
8457
431
2171
4371
5145
265
7972
8751
3533
3364
2238
9380
8264
8613
5689
8358
4474
125
8374
747
9583
7605
4694
3905
7043
9427
6004
3701
477
3088
2038
7483
2972
4995
1356
4622
8351
4631
1859
484
6877
2174
5874
7735
7759
6684
602
8367
3660
8242
5615
9079
5047
8596
5043
7600
3347
5902
7227
4301
138
2875
2741
7563
2856
7058
9188
8242
9508
9597
8705
989
21
3703
5686
7616
3563
2171
5452
9562
6130
4163
1138
2300
7449
2939
2676
7094
5967
4423
556
6052
8171
104
2911
8050
3761
8165
1980
8274
9766
2273
7085
4570
75
9803
4964
972
6033
6964
5093
9314
6197
7149
5698
8607
5609
2708
3423
1639
1426
4376
4404
5973
9612
6434
5031
1077
5791
9101
8221
5538
9580
9961
9107
8087
6951
2445
6508
9132
5423
8158
9363
9641
9134
9259
8366
6615
2554
4736
613
8326
3149
1302
251
1661
2723
9433
4780
2023
8801
4674
8571
3742
1268
2228
8168
1980
1164
923
9070
2792
6566
8083
8565
519
1569
638
7964
105
4640
6617
5812
9215
9506
7303
2408
735
6803
132
7238
7967
2141
6502
9787
4020
7729
5737
8930
8168
9886
4422
8378
6386
1560
1222
3124
9668
7497
4955
3266
6982
8689
2735
4958
9733
8975
2011
855
7740
8343
7572
6714
3809
68
5080
1794
8627
5197
2960
3539
4761
1064
9828
4518
4355
7298
7092
2465
6097
9421
830
1282
5712
7183
2241
7276
3302
5339
3634
3132
1810
313
6266
51
5977
5459
8916
9064
8601
2797
9336
4292
4878
4035
9244
2525
3465
8879
8309
511
5570
916
8258
2251
815
8631
2562
4259
1246
9005
5965
4828
1766
1595
9252
1822
5320
7044
588
8696
8023
4630
1675
525
2952
9180
6512
5366
3631
2800
1903
1712
3196
6040
5380
8953
9194
3984
3846
729
9189
8734
7212
5362
204
1335
6251
8388
1108
7939
3053
3457
2912
8538
4717
6054
5367
9815
2023
9431
8682
3918
2751
7050
3654
1157
3210
5486
730
6301
3690
2883
9462
369
9715
5150
9927
3082
2969
8172
3633
6508
1961
9041
6658
6496
8199
2135
644
7752
9230
4215
2743
4892
8526
5915
8572
1729
5542
9395
2869
6990
5611
7804
6968
744
1389
9311
7435
8007
7635
7482
7866
7096
5868
8872
4829
9649
8016
1181
3017
13
7908
4472
4684
55
4005
6223
8433
8868
6912
6423
9412
5671
2896
70
6351
9020
4068
9601
1817
7825
6639
1497
7898
8114
1083
5305
7855
9354
3778
5324
8143
9186
8587
3654
3823
4860
8852
1581
3787
2784
4469
9724
2149
8225
5787
1722
7987
9124
5896
9753
8289
2795
4531
1550
9574
4893
8927
7239
1046
7646
7165
5557
5808
4465
7534
7674
5769
3509
5591
1155
8250
8130
4845
6270
4623
6522
3308
123
1226
5592
267
4498
9888
1316
2659
6398
9512
6780
4806
6644
1874
8274
9868
9610
3249
534
982
6128
8812
5188
9124
2214
3034
7204
669
7895
3186
2732
6717
4233
7860
106
2019
7709
4554
6384
5868
3444
2463
4871
107
5865
3
4930
9852
8269
3277
3309
7900
9223
1014
6075
2123
9847
5422
9081
4644
3939
3814
2185
1878
8424
1009
7085
9477
8573
9074
6264
5910
1691
8957
6392
8549
9142
2992
727
3618
3478
6942
5087
2403
1276
4272
9859
1807
1806
8759
5223
859
791
5031
4110
7588
7371
4260
7110
4577
5877
1568
8520
6580
3314
1911
5216
8558
8257
5057
4816
6107
9133
2677
4350
2876
8028
2245
444
7843
9394
2458
4064
8989
7596
2573
7068
9174
1191
8337
7697
7550
6411
6168
8866
1597
1557
8111
469
2612
4861
1082
9896
1950
7817
7677
5100
4407
8597
8008
2118
5578
2885
2062
8218
2528
2017
4251
4191
6939
9154
5783
6620
5143
6879
4459
1161
2870
2619
3376
6458
7492
26
4390
4457
7636
5777
5321
2831
9283
6076
8806
9315
3198
2815
46
9124
6866
2221
2442
8820
6570
1529
2425
6184
3010
2319
9808
8422
8303
5332
5893
6223
8910
2446
7909
36
1385
4639
1875
7268
2442
2664
5923
2696
5762
1959
1422
4516
2960
2711
7363
3433
8614
6739
6405
488
6274
1860
5857
1599
5684
9184
401
1470
195
7877
9776
5531
911
5796
5233
7488
6523
9674
5828
3601
7036
1881
1745
1697
6127
1479
8894
9187
4660
4911
3056
159
9026
961
4894
5530
842
5399
9877
1408
8562
4430
1072
6186
6855
6652
6049
4417
4276
6679
5730
6472
4581
8399
9362
1609
8556
9517
5241
6772
5154
1922
7732
7616
5366
1138
926
4324
2350
6097
6485
9480
5859
7891
9138
211
9387
6535
9261
813
432
3681
8489
5788
9144
8593
2653
3756
2296
5351
4416
6829
1822
106
6664
6576
6755
364
1259
3069
610
3696
4149
6630
2160
4983
2377
149
973
9041
4157
4454
4363
2071
3762
2513
2910
6359
9662
739
9556
4597
4534
6919
5850
9498
9364
2638
2504
8237
4714
5678
6427
7141
7073
7462
5085
2302
2762
3991
9066
5967
4602
1552
3634
6
32
3353
6949
3340
8286
9070
870
1896
3817
8041
1793
2156
1717
2413
2165
7248
996
3501
1580
2072
8082
5134
2237
4251
452
864
9385
9920
4482
6626
5798
2938
7663
2713
568
4111
5529
4145
5273
6951
3101
1449
7176
9080
7483
7842
1083
6393
6962
1686
9111
7825
9170
8504
5372
3793
7267
1033
6840
9509
8989
7231
7756
2905
3774
1908
1070
8218
3408
6918
6839
2878
2346
2851
8864
275
8587
6649
3075
5975
7898
1650
3039
6264
9999
2276
7370
7118
3153
7576
837
1079
1254
4317
400
8618
196
2234
6488
7656
5741
6979
4789
2723
9189
6339
7432
5440
5275
6778
2600
7821
6432
7794
2661
5545
6859
5739
8604
8903
6708
5398
4548
4671
5193
401
9974
9740
4329
1700
1221
9049
8958
3524
9685
7727
8296
1687
5889
5278
699
1417
5350
9876
841
8797
8673
8187
4647
4820
7012
1570
4323
3499
9383
9587
3416
4557
2954
8475
294
874
5108
4
2785
8447
4620
4650
7794
9387
8424
1419
1661
9942
6743
6910
5832
9565
8567
2095
5029
7687
2855
8579
6967
4884
4547
8502
1845
7210
6377
9438
6559
6654
5910
4916
1744
1765
8992
1295
7757
1482
3479
4770
2552
1722
6783
9508
736
3258
4951
5182
5353
4941
4236
6844
135
157
7557
2211
876
8618
4168
1905
1664
1943
5183
1728
1894
9075
1971
7254
5435
5023
8237
6708
5204
8446
1749
771
4142
4412
1879
4959
140
160
911
3074
398
9855
1608
8554
4909
4734
2768
627
8118
8101
3921
6633
456
2070
6342
9109
9622
6140
9073
1301
7433
6075
7080
5062
1032
7042
7763
379
3728
4436
5354
114
695
265
695
7366
4320
1463
2397
8746
2762
4470
7392
7734
6398
3354
8113
2223
5162
2539
4398
1788
6465
9141
2327
1113
2330
356
7320
4334
7222
8656
2078
2935
6873
2215
9776
4297
7046
7187
459
409
8390
5197
2993
1123
5539
7250
5924
7331
7079
924
5776
6772
7807
5759
6184
9813
4567
6132
1971
3670
6407
3859
5694
4009
1043
2204
3836
9786
8278
9006
7218
7530
7145
7760
7389
7062
4055
5442
9513
3562
9167
2620
9843
6237
8661
4456
7159
8121
8686
4177
719
9703
4947
5528
4407
4838
5787
3270
2648
1546
8941
1279
9045
3447
2504
8108
8662
1437
896
6841
8882
2963
5401
4726
1118
3276
2399
3571
5149
6049
4752
1804
4371
1402
3624
4229
5821
1912
9862
4727
9648
2139
6583
9812
8275
1069
2132
2291
8790
6989
8702
4447
7345
6369
2199
1167
6736
6766
8605
4767
6800
627
3698
8294
2697
7916
6986
4306
6730
8729
4056
5660
5134
4859
9825
5652
1758
4170
3743
4743
2824
1255
7393
264
7155
7959
2037
6217
3637
2855
5364
1210
5204
2955
1802
1122
9398
9182
2415
6113
6515
1537
9415
7806
7615
8905
7068
2393
4627
7513
4340
7230
5221
2995
3229
7461
3745
1724
4889
6221
7750
4224
1117
2594
9194
2483
2825
500
6059
7826
1588
6417
8873
3220
2471
6399
2918
2698
8331
4522
5803
3145
1294
1721
2006
2626
1823
3630
8563
4981
416
5891
4695
7796
5584
6746
5574
4437
7149
8224
6789
9518
8342
9912
2563
3219
5547
7317
1083
431
8673
4105
8509
967
8989
1592
2432
8907
4618
2422
3027
4817
9215
4505
5112
7576
8812
5573
7382
9579
6477
9685
3816
6095
426
5931
1442
3356
7593
982
4627
4301
6885
8631
6973
6284
8793
6601
1541
8070
8665
4406
1133
4132
1038
5665
9178
7090
2704
9304
1254
6717
1961
9280
587
2991
2862
6162
3652
1151
4787
9029
9344
643
7792
6287
5140
8555
9714
3248
8385
9424
9240
651
8382
7562
2313
2697
9984
7122
2164
2767
3771
4573
8932
4455
8584
9689
485
3268
3626
4683
6305
4637
5110
5816
7187
3647
459
8807
9282
2252
9099
9712
7497
2982
4617
3587
6397
2142
6729
5908
8452
7167
3047
6266
2849
8748
436
5777
8289
4765
3180
4566
932
4720
9816
6352
2504
8540
9199
5551
3532
8837
9378
46
3666
3276
640
3428
5894
8991
9990
9474
1602
3656
2208
8353
1689
2244
9701
9999
8112
7278
8006
2745
1184
1708
8567
9664
9269
8344
6346
1925
1985
954
8536
5162
7516
38
22
3872
6882
3572
5668
1118
4627
8237
1126
7660
1136
7118
7698
7926
9640
7821
7123
5416
2796
2052
690
4890
5790
1833
2347
7272
1991
9428
69
8581
8002
5586
1948
8389
1664
3547
3356
3721
1787
3355
623
425
9389
9114
605
8881
7892
6140
3122
4408
2490
6997
7226
8303
9563
6763
5015
2951
1828
1233
8193
580
8324
199
7460
2831
6855
6677
261
793
5529
8430
3389
3994
9958
8603
7437
9637
6870
2367
7442
5555
2709
6498
8669
8322
1360
8661
7897
2418
8464
6864
7379
2295
1988
781
6576
5146
3423
3802
547
3850
416
6436
9811
6269
3746
9787
2089
694
8819
2338
9660
4002
71
6271
2908
7998
2365
6673
6115
4575
1251
5539
9675
3667
9533
1990
6151
2858
8415
9049
6570
112
7904
76
3081
9652
2225
8306
4486
6606
481
3331
2652
8649
9970
7874
7997
9025
3480
571
3148
205
4205
8245
1165
1698
7988
4043
9031
907
7894
486
3590
2517
7249
6168
1929
1030
590
2142
9753
6071
8496
8652
6884
9962
7538
8828
1606
9476
1452
4942
7696
7837
3299
3644
7969
631
6953
8871
3430
1412
1021
7271
9046
3186
2118
1325
1288
8503
2492
9347
6979
8621
265
220
1921
9961
4824
9599
3785
9071
4313
6650
8315
2859
700
1530
1453
8104
6159
8610
9724
3123
9063
5969
3489
7251
1393
9855
2998
4029
649
909
9189
7008
656
4184
5284
2210
1011
471
8181
4166
6460
6152
9486
8617
1518
5813
8435
2778
9194
6113
9521
9580
235
8570
58
8754
899
5382
3002
427
1969
3799
5188
926
327
9269
3061
7308
1883
967
1048
4540
4958
3694
2884
8603
3761
3508
3336
1222
2731
6036
4902
3922
157
483
618
3500
1370
9622
8525
6495
159
4495
174
4096
4019
708
5366
4252
385
3232
3851
3186
1983
8613
5899
7209
4052
7210
1532
8440
3377
5353
4911
3480
8386
3511
1506
5105
4975
9980
8396
512
4576
1425
7194
3175
1326
9950
9112
401
3512
1770
9270
1666
5305
5268
2478
843
1249
133
1429
1474
4577
1587
2902
8055
7841
1018
4068
7806
5763
5208
8711
4376
8451
9347
871
450
187
9324
6479
6228
5417
6109
7345
3061
4844
2185
381
8868
9682
3601
6120
3049
8333
6356
8573
4193
7111
8345
8063
1490
9572
1330
8085
6932
7018
5571
9944
1628
3596
7926
3776
7420
7204
1678
770
7289
3888
8102
2025
55
9153
3613
9533
7250
6347
2388
9128
6347
1738
2339
3655
6577
5158
3749
8780
1317
1487
1815
597
6074
5846
3556
1594
2632
7103
9522
5725
6682
2675
9583
3380
2955
833
1103
4321
2720
8890
9525
8186
6921
3585
3360
7957
2175
1421
1467
5466
1417
5927
2268
2610
6671
1013
3787
8052
7241
2260
4227
820
9678
3873
6446
9179
4937
9615
9259
8778
291
7378
605
1467
8899
7836
9527
5594
9358
2881
1928
9515
4419
8028
3531
7343
7726
770
2458
2658
2215
5977
3991
4615
5262
8449
5267
3265
6451
2693
6265
4902
3057
6197
8347
7215
4406
6209
5170
1637
1744
3597
6432
8814
1766
235
605
4047
956
8415
2635
4335
8431
4621
5170
720
4336
61
4364
3949
9425
4221
4337
5590
1137
5467
5664
4934
8563
5316
6236
1620
3204
641
924
3327
4300
5573
7556
4669
7758
1739
1465
4009
5646
2339
6022
9108
1142
1996
8532
7565
9380
6612
9172
3431
5055
4835
3180
2451
9240
3131
7464
4385
5963
5404
5462
2449
666
3934
665
4457
408
5356
5659
9075
5884
1111
217
3044
5140
567
3837
5818
3063
9474
360
662
2820
2009
6420
5942
6651
6038
2399
5465
9043
2023
2618
8863
1082
5447
4137
1512
3456
2908
1587
8580
2190
6908
4330
3548
7406
3837
1753
4605
2623
2369
6592
6831
7286
2435
8890
525
5683
555
9905
4555
1712
3820
6096
2494
4416
6428
4749
6600
1658
1604
5355
885
653
4472
7173
8497
1177
6071
7087
5121
3065
1639
6052
7414
2451
3921
7446
7689
3627
2468
8103
7003
6436
4171
3696
5160
3405
5749
679
7484
438
8143
3193
2415
7253
8994
6792
8201
8254
33
5370
7379
5057
2135
3123
7949
7877
2205
2073
3280
7132
2711
1172
6920
2802
5473
1035
2246
6833
6681
6757
2090
2568
6084
7590
4830
995
6434
6614
8610
2609
9471
7193
6780
5114
5370
5341
8751
9709
8262
4343
2532
2506
6902
3987
8647
6430
9650
2773
2779
564
8629
9519
5782
4679
7736
804
5490
2795
6818
7699
195
29
3966
4101
1285
9973
3186
4718
1753
3028
8070
7639
4491
2251
3076
6003
5778
2256
7838
5557
760
1235
7066
8460
3947
6652
1004
4361
7521
9052
3334
9019
7118
4015
5916
9572
3957
8321
11
4877
4487
6004
3207
1326
2363
4925
7663
7470
8006
88
6906
1078
9132
6829
9593
4001
3690
2229
3369
7637
3709
7468
233
2855
2423
629
517
2891
646
7557
1677
8843
6916
4135
9510
2915
8030
4654
9736
8866
1274
4183
301
1078
7699
1516
295
7574
1866
648
1289
6223
8273
5514
8041
4000
5824
9975
6350
525
5449
9486
2727
6753
4627
8750
1680
1555
1348
4058
3197
1350
432
1804
482
6707
9263
3008
2969
5824
463
8977
6388
7357
1680
1433
6477
6936
8536
9191
6568
1090
3761
6812
9099
5635
3488
7602
2948
2525
2056
2120
3932
8493
1030
2735
3701
3237
6766
5272
8655
2068
1412
7283
7934
4153
5302
6704
3213
3624
2333
3359
4382
3031
5509
7133
1781
459
2883
1123
8045
3867
3872
6894
624
5400
2572
5976
9549
9847
3141
5320
4257
296
7810
5493
32
7197
4566
4787
2130
3540
8430
3824
4714
647
42
1766
7604
6412
6542
7986
7771
5732
3877
7317
2647
4559
1847
1843
1383
712
7519
3585
8683
512
7790
1951
8230
5094
6303
5656
7562
4157
1688
4388
7485
5639
8714
6277
5500
6173
6740
341
6460
4733
1731
2390
132
967
9695
6627
4672
2760
4880
6522
5011
1413
1272
2931
2904
1416
5133
3247
209
7329
155
8511
9610
7264
4358
6967
5716
5571
6158
655
7665
8679
1286
8855
3719
2829
6946
3693
8515
4872
9122
5928
5822
6131
7723
5194
7482
9204
9117
8929
8673
3274
8565
2410
4416
3740
232
7770
1067
6568
6369
5705
4324
2380
6737
8249
6434
417
3409
5216
8662
5581
1340
5127
8994
2307
3250
7956
2344
9202
5307
4690
1604
16
1376
3860
3814
1793
6961
6545
9579
4948
5128
5377
362
3443
4262
6176
8780
335
5819
7226
5050
9762
2886
9931
1041
3366
7556
4490
5759
5545
7361
7866
4404
7459
8948
1478
8573
9115
7963
655
2793
5734
612
2063
9502
4543
3130
2509
8335
6118
4508
3945
4927
9501
122
5653
6220
6422
2631
7533
1009
7634
9191
6712
1109
1403
1341
2930
6373
2484
6003
4038
6757
7290
7993
6867
5608
8938
8776
3391
5946
9975
4881
2903
3964
8921
2532
4072
8445
6529
165
4885
348
8247
5734
3595
4623
1672
4474
9934
8198
5056
1977
5497
2122
354
7051
7365
507
3861
3404
8128
2976
1317
5548
1678
8145
8368
6842
4076
9341
4016
5330
3521
8818
3398
7946
6969
3918
4632
1156
6545
5459
4783
4320
2695
9722
2789
1125
9743
9807
8597
5
485
5205
9406
3717
6336
6793
6849
183
8745
6061
1916
3964
3235
4225
6514
7422
2095
9933
5241
9912
6386
4336
2519
392
3984
144
8774
4766
9758
761
992
141
4465
2380
339
398
1631
2635
2895
715
453
3832
8100
9867
2587
2941
3615
1051
9944
7963
96
1157
2257
6562
3321
8069
2963
4880
6258
7781
5523
9286
4268
381
6727
9708
7645
598
1791
3439
8506
7004
767
9317
2618
246
7822
8741
9532
4837
7415
1239
3173
961
3332
6715
7356
505
1451
7025
8310
2726
9111
6662
2831
9982
6835
188
377
2868
1201
150
1376
585
3461
6732
3307
5959
9871
1774
609
9957
3934
4895
5953
8072
9892
4158
7946
9758
4433
4361
8587
6783
3308
9376
9194
4507
7619
3159
2342
9447
589
8915
1341
9872
2116
7078
4359
9098
7097
7939
3033
9060
7126
8385
1359
5766
8796
7234
1953
684
1677
377
1364
8577
4671
3434
8307
1232
5300
5227
4686
3942
439
5047
6109
6852
1238
6169
4562
8746
9635
3466
2505
5254
7749
9140
4804
352
2066
3277
3677
8074
806
3234
1512
5165
3009
8784
1538
9596
7941
5097
5516
4877
1046
6218
5051
6100
988
1653
9207
1205
7725
7569
7842
3824
4650
746
9442
7629
4041
9052
1649
787
4870
8806
7338
6464
4732
9642
6330
2332
2620
4021
4123
8976
8619
8690
5802
649
1485
252
8980
8864
2457
2336
2782
6025
6735
6430
6489
6697
4406
658
826
7226
337
7576
2630
2412
8519
2517
1856
3423
9251
8838
7121
9133
1292
906
3701
9023
8158
7671
339
6059
7528
5005
9363
4660
4699
3116
6277
1230
4810
4438
3711
8880
7950
3046
9134
285
2501
7638
5489
5216
8486
61
2898
5654
8101
1880
3957
1010
3816
1959
5594
5868
4384
167
8269
1717
6660
7164
4586
88
2859
9103
1840
6195
5189
2506
6534
2197
6433
9361
7142
1486
4582
9315
3126
5620
8241
4365
4226
4105
3034
6315
7717
2328
4295
6817
110
272
4029
3355
728
6088
2332
8924
7787
8111
729
4056
3227
6022
6995
3445
9231
9935
8450
9535
654
2056
9770
1599
9415
2996
2019
873
9109
9924
8159
3778
1235
4855
747
6568
5731
6858
1472
3751
7818
751
8769
4509
9055
4367
676
4812
4194
1508
3280
7138
3072
8644
6880
5776
2061
4004
5208
6243
8144
2383
7582
5489
2719
6114
5877
8531
9040
2799
5387
4715
8012
8166
4418
4168
6930
7892
4043
4204
1610
8039
7220
3152
5780
535
4187
1961
9817
4037
4685
6209
4104
4386
5190
5789
3724
1489
2755
4336
8287
1034
5427
4024
2193
5290
784
6221
3458
8036
839
9024
1449
2780
863
7514
9145
4429
4260
2088
4020
6512
4491
7589
9086
646
7663
4964
1928
2903
7306
1642
7758
118
7102
7668
5803
5281
1643
9238
3683
7849
7618
351
9764
6552
670
4165
7952
1090
1155
6346
8722
4504
7508
8018
3028
3985
4763
8194
8903
1815
3651
2764
8918
9008
483
3046
4239
7740
3604
5545
2850
2898
3006
4649
9059
2543
7943
1406
7603
9013
3257
8017
748
943
5198
8686
9271
4760
9018
1657
6206
2660
2522
8828
9248
4017
6230
6899
4916
6649
6442
6904
3313
2953
3807
1294
6325
8093
8722
6252
8613
746
1226
5711
8997
4978
7277
2859
669
8259
3108
8246
3336
1795
7752
9096
4151
1996
6981
2067
3360
7217
31
851
299
2426
3253
6319
9421
645
9972
3660
4905
7358
4348
7319
3390
4145
9477
3586
4106
4883
1993
11
7700
5408
3372
5759
8027
6447
9075
8590
4819
3650
920
4553
6903
4510
571
3873
8520
3491
3635
9768
5313
3460
2551
15
9562
762
6035
6725
3982
5715
6565
1940
403
7392
3347
6078
5816
285
9044
1010
8205
1249
8509
7173
1090
5082
5511
705
5838
3416
8674
8883
6152
5874
5865
2734
3174
7259
5086
7222
9778
8807
7756
3715
2847
88
9832
196
9047
3858
1519
4706
8216
9296
2814
4669
8652
1632
7012
6737
7038
6311
9441
6318
6427
7340
4872
6626
2278
9476
8651
7256
3604
5803
3270
1237
7171
3038
5866
9854
2477
6068
3176
5600
9983
8441
2347
1457
8131
1832
1780
1070
9077
9996
6901
9969
1686
9049
5865
7597
8341
5911
8744
4375
6440
4360
5071
753
7400
9286
1426
2640
9540
8011
2869
5188
4329
1804
9241
9705
4057
4494
3886
8479
4736
917
3102
5594
3000
8176
6887
3130
5149
5347
2416
780
4104
2922
9194
5713
1308
6388
4004
8028
3569
9290
1906
4066
1718
4292
5233
9251
859
1034
9018
4481
6154
1132
6623
8650
9196
9087
8919
4923
7277
9579
2587
824
5436
6062
7564
8247
9258
9331
9244
5018
8281
2701
8742
4030
5257
1887
1571
8288
9572
3608
6559
3175
6422
7863
9222
1756
6616
1099
8942
234
6975
1667
2315
3143
3160
7148
4515
4972
1791
9648
6812
64
6235
2114
4339
9561
1709
1843
2140
4772
1567
7225
3582
1264
6491
1712
5949
1706
5719
5192
7456
1509
4454
7396
1822
6473
9982
8306
3662
164
468
5970
8509
8575
1568
2065
4046
8355
7226
5061
4514
2703
6703
8676
8128
4730
5510
4877
2796
8299
5509
4389
3995
6645
6870
338
9174
1082
774
7153
5828
3666
4426
1176
8369
8335
3418
5199
1143
7721
2638
8521
5191
8494
9467
2535
8393
8480
5751
6406
7364
9152
4303
5799
6187
3627
2588
4591
5993
7379
5329
8822
9023
2141
6555
3398
2838
6171
6826
5019
7009
2870
1740
1172
4877
5594
9245
867
5664
9930
1949
3680
3668
1319
7547
8245
9473
2585
7584
7451
2007
5664
1102
3277
4144
3407
8622
1199
6859
4999
9997
5493
8098
8924
3417
5771
522
9946
9202
3289
8945
9824
1600
6174
8855
55
2930
6480
7489
3781
4831
9172
7400
5944
9355
1284
5120
5742
6718
690
2171
425
8187
4325
6397
3640
1519
334
2893
2359
4281
8994
9787
5514
6880
2368
7955
6992
4738
6623
7338
3756
6254
7941
7694
2860
1747
4503
9625
4560
6374
2594
5060
2841
3852
9425
777
2040
4912
4904
2537
652
8970
2022
3045
343
8748
7486
4109
9197
1891
1129
6923
6849
1623
8584
8412
9939
8349
7777
9147
9945
7871
3521
4945
4219
834
7518
2853
7213
7855
9158
8442
5199
8950
7025
4885
9036
5425
1209
4574
4953
9997
2827
2762
4602
3359
3800
5842
4083
9835
5064
7705
1624
9630
9323
410
7402
6461
2219
6676
1729
3356
3739
2903
5120
4264
650
205
7962
2893
7808
5945
6563
5909
4615
4147
1005
82
4355
2710
1530
4673
9307
7055
6830
8952
4394
6601
220
7175
6277
1959
3016
1361
10
2395
5574
7932
1741
9384
3937
7280
4130
2647
8591
1068
2561
1284
6616
3643
5309
2990
7183
3352
4339
2504
744
8133
6075
779
6546
5368
8688
3122
6971
8367
6422
9540
6571
5095
9191
7690
3030
2068
4229
3753
306
3435
4522
181
3724
258
1773
1551
2774
1854
16
629
9444
1668
5361
6422
241
87
905
3884
3856
5107
3196
1917
4573
1721
2242
262
3113
3114
142
4574
8435
3618
1813
798
3526
9941
1511
6253
1231
8596
3117
8351
1714
9253
3463
8551
7290
105
9745
4957
5357
3064
4273
6237
4742
9720
6449
5419
1915
1544
516
4825
564
3856
8353
6617
2135
5840
6200
1046
9188
6950
8748
1548
8488
222
8520
4277
4312
3748
9433
7009
5240
82
1716
3256
8097
8813
5217
6039
9823
3342
9004
360
2101
3549
8032
8736
4492
1204
8838
1312
6326
6870
6372
8299
2275
2074
462
365
5525
7183
1412
9911
9984
9051
8177
2222
1971
3763
3780
1844
7552
628
4141
3948
7119
7200
6125
4497
341
6901
2919
4957
3680
7565
7296
8272
6285
2159
8101
8319
2688
1132
1188
7433
7001
4494
2457
4636
5953
3388
5563
6755
8747
5218
2819
719
9639
3855
9029
1775
9548
352
5364
8788
3284
6938
1994
8754
8912
4426
2213
5908
9437
1893
56
2005
2988
6057
3427
3049
4600
9382
5083
3162
4564
8625
9682
6524
3008
8678
6406
7719
7623
9686
3240
4985
1378
1255
2659
687
3010
2354
9250
2732
6482
1300
4154
9256
6192
1589
9882
7158
3288
5378
4779
2807
493
8616
1706
9175
7208
4449
9446
7738
1708
2731
5627
8443
7337
9149
5720
7897
1247
1432
3719
7277
1003
4407
8526
9227
9788
1037
7262
97
494
2240
5486
2118
2487
2734
3063
7926
5989
2179
5510
6022
7169
9669
562
9260
1982
7060
812
8855
4098
5977
5553
2521
6320
191
4292
299
4998
1739
8085
2698
1814
64
7052
5378
7594
952
9646
5755
1488
9654
2117
9375
7316
4832
8675
7937
634
7525
7333
5971
9807
6858
1059
1517
8376
1232
2829
6026
7898
4793
607
7840
5628
8653
7482
4876
8177
3611
1272
8297
5538
9278
248
7289
8525
9860
3570
6461
8061
8915
63
3664
560
3160
1022
5960
4149
5795
3034
4029
1336
7711
4355
9988
2104
3837
7414
1649
1147
4004
5542
7987
8512
8920
4784
6511
9958
1180
6198
2197
8060
4337
100
9489
6755
8199
8776
4841
5751
6369
7571
572
6092
1297
2096
5563
5771
2466
3549
3665
4684
5145
5410
6993
333
5983
9866
5910
4299
9839
7389
9989
7346
4692
9274
2680
251
8963
6306
5697
3621
8704
7490
919
7514
1277
134
6443
7782
8370
6037
8168
4293
1813
9331
6834
3002
2415
1062
710
5995
8797
2113
8790
8893
8829
8261
9621
5188
8788
3993
7118
411
3878
3122
7476
5137
3194
5956
2647
9528
3196
2384
8246
5288
7247
8102
7388
7123
7001
3094
4867
4955
3520
4969
7460
4120
6265
2479
5907
5762
9067
8326
9176
145
1702
668
4366
4209
1663
4575
5584
1258
4945
9247
64
6575
282
1938
2847
1544
2645
8207
8186
7603
9465
2401
6254
5351
1954
8390
9251
4888
9033
6803
2779
8202
6744
4170
1753
6217
398
6625
299
1793
6836
7220
6790
6093
1887
5178
2605
1826
6936
8464
82
2393
1555
8651
6046
3561
4658
8267
2564
903
8485
7610
3006
5339
5688
152
2947
2311
2149
9862
7550
5706
3618
9521
1728
9743
5673
2808
580
2533
8290
8544
4996
580
6836
8972
3474
5104
72
2874
1369
1674
2123
1004
3536
4255
7995
6857
4219
4108
4086
1044
7126
5158
8574
4883
7066
1451
3725
637
8357
6059
2260
3170
3958
9021
8996
3331
2355
6236
5296
7289
3949
1181
9822
3777
5700
2011
904
9558
9222
9946
136
2930
1412
3879
637
3471
9039
2080
140
1198
766
7770
8679
7441
7323
2123
1492
9777
240
5972
1821
5306
8082
5330
6295
4365
3800
8018
8611
3464
8664
4054
6699
8966
1332
6810
5107
8754
4160
7701
7935
412
7540
2106
2941
9848
8442
1672
1148
2497
7205
356
6101
8787
9254
8539
7664
7628
1753
2816
4682
1801
980
1296
3445
3473
5784
6311
9352
2089
6364
7928
7432
2910
6979
3577
2280
3827
333
4635
9630
6148
6991
5176
1768
1605
3817
3942
1571
3417
5845
5445
1930
7374
6295
4665
7109
9415
9239
5750
4321
8233
2804
9897
2773
7820
8205
5977
8681
7319
7644
6889
1492
4199
8372
7127
8509
4843
2288
1608
2147
9167
167
4692
7259
6894
4947
7636
273
4180
7987
4470
960
4156
3405
9150
9478
9030
7657
3104
2260
5908
8528
1445
153
5986
7865
7982
5635
3457
1647
4894
8085
9202
2917
5410
4167
280
6951
5041
8831
4461
497
9989
2994
9301
532
8487
688
6008
9987
5160
5863
4011
3521
8414
8864
2808
7859
6854
4230
2570
4155
5912
1405
5222
9787
3626
1950
8571
1943
8341
993
8959
4600
1082
7944
806
2796
3430
816
5301
6573
776
1418
7967
6488
2770
582
5057
617
4572
3547
1446
7207
9305
2127
8990
9160
4250
2795
1187
6934
1779
24
9398
9642
1759
5913
8429
6721
4974
5624
2200
5417
5853
6064
3937
8834
135
2169
585
1276
7023
1691
8939
8455
9090
8150
1838
1098
9508
857
2202
5293
650
3391
4630
8533
453
5653
9725
5179
7531
2863
4001
467
9705
4664
1329
678
2767
7215
6107
9687
9061
3135
1069
9744
5405
4901
43
6762
9649
5627
2457
5416
9837
3544
655
1972
2063
3839
3998
3156
2529
5383
4371
8085
1614
9443
8416
7737
9923
3044
8424
2294
8133
4755
9899
7589
7726
6161
2109
4834
9168
3598
1662
5249
7393
5416
5570
9769
1671
9939
7104
1090
9021
2032
1327
2210
4001
9142
3862
3222
3165
4636
7220
8932
2742
127
5576
1280
5403
3479
4176
3629
4457
5941
5691
3757
3233
1549
2261
2316
8088
6348
6221
2104
2908
8472
6744
8724
394
7837
5600
9326
6398
7238
8952
1311
8806
1433
3923
6644
9785
8601
3411
9935
1517
3153
3305
4510
4922
136
315
8052
1724
3735
5
1299
3630
3087
5399
5276
3433
676
9518
3896
9236
7224
2142
6619
8285
5224
2056
4002
8789
4980
2307
9624
4577
6379
5492
2561
2240
6655
3463
2728
7708
7884
9063
2739
6686
8184
6444
1184
5859
6474
9907
951
4556
4273
4208
4524
3491
8747
3093
778
9496
2336
126
2124
3953
555
8200
1810
1605
5560
2742
5552
7842
8969
3250
2175
4775
1857
8271
5540
5085
6556
7268
3168
4061
1431
1858
7427
7089
6565
329
6901
5736
4518
9919
8773
5442
576
2090
3603
5360
4387
8023
7961
4015
3811
9011
8174
3027
5126
8964
5373
4245
544
2942
9226
6082
6163
6643
5182
8254
4906
5183
8748
9617
4180
7422
7440
9796
6551
97
1126
7084
4008
1048
1731
4929
8592
8173
2140
5780
4803
1271
3922
8651
660
4998
1690
8155
5085
7788
5462
1879
820
7036
1376
439
2751
2863
7076
8359
8264
1579
2783
7781
5291
2403
7205
4667
3767
112
2482
8346
4701
7165
8163
9687
8370
1869
551
6545
853
6685
9455
6016
4607
6089
4348
8918
6281
7286
5785
4104
3188
9006
9848
1153
151
9302
8943
6955
836
2235
2478
2159
8288
7060
7011
3788
4064
7632
9528
8153
5641
3315
1138
7987
6393
8112
1076
3341
1157
7848
1368
3169
9495
9434
3175
2488
8160
2408
7004
1765
1170
8800
4976
2806
9734
1491
6269
8386
7584
4765
1334
8990
4556
9161
5225
7059
2892
1815
7570
4584
6118
3658
397
3876
3781
703
8965
242
8191
7506
9193
3477
931
6828
1000
8945
6291
8530
5081
7168
7639
7291
9579
7590
1051
3904
7642
3346
2780
2410
7021
301
8116
10000
726
6960
5956
5408
7347
2676
9156
5357
9889
2126
3754
8562
6698
2864
8439
4402
6377
7200
2453
34
3201
3534
9404
8124
6220
8631
688
1746
8135
7648
6262
6646
4037
3831
3285
9107
2668
7061
1323
8062
4697
1753
2794
9251
4822
2120
2528
8061
6572
5189
8969
471
4471
3961
8603
3798
2289
6641
9168
8152
6717
4550
9181
713
3593
2685
6241
8910
2635
9717
9460
954
6605
2285
3953
6157
1016
3148
117
140
7107
2058
5362
4540
5104
1623
6843
5780
10000
2450
9386
9886
3181
2365
846
816
5043
5675
5268
1106
5548
8383
1960
8002
72
1545
9460
7616
1354
8445
9157
4734
6755
1509
8352
4060
1043
4259
7230
5198
3579
3531
1320
136
2687
9282
8896
6973
257
8
223
1688
2844
3090
8556
3688
9015
3975
7474
6389
8337
9606
6295
7625
9717
7435
863
3801
8255
4852
6191
6895
5546
3483
9890
3946
3596
4075
794
5478
5381
933
248
3245
7886
634
8857
9048
565
651
1127
9977
121
6852
1133
6308
4874
7607
2571
2879
1607
2291
4938
3334
1396
348
6830
4249
1655
4705
8564
2751
9866
6006
366
8097
1385
5657
1578
7439
334
7703
3491
8161
4569
9948
454
3750
1018
9434
4341
1598
6098
196
9131
4913
7287
9659
5846
6135
276
3325
9973
3897
5644
5019
6079
2995
1556
9442
8735
7233
4692
1801
690
9298
5642
1945
6142
3204
2934
4486
8315
5118
5945
3212
3579
8757
2746
9151
6065
9826
2227
3358
9266
503
6183
7626
9332
4335
4284
4430
99
8217
5642
4250
7084
4147
3625
9949
6988
9860
1117
4959
4625
5781
8456
8995
9542
5167
6927
2044
5141
4059
837
1642
7559
5629
8968
4242
9910
1655
9210
2613
6544
4865
8342
888
9964
2634
8377
7777
7893
3295
7356
5466
6011
2613
4955
3987
1326
4837
4432
4710
9879
6171
3689
9261
1006
8061
3492
7164
707
3739
588
7110
7008
8993
7830
9038
9056
3626
3947
9920
9674
6549
9546
7809
5893
4659
8580
6639
9698
3305
7237
765
1766
108
1804
952
3484
8556
3079
5469
9295
9784
5035
5360
6004
1767
8155
8037
1121
7576
3801
645
3430
6063
2193
2717
5900
5966
1905
3995
3793
256
3005
3060
3789
7198
9275
2862
6447
5953
6916
6216
9057
4760
1914
2497
5156
3343
7147
3835
320
2094
8691
899
4590
164
3564
2459
6887
6039
2194
979
9447
977
5706
5397
5897
7013
6488
888
7044
1146
9561
9026
6000
9912
1829
3766
8304
1827
9151
3431
8388
4431
827
2603
7433
8906
7145
7262
5043
1664
7465
874
790
6295
9867
600
9218
4570
5648
5609
7999
3148
8369
2201
2312
5204
458
7236
9166
6700
9424
4515
1558
4884
5866
6172
1727
6619
315
7103
4183
3295
7679
2262
9929
3298
1100
5119
4944
350
7010
5731
2229
1100
5249
9823
3117
411
1121
4958
4481
5929
9686
2625
5190
2010
3463
2665
2825
8779
2420
8611
6502
6786
2752
6226
1829
6282
4499
1915
857
4946
3991
7315
4950
4746
435
6534
5257
2075
7161
3464
1584
8394
6362
1197
7161
3686
2587
10000
5164
6953
3036
2056
1089
9326
3901
9838
6623
554
1314
5315
6779
6005
9882
5250
9823
7997
9700
2115
782
6255
4937
3749
3033
8565
6213
5081
2469
8648
6085
8381
6103
5630
7193
593
1964
7553
5386
6953
2028
8178
6589
2669
3051
1730
3935
7494
7230
936
5616
4080
6481
9011
2696
6937
4904
5404
4329
4353
8774
8707
2292
8473
982
322
4447
6444
1968
5832
4364
7194
2564
5995
8307
7986
3989
6503
1763
7183
1227
820
2443
9839
9686
7645
7816
1625
6483
3551
1480
8398
194
262
6338
862
8354
5895
1746
4224
9913
7622
6785
2891
2476
1466
5561
1910
1514
7057
5235
7758
4366
7877
445
6993
1051
5060
2407
7335
938
7525
3936
6807
2160
4017
5561
3179
8932
2804
3661
5014
8163
3745
1293
8166
715
7043
8864
8237
1898
9517
4957
1479
4131
8701
3521
396
4493
7204
9683
8956
6626
5648
8028
5984
8117
8378
6287
7363
5657
6337
4041
4825
3729
908
9114
5685
3352
2988
74
9326
2160
5199
3566
2680
3068
5057
3706
9716
6203
8492
754
8367
5704
7065
8622
1948
318
8156
8028
4911
312
3456
1230
2378
7317
4368
7154
999
2017
7060
8454
1370
2362
8847
6434
9081
8421
3186
2094
6151
9443
3442
4793
4091
7441
8525
7166
2239
7083
5334
4645
3492
577
9747
8438
9034
6994
251
3959
2841
6771
4744
4149
5475
8630
8434
4364
946
2528
9189
5036
6318
7716
6530
5908
468
5865
1165
9149
3882
3678
9990
1588
4511
503
7134
4923
5596
6246
6603
7419
652
7765
4235
1660
848
5588
4924
239
905
3588
5065
7207
129
1594
6834
8263
5613
2118
8808
7571
8046
4178
4092
3686
7679
1196
3954
6338
123
8406
3785
6701
1241
1327
1877
1714
3885
6611
5147
9237
5236
864
5924
3206
9794
1232
2534
8327
2765
8375
3530
5908
8492
9763
8117
8168
8420
8942
910
7447
9122
5560
7861
2621
7670
2125
1645
3060
6467
2945
9050
4037
8782
6464
8308
3867
5541
5501
3016
1937
2982
3925
8499
8561
7930
7971
6282
7974
9405
2980
9501
5893
2929
4848
5411
3312
2287
8033
6004
2937
1398
3245
3849
6293
1965
8390
7448
6266
7767
9767
3429
3530
2069
707
2535
4028
2458
814
425
3723
7449
5419
1069
9785
8281
5366
3091
3934
4602
9577
8572
165
117
5333
3270
7786
9558
7724
3267
4738
8108
553
6447
6001
643
1844
7657
3729
7199
5071
3000
7842
5861
7637
311
4397
9821
1489
4203
2794
6824
6938
3562
7734
4424
7949
7300
764
588
3992
4865
1145
7304
7126
4146
7546
8994
3443
2761
238
7362
5626
2235
49
1148
5080
7137
6273
8826
1461
1381
4856
4990
9208
3234
8593
258
2938
2200
1333
8357
6114
1453
2222
3375
6186
1685
5878
3263
9772
9509
1195
8075
5316
1304
8960
9328
1925
942
5598
2811
9880
7491
8788
6193
8791
4709
7347
3199
285
1937
6877
5616
6012
4360
7527
4938
2136
3007
7681
3442
3456
2939
3600
4325
1088
3926
5950
8757
2386
5843
9511
3510
2525
1129
1023
8671
2504
1640
5217
9339
1462
5702
4800
7381
872
366
4915
6767
2691
3364
9118
8105
4494
5377
126
1841
5400
175
8763
8621
8935
1226
3862
651
5410
3898
9306
6915
2501
4839
2547
3185
9250
2165
4737
3448
24
6170
3001
6852
153
1016
5838
5385
8065
7101
5063
2610
5027
2682
6342
4794
5762
2657
6023
2473
1787
157
6241
5695
7884
8362
5173
2760
9442
5315
9485
1942
8298
6522
7713
1739
9174
1033
7377
4913
1075
6297
2200
2251
2237
789
2789
633
1016
2560
6297
6448
7919
9872
2672
7416
950
6842
5423
6227
709
9831
3786
531
8413
292
8736
2733
3848
140
2898
3106
8873
5408
8726
1678
8573
5560
4339
1631
7822
628
26
5675
1859
3757
1832
8292
2761
159
129
4273
1220
835
9842
5910
2631
1920
5936
2393
9793
257
1931
8928
4508
5719
2255
6216
7009
4572
5930
4694
8802
144
3691
3329
5630
8501
3344
7033
2339
3804
5794
1669
887
766
785
3863
1854
2098
7327
154
2583
717
1365
8945
15
7485
4003
1551
8237
9527
3332
7028
8968
8607
8527
9975
1749
7802
7186
6018
5876
8651
3391
1628
3586
2467
4319
7683
9790
2373
3684
6238
9538
2847
2048
5511
4609
7487
7580
840
2815
108
2733
1015
7027
4834
6414
6211
3684
2125
5226
8581
3994
626
381
2965
6450
2843
4458
585
7334
1447
6375
9163
9546
6182
5359
3396
1800
6973
132
1510
5857
584
3900
1017
5347
8194
8641
8296
7167
7864
697
7801
4588
9276
769
1294
7789
1779
1098
5309
2586
2938
8480
2663
9388
9040
6169
8214
9156
191
9309
287
508
1961
8993
2972
9941
1986
5737
9150
4932
5945
5351
3280
5383
6721
9106
491
6452
7134
8576
940
707
8240
4881
3284
2815
2246
8620
4966
4615
7178
4818
2416
165
3276
5721
5918
5241
4660
9290
2801
8541
4848
484
2334
2100
7238
9841
6568
5094
6369
6548
6518
7755
7871
4331
362
753
2446
7232
454
6131
9151
3836
2392
3152
4746
5183
778
5248
9669
8023
2834
6083
787
541
7414
8003
2757
6834
1133
953
7120
3137
3094
7752
4069
1245
4899
3506
5593
7009
1432
8849
1160
1218
2670
4460
7235
5979
102
7495
2556
2768
5324
7218
8082
853
9575
4436
5455
1361
6563
4252
9723
6902
3953
4555
7810
7721
6566
2408
9538
9528
7379
2300
5728
3275
9237
4410
6251
4827
4206
5271
4790
770
2770
7022
8879
4994
9161
2200
9459
1251
9073
6693
6340
8218
5597
5824
9739
2145
7602
7289
2146
4152
6413
4207
8836
276
6559
3267
7287
5781
3601
8883
4338
602
5320
7978
666
4221
9703
1589
497
4668
8265
3067
1610
3839
5409
1469
9000
1216
289
3825
19
8149
3434
4175
4174
8766
5760
6050
2776
7803
2340
5861
461
327
2575
4152
2202
6541
9584
2910
5059
5609
5833
7896
4689
3018
8094
2319
3434
5300
6848
3041
1915
9689
2660
9801
3808
1679
4116
1967
1155
4379
5154
632
6042
1435
4773
9993
6558
4469
8939
3266
4132
3107
9305
6077
9934
3754
6491
5309
5003
7470
8227
84
4146
2603
3377
9014
8579
4712
5801
3124
7403
198
2079
6916
1867
4382
9318
6798
6774
9125
973
6136
7011
3612
284
7543
6706
7071
6121
6275
3229
1746
7403
7856
159
8959
2756
3231
556
399
1238
1887
4937
3479
5530
1793
5960
5738
8777
5321
8204
7030
9583
2542
1719
641
9296
583
8339
6761
452
888
8843
4245
6956
5524
8539
9151
5200
4617
7107
4934
8890
9707
8695
4665
6436
9182
7600
9485
7608
6727
6746
6343
4288
3600
8524
2218
1559
6807
8831
8052
4564
9328
1509
2817
8101
1732
3420
8557
9400
7576
3306
2625
3554
4047
3626
3123
1501
3351
6318
6364
2474
2202
4683
7114
3598
6235
4268
3214
6541
6091
1144
3518
8231
8283
6013
7431
8823
7133
8361
986
4853
3976
9649
9702
3637
8516
2701
3266
5101
2374
1823
1146
152
5505
9427
9063
1316
4521
5016
7192
3484
424
1194
9463
8824
2791
785
2995
8963
7143
4227
8463
5064
9939
760
6545
8079
2944
2528
3114
2915
3784
1006
7767
309
2506
1911
5520
4328
3114
6932
3187
1649
5828
4637
309
7515
3172
449
8041
5476
4085
8906
6818
6415
4142
6343
3241
7298
1491
9270
389
7590
7858
6214
8007
5210
5686
9670
7230
2113
1574
9688
8344
4577
4658
2202
5955
5031
8334
6992
8551
4256
3978
3835
8459
7352
170
1787
8357
5898
9424
5843
7156
4844
4948
4678
608
110
5780
7903
9271
3367
6735
2540
8315
8870
6661
5948
275
6128
8959
2015
4056
9643
9666
7716
2815
5357
7023
1162
5961
2324
8761
7855
225
507
5145
7217
494
358
6473
6303
4858
6896
42
197
3855
3586
9381
5888
9503
4563
7167
131
1046
4831
8930
8312
1272
5918
1240
2207
2985
2515
9106
7351
2603
4918
522
1739
5883
3380
6482
6476
5405
7128
2364
4983
5101
698
9002
183
2715
7710
7174
3686
4989
3667
4594
5797
1536
9638
5548
9983
8859
7269
1168
468
1369
1540
8387
1932
6116
1951
1293
8233
6614
2562
1386
5413
6330
7606
3075
5021
4240
2655
8324
7001
6232
7733
5529
7523
9147
6733
40
9688
5875
8029
5010
8364
4540
5148
9430
8922
9315
7937
967
7690
3246
8989
8258
929
2452
6801
6933
4465
9919
5642
2223
3443
485
9702
9794
6533
4044
7177
6591
7794
9745
9140
4072
7417
7679
6863
3641
7595
1001
3023
1258
6351
6551
6076
8982
1127
5566
6979
9947
559
1036
6051
6190
2705
200
7876
214
311
9584
390
2973
9584
7140
7799
441
2312
3822
4965
9877
9069
6515
9207
4561
7451
836
1314
7350
3789
6553
9537
3605
1254
8686
8419
8534
8689
5528
4842
3035
3440
6025
8861
3627
8689
3073
2143
7584
4034
1491
6773
1612
1343
3428
492
9596
2334
3381
6522
3677
6662
8887
4264
6220
2270
9232
3296
1988
1579
1227
4035
3137
9605
806
5152
4475
2496
9307
7930
1962
6913
6653
2899
168
7399
8753
1831
2902
8107
1423
3013
42
7282
2798
4485
9663
2786
397
4822
2369
633
1408
2410
4054
8782
9646
2102
2253
4610
6604
1447
6805
3648
1263
3186
8846
5682
2988
2291
7645
7025
6925
1177
5121
7310
7581
9602
7047
7840
1800
9414
5516
3524
9526
7897
603
2260
5209
1801
812
5403
9730
3837
2657
851
4153
1794
7322
1427
6474
3301
1023
3571
5373
4777
1132
352
1999
6961
6587
4564
3667
7125
2068
4013
6807
2056
1452
2920
3831
1105
3045
9325
7928
8414
3160
7704
6207
4379
4873
1146
9673
1875
4762
6172
14
8358
2390
6802
1641
3817
650
6722
3278
4574
6147
2616
461
2138
2816
3987
5624
653
1678
326
9485
8673
7217
8188
2265
2277
4747
5661
3108
3960
8293
6749
5948
8053
1451
3202
645
8704
4075
9727
7176
7984
6532
9529
4268
3960
8480
1915
906
6983
7195
6254
260
7287
7726
6730
2629
7464
9630
8768
5917
5897
8675
9030
7484
3613
4122
6262
6640
3265
6787
3798
3307
3090
9821
7692
7052
7188
7266
9799
5258
1970
8606
7044
3675
6523
182
8028
8758
911
267
2367
2777
6868
7189
5563
4306
6263
4025
9515
4518
8248
6995
1889
3544
3079
5131
4407
8168
327
2055
2489
8920
8396
615
9887
585
7679
3542
3669
1354
4081
7880
1884
297
8247
6928
4107
4743
1840
3178
5259
6442
8195
3424
5611
6612
2389
6350
2684
6431
8391
1361
4362
877
7796
8677
291
7388
8550
5370
5548
2390
8037
1235
556
8370
416
7876
5924
5791
9584
2944
739
5910
9817
9907
6111
1743
6205
5476
2614
2765
4775
4138
5253
2671
6701
4840
1653
8186
335
3144
2926
2041
2265
7751
3813
1856
2249
759
6921
7458
8716
5038
2517
4243
6422
3353
1321
4557
904
5488
6358
3729
5273
8714
4824
8189
5324
9043
3005
5413
2573
8638
17
6827
9871
8960
2866
4149
5216
6604
6625
2669
2034
3619
1617
6827
7226
4305
7948
157
732
3548
6820
4482
9703
7254
2035
3271
9281
6687
8853
3878
6732
6154
4225
3417
3204
3958
6511
4187
5520
3077
1037
5048
3302
1570
3919
8730
7899
1469
2037
2934
5805
2906
1664
2385
3113
4198
8558
3519
1089
3616
9828
4522
4136
2978
1564
5395
7824
5127
3717
7393
6210
1722
7667
8836
4591
3260
6297
2003
164
4294
8336
1657
1808
4551
7062
6498
7845
9691
4189
9314
9651
918
3437
2060
7936
1854
5238
6462
175
8680
719
8744
837
2564
1117
6770
9232
6870
6162
6050
4443
1311
2271
1866
9178
1755
9467
9880
9979
365
5249
1595
1735
719
6922
6866
2579
6214
4415
6730
6242
5970
8801
6044
491
7577
8388
346
8205
4509
6640
3886
2360
6182
6283
8312
1810
7886
8091
462
6490
4767
828
3360
1896
2142
7411
5953
8225
3247
9585
1208
2973
6298
9280
2042
916
7049
8532
3583
9914
6913
2989
4326
5749
9938
3042
8182
9549
4360
8902
251
4185
9572
7005
8420
5876
9228
6972
9713
1004
7444
3068
2958
4050
5226
253
8210
8415
5577
7712
3766
2131
9560
8855
403
4858
9926
2964
8345
8123
8899
8068
7091
4198
5672
9473
756
9602
2091
6136
1996
7656
6342
4032
3367
6922
7047
1060
8953
9703
6766
1904
5585
3924
199
4792
8798
8541
8257
6297
6249
6300
5664
4243
6659
6422
4237
9113
9507
7597
1425
6458
8852
7428
9829
2563
8981
704
7068
510
3746
8931
7202
3894
9936
764
1806
1107
8367
1123
3714
9509
7390
9382
8286
1719
8962
7068
1659
2316
5756
9950
8237
899
9697
1359
9669
2064
489
6468
2432
7237
3055
5974
243
7936
476
8425
4425
6617
9717
7245
8670
7498
4759
1392
9761
9289
6047
653
9187
5623
7128
7509
6499
4017
5984
9756
5092
8074
9528
4058
6669
6480
4170
2175
5997
4138
2967
4285
1640
1814
948
1978
1473
8021
8198
654
6129
6769
9331
5780
57
5161
743
5683
111
3868
3610
5622
7334
1971
4686
1254
5860
6833
6203
6833
8625
5772
7967
1036
9018
7199
8737
7294
7713
5620
88
2451
6922
808
7787
5583
8088
6185
5871
2087
638
9973
1989
4669
2715
5622
8208
8256
1681
4986
8231
3
2429
331
276
1381
7296
2462
2723
8498
4348
1275
3033
8356
6417
5603
3679
1926
6024
432
3300
3060
7895
3398
5991
5948
6015
8114
9809
8050
909
7874
5349
6437
3466
2988
633
9726
7218
8263
8300
1287
2931
7078
6767
4479
6358
3
438
5751
3955
8580
231
8352
723
3233
3162
3605
7418
3945
545
9811
5293
1524
1669
1104
3490
2368
4806
8625
9211
2802
1600
3401
4237
9455
9313
4641
3278
1915
7408
8774
536
4797
3943
4608
7128
7154
7040
9577
708
6229
8257
8118
4158
1468
8148
6685
6197
7831
7686
3920
8521
3979
6184
8610
1881
8205
7254
9949
6793
1113
7189
4307
2454
4311
5320
6875
4296
9355
9671
1987
3157
3646
7526
8350
2753
5308
2077
6432
8977
1169
8873
2606
4368
3612
4791
7937
9607
1065
5901
5422
1864
7943
5352
7794
5003
5956
6112
7935
5917
7385
1768
4060
1470
2157
7536
5931
4934
5439
7146
2975
6795
9107
878
4309
2144
7202
4155
8475
1271
873
1296
4703
2584
9706
3663
4486
1528
5658
2403
4554
2723
7230
5341
8218
3080
5422
4727
1726
3624
5899
1150
4332
8211
852
903
1938
3808
6720
3496
8095
5192
7208
5706
4176
5147
546
6278
9973
4444
5770
6460
4997
4400
8202
749
5246
5107
7373
98
7285
1719
8443
822
4812
5431
8050
6718
6913
4961
7481
3019
3718
1397
5751
8948
7168
863
8569
1703
5490
3836
4552
707
7264
1753
1419
2732
3461
9942
9856
1581
4536
8599
1731
667
1417
4300
6003
2704
1499
3498
5541
6999
7423
403
1224
8178
1333
5385
8957
7795
9886
8016
5705
5023
2359
6461
9400
2054
9761
2002
2340
8276
5125
4852
924
238
5370
81
5317
3650
785
8953
232
6235
6573
5337
7248
5223
8112
3316
6110
5130
3945
4417
8741
5486
428
7243
2051
6016
155
7699
6831
893
1386
4480
9728
4908
8980
2045
5653
9456
4291
2604
3848
4399
3617
6669
9745
2633
527
7456
1694
7143
1752
1428
3316
3350
6902
6685
886
1370
4516
4375
2860
3678
5899
1406
736
3573
4216
8404
3567
7990
209
97
2752
9773
1110
2721
4573
1894
9913
8332
1242
9322
5074
4641
2264
7081
3146
6108
3415
7564
7552
7039
5779
3154
8653
8612
5414
782
7070
8389
1820
3762
7465
6426
9701
2258
1110
5258
9328
7480
985
67
7020
2004
1397
3468
192
946
7285
8538
860
1045
7459
6114
414
2242
816
6731
5807
1772
7991
992
7046
7901
7785
5512
8951
9813
8578
779
3930
9449
5673
8263
2429
3833
5654
7033
9044
7265
7102
2275
3435
5000
7310
7984
3476
2751
2874
6687
6409
4643
7554
1948
9507
1237
3809
2668
5208
7507
5688
2627
5632
3952
2277
4539
891
2031
5434
3361
5899
6747
9699
8449
2284
7397
5916
192
2766
6840
7619
6510
7860
8589
41
548
9847
4122
5292
1894
4045
875
2346
8323
6593
4865
7539
9837
8724
7948
9329
5321
8622
7314
3093
5645
1390
1293
227
520
2054
9013
8364
8316
2075
5759
9742
7378
8058
8540
9568
3373
3941
3252
1173
5537
4833
3659
8153
7464
5724
5759
5791
9093
3349
1229
5866
1727
2596
1418
6259
9778
5189
8774
6097
1766
5122
4871
5414
2406
4193
6542
9510
6822
6620
285
309
292
6144
9150
1004
5882
3481
1181
4751
9863
1716
9041
4418
1867
3860
8843
4906
2806
8424
9998
7643
2351
5314
6630
4637
262
2568
7713
5571
8619
6713
8753
5978
3385
1901
3077
2310
679
3913
4547
7047
8663
3435
4650
7132
600
7763
3241
8792
4015
9347
8509
8427
8096
7750
5084
4540
2027
3670
9075
6781
842
8068
9656
7446
6962
9956
2856
3140
8372
5615
7620
8249
8053
3753
7315
9505
9736
6064
5604
2066
2818
1968
9205
840
7260
9200
9488
6045
1317
4776
3371
1451
9176
9342
6446
6295
6416
8133
4304
2913
8284
5971
5676
6970
1956
2253
2030
4246
1972
9585
454
777
3598
4493
3191
3612
3084
53
7826
2248
8982
7085
8998
8838
9373
4320
1276
229
8107
8461
8434
805
4225
2456
4193
1119
9745
3291
9898
2076
3494
1053
1033
8569
7918
3135
1346
6130
7419
5551
527
6739
3845
4793
7392
7122
9212
2623
2086
528
2281
8448
1544
958
8054
7924
5058
5422
4762
2205
3386
9481
3230
9248
3906
4391
2315
6970
6562
2309
3667
8808
8478
298
8621
2184
7234
3014
1802
1481
5598
4214
396
7041
999
4291
9134
3832
3679
5404
8794
339
313
6594
7060
8094
8993
3873
5196
8065
5492
9299
5751
4920
8837
6780
9245
6074
2269
7442
4729
8077
9045
2193
3093
7181
4579
3515
3034
6374
2961
4145
5143
5016
285
600
9439
7193
2579
7649
9617
4202
8816
5571
9615
9763
4801
6387
862
7502
4622
5407
8392
5154
6437
6933
5367
8790
9188
1256
8337
254
3062
1369
1073
9205
8013
2506
3746
8365
2458
290
6214
4393
612
1106
9754
8478
2654
5148
7349
8985
3832
2677
2245
4928
7665
2066
1979
9997
8668
1427
1550
4074
8875
3476
118
7781
6485
9147
3127
2394
8445
6400
3808
7327
6861
1086
2116
3950
5705
6183
487
8654
4101
2543
4277
8489
5081
1389
7437
7963
372
1439
1652
5798
8308
4946
6844
3956
3349
7534
6058
3035
6207
739
8312
2382
8991
5722
9553
6373
7565
4216
2352
2224
9746
2730
553
9694
697
6765
20
5351
9212
3706
9084
4031
2970
8452
2904
7910
4757
7161
5608
1889
4878
8004
2239
6781
6089
8989
9986
5895
9293
5258
5843
9702
5873
5334
3012
2449
4094
7809
8051
3878
8719
9070
3291
2596
9762
3048
3062
4168
3836
335
9372
1818
6457
4987
1233
4829
4769
3624
4322
9827
527
9038
443
3747
6408
4477
3691
8802
4041
4014
425
6311
4924
2834
2020
4153
5509
5167
2846
7956
6738
4367
503
1958
8720
2260
2091
3331
7058
823
8640
4994
3806
927
690
659
8473
2888
9433
3835
2607
6448
7779
1813
2674
4954
4348
8534
1866
1264
908
4017
7413
6040
7414
727
2404
2960
2145
6546
9161
3497
6498
289
5567
5170
7866
6396
3010
5996
4829
5940
94
8645
551
3822
7058
5891
2726
7952
8757
1385
6836
4176
4257
7724
5080
2685
8477
6045
393
4359
5564
2942
8419
7832
7641
8318
6856
5148
5877
5358
4063
9907
8076
5320
2062
9719
3432
7801
7849
7013
4751
7563
3185
5923
3182
5766
1903
1240
2383
2855
8615
6047
3296
5058
4590
3542
6413
4946
7959
2804
8224
201
1635
8639
467
8535
7525
3455
323
9819
2894
5626
6673
9776
6487
257
2349
1591
5220
7629
3922
7897
3798
7753
3508
3284
1118
4143
9114
6810
1267
5333
948
3704
6580
2593
3487
9918
6353
4734
1174
623
8670
8841
8262
3058
8724
5171
7271
7840
8080
1789
417
9426
5349
2877
6525
2910
4082
9227
9278
8306
8684
4061
7295
9641
2874
6393
2359
2206
9321
292
5924
2420
1340
5006
4445
557
7397
5799
8097
2857
649
9097
2363
1639
520
2286
8215
8130
2725
3317
6595
6953
1827
3232
5399
4986
5282
990
7976
1040
9895
6359
1328
7974
4611
1644
2736
6414
2965
3494
6217
729
2933
3098
4621
1594
9553
6370
9017
8312
9301
9828
1295
5710
3993
798
3998
5353
3321
7188
9132
8531
808
7918
600
8062
9266
3653
5809
5247
409
6312
8933
2602
3481
2097
7184
1407
8599
8285
3040
3663
372
5175
5818
4782
8755
1870
7285
8855
4572
6221
5366
8875
7807
5751
1639
4149
9142
858
5725
8333
7081
2712
3534
8786
1660
7830
5772
153
8362
3517
8436
6841
6115
2044
1790
3082
4877
2292
5222
554
9558
4053
758
2951
607
7650
9286
4201
4922
617
1845
7541
986
7963
6703
7812
2044
664
9629
6466
4589
5019
8817
3286
6263
6588
4369
4004
6445
5693
5556
6657
4633
3788
8757
7310
3886
6494
9388
3877
4029
8315
2504
102
1014
8533
919
295
8598
3171
8660
5497
2750
4606
184
2661
9582
1767
7084
2986
6136
2210
8164
1840
3149
2515
2492
7456
406
6106
9852
130
3897
1111
7015
5260
2915
8935
3095
8629
5063
975
9986
9985
1373
4754
32
4221
9026
3611
4282
75
1536
4153
208
3141
7021
3292
5787
4932
8254
2870
2338
4099
7109
2562
552
5319
7333
7269
559
9174
8908
1160
909
3808
7920
9569
835
9996
4592
9931
8860
3352
3725
4850
3228
330
4604
9324
5786
4614
4636
1542
2058
5950
1505
3528
4642
4458
9913
7714
3126
7419
4757
2053
5440
4364
3551
4469
9587
7056
1988
7971
2889
6549
8955
768
7013
8210
4077
2115
3197
6555
7898
2894
1644
5820
6892
100
3550
8400
4078
1557
1370
6045
6448
8621
9434
6425
6071
1093
1343
9241
4358
9039
2443
127
217
110
5197
9783
8557
6418
8772
7959
903
543
5113
5356
8533
1255
6709
4870
2162
1275
233
5604
7059
3614
4072
4438
9511
8133
1316
5518
96
921
2625
263
8829
5699
4615
785
6872
5843
5609
6325
6416
6285
6920
3216
5653
5652
7757
6382
7762
936
9315
3365
5460
4991
4479
4026
2844
4143
7892
2970
6970
4527
7248
8870
2161
7986
3191
5103
881
7484
939
293
1048
4706
3205
2373
1988
660
895
890
6783
5096
7067
3235
4280
2022
6863
1215
3469
8867
7192
966
9921
8909
8854
6484
619
4655
1338
6780
585
22
3953
695
5284
1136
5463
2717
485
8942
9122
1298
3318
8722
9757
9090
1926
7793
7551
7260
3906
1727
7152
7318
791
3722
7842
4295
9591
3551
7729
9888
9518
8407
7280
3406
3290
5769
5801
6376
816
9474
6139
8343
5576
3018
6671
4363
3115
3770
4914
1844
8494
2948
4731
9941
3141
3837
8999
7038
9336
9441
8752
8449
4473
6795
2074
3788
6796
7827
2361
3750
3086
5838
2376
8555
4093
5031
3659
254
2043
6743
9087
4213
6822
7374
7975
1914
2339
2022
7399
2720
9793
8780
7640
1427
6853
8184
9796
133
6590
9999
7354
3704
1655
2871
6075
32
3595
8447
692
2855
5883
9600
9643
9183
3212
7638
1370
5738
4500
8425
6137
1535
6505
15
8557
2094
8405
4796
7407
2023
5571
8947
3023
9449
3829
3402
6056
6940
1642
6547
174
3152
4675
1206
4203
1314
1156
3702
8568
7791
7352
7823
4376
7605
1204
8767
6359
173
5861
2265
8519
5046
9349
544
1679
8236
4581
7852
3125
1900
1249
7468
5223
8680
1180
3600
9040
4211
1279
4699
3041
3717
6022
2127
2619
3522
1129
726
7052
436
7666
3359
8866
6625
2869
9140
9320
2639
2582
8066
6445
8646
2611
4388
7482
5147
7649
1769
4280
4866
651
5555
4868
7645
2407
2440
7872
9691
7903
9140
7208
5084
1151
928
5057
1020
5860
6357
7180
1737
5526
697
7563
2827
3214
593
9820
9583
4130
5043
9854
9277
3015
610
7558
5292
2759
5175
5709
1114
8967
4755
5662
4212
1879
9468
3268
449
4134
7439
4636
8527
7873
5795
210
7446
6181
950
6361
4119
6514
1622
6381
6864
6021
8296
907
307
9087
2017
8052
6999
7066
1087
4901
9159
3327
2624
6736
8491
8881
4897
5470
9107
7019
5208
9432
5617
5691
2391
4672
2202
5975
6247
1199
2801
7149
4500
547
4430
440
9869
9581
8106
6082
8010
2777
5680
3747
2148
4899
1668
9165
2417
5996
224
3226
4835
1494
6826
7973
4469
1335
3427
9095
5010
4931
1152
6508
9834
268
8506
3537
5240
3441
4544
9053
1377
2360
7550
2292
8543
7085
7012
7027
6008
5342
2361
6413
5369
2843
1482
9801
1060
6966
3786
4559
1927
2218
6713
1250
5393
1678
1401
1866
5269
7685
6004
9632
8254
6776
2520
9601
3330
9296
316
7002
8282
4986
4361
4924
3082
3083
7735
6556
9045
7196
4437
4618
1137
6810
415
6340
6861
9721
8119
7713
5183
5647
1675
1497
5687
5057
9987
8714
2402
7524
2018
550
2463
140
1758
6525
3150
7771
8515
7600
925
7867
1221
944
3220
4552
2846
9656
4723
2157
8424
1511
3651
5913
7810
8655
7027
1455
242
2350
3341
3347
5375
5042
3597
5784
2060
3914
3340
7128
5847
5800
8875
7348
7562
7579
7074
4949
6760
906
3232
8374
1387
1791
6735
3269
3149
9127
9644
4342
6629
6590
3044
9335
8169
308
5480
3278
332
1610
9551
5494
7681
5911
2046
1969
572
9999
4168
9706
6698
6328
368
5636
778
3410
960
8528
2117
197
2271
8949
3629
8698
3457
8829
1502
7361
9608
4767
8359
6313
2683
3805
6847
4555
2870
5023
2601
1287
1001
7205
1407
5985
4893
5205
4126
8409
2009
9674
5388
2608
8440
1364
9719
4253
5742
1547
9236
712
5660
9801
5811
2225
3237
5365
7413
865
3766
8177
3951
1222
7797
5687
3068
2687
706
7173
6160
9715
9455
1889
2391
2911
7545
3055
6829
3635
6371
5271
5466
4678
9329
8704
3140
5793
3081
6537
9947
3211
8205
4240
8802
3075
8483
2416
6311
7090
3178
9420
8499
2264
7596
6397
7760
4148
3804
4630
3903
6889
3448
866
1607
3394
7964
1125
9188
8727
9501
4973
9196
4709
8180
5989
6469
2807
1336
7998
8998
2334
84
6650
2969
5929
2759
7624
9747
3175
4492
3
8545
2005
5435
3514
6746
9329
5394
3044
4274
2569
60
3244
6002
8287
8218
570
1556
3550
9367
505
9340
1296
8865
6073
1125
4599
2803
6394
9526
2886
6804
2655
9374
2520
973
4175
9959
1726
7997
1843
3793
5577
3062
9782
1796
6632
1575
2895
9560
3218
6510
5175
4166
9812
9814
8115
3443
4520
2576
5675
1372
9177
3857
8400
8944
5769
726
1259
1567
5850
6828
3498
9675
156
8225
2242
846
2886
780
4456
7280
716
5504
3430
3004
2861
9350
4674
3398
4830
5240
653
9401
9706
3745
9793
9348
7039
7573
6730
1687
5885
7540
5710
3168
8394
2370
4837
1730
6737
4591
9624
9128
9486
1729
8980
7517
7860
923
3897
2908
5171
6151
2200
6452
8507
8605
8900
8915
2492
9112
4362
9464
5620
6816
4670
9386
362
7448
3905
1281
2724
7678
4136
7173
2578
909
860
2042
4793
8878
8760
942
2674
3019
8244
6859
4870
4815
1482
2635
1270
1729
1763
4393
8242
5807
4294
2942
4971
8254
5444
6484
17
4199
2558
2460
2924
7458
9448
5010
5042
977
9149
5533
8277
1322
824
3084
3236
5072
3440
4298
5728
2695
777
1708
9581
9326
2627
6973
8946
605
512
4001
8055
1056
9683
9687
9544
248
1419
4706
6806
1738
3595
5194
162
4688
3942
3495
8737
9693
3460
9547
7679
6765
9585
2943
8366
9331
5738
8615
9666
6925
8937
4702
962
6416
1267
5142
4411
6468
2582
6094
7798
3246
635
6812
1595
4330
4504
4996
8671
1445
6747
9862
9904
98
5751
3313
190
7693
2532
1080
3830
8156
6740
6983
5797
8988
3428
3558
1352
6080
6427
3361
1006
684
7759
2444
4928
3023
5217
1955
5150
5173
5801
7061
1383
9302
3441
1299
3373
8292
1653
7349
7537
8
5465
1824
6748
9888
2871
6798
9621
7850
6778
740
1005
3313
7347
648
8825
7174
188
6433
4930
9115
1447
7768
8627
6351
2169
3791
7779
5421
408
8741
8337
2867
5479
7193
8486
5262
8488
1994
5217
980
4009
863
8579
6527
4235
9004
7158
1288
6012
3935
1163
8286
6306
9687
7997
3939
3435
6622
2189
4010
8900
5527
884
8528
5889
3554
7918
5677
5234
8545
8568
2476
9190
7636
6435
2779
5320
5675
7186
2967
3993
6107
9936
70
1707
2726
8296
9260
9992
3879
116
5541
2699
973
6229
9323
1792
2429
1613
5197
7665
4619
2958
1492
2855
217
8258
4675
4917
6595
3763
4279
2958
9005
1032
9545
3187
8830
6847
2734
5381
1271
8209
1973
918
6205
4379
1038
8990
4919
3941
216
686
3228
7444
5105
4624
907
4406
6021
5414
4648
8287
8160
9615
6753
6632
5081
6974
6401
8108
422
1901
8374
9177
341
8845
5699
1789
3700
3656
669
1681
1358
1851
6963
9756
7803
3275
582
6698
8960
4352
2411
4247
5096
6661
8524
5517
7014
9461
7306
6666
754
8026
3035
6761
1353
1377
5236
3271
3188
6266
8528
151
7432
8567
5343
7002
260
8926
357
9994
2014
3512
3820
14
9930
5016
3961
2340
6663
1299
9567
282
8221
9932
1465
1577
3919
9969
5378
500
7848
2133
4239
9423
3166
6683
8712
2863
7003
6132
5420
4382
3274
5373
8294
1051
41
6133
8700
6065
7
2931
5216
3564
3617
5493
9139
9501
7755
1715
2832
3936
9265
1663
5597
9335
7648
1494
4742
5611
5966
5729
8451
5233
2251
8898
9399
972
7746
1332
6461
6224
228
7152
5747
7113
4594
5802
3469
301
762
352
2941
5450
3612
261
2264
5910
2048
4471
7320
1297
7054
6570
4548
9259
9080
8554
90
6385
4149
3531
4468
1007
8336
8651
7015
4727
4657
6291
4669
8969
6173
2776
6363
7212
490
7739
7742
6168
6070
2922
30
7802
4365
2982
1561
3608
7611
8188
2650
2786
9799
4758
2985
6268
6663
38
5058
1795
5312
150
1333
7608
5982
735
4977
3691
6011
9385
5493
703
2819
5144
4170
8698
7921
2802
4321
4384
5440
2421
6234
650
6635
9311
6544
7052
6289
6024
7608
9496
1991
8930
8377
7174
5455
1603
1905
312
6454
9895
4933
4898
5063
3219
2812
5715
1761
2479
2809
8044
815
3775
5946
2428
3480
6164
7048
464
7720
6453
5944
2162
3991
3789
4300
4850
8110
2037
6774
4316
1786
7636
3004
1677
3753
3408
80
5895
4271
4680
9804
901
8108
7849
7413
2977
7807
6485
4622
8022
522
9184
7844
936
835
3174
8606
2261
3317
2040
5879
1292
8163
7867
932
9787
7060
2474
9771
1338
2601
8768
5335
2373
7669
5686
6218
3740
7812
9177
1826
986
1356
9340
9856
820
2849
7400
9414
7662
4623
1880
9996
2506
4530
7961
3187
4096
5400
2354
5256
9091
1224
7032
753
83
5194
3435
5753
7762
2672
4859
9808
470
2582
3781
4088
4241
9904
2303
3257
839
1811
268
2032
6877
5134
762
7558
7654
1760
5777
1667
4464
4854
321
7746
1515
9010
596
7761
3483
5969
5785
6744
1757
427
8190
4451
9017
5984
4903
8184
1667
3430
9205
9469
8232
2297
1258
7383
9897
3344
8154
719
78
5176
2962
1465
7406
3015
1897
9698
5335
6147
3143
1129
8483
8646
9649
4522
6779
4871
5491
6042
4321
3397
7410
3335
452
8033
5206
654
3513
4220
9775
6625
477
3058
1377
2718
1036
6744
24
3089
3531
7029
4908
6468
2113
4998
8799
4734
4627
470
2755
1642
5542
7565
5911
4530
1611
2948
4901
3511
9099
3990
5924
2564
1845
6312
4136
7487
2912
8219
6010
1722
1437
4387
5821
1184
9356
6543
5735
9673
7042
6790
6437
6669
7942
6225
4462
2293
5275
1377
4226
9364
5593
5282
1369
8939
9516
1414
6037
3818
2472
3365
7519
3698
1988
1552
52
3997
1887
9645
32
620
2961
7758
8327
9341
5033
7725
8125
4904
2232
5275
9832
9653
9868
8747
3059
6118
1914
1174
899
6362
987
5826
7828
7077
661
7053
5320
1539
7436
810
2461
8671
1471
8848
430
5582
7145
5642
5343
3642
5079
993
4126
5502
4125
6806
2076
7190
5720
4508
3469
2493
2092
9913
263
9395
9080
9899
4876
6268
1918
9861
1995
3082
3927
1208
9434
2880
8839
4697
8856
4782
9355
463
1329
664
4577
4345
3574
3644
9859
269
40
9890
8820
6096
4605
1553
936
8196
4849
2187
2298
4401
8836
116
5595
3330
6677
3990
3834
506
7980
4462
7352
1518
187
6446
1751
5752
3207
3568
5268
8196
5171
5809
6512
5464
3605
5307
795
6500
3380
8082
3156
5582
7839
4376
6289
7939
7931
4037
4459
1202
7360
2351
6081
2477
5928
45
1694
5184
9934
2605
797
503
2058
6369
8113
7051
3475
7066
8390
7492
1915
8494
3886
9597
6670
8628
9897
1433
3324
2089
4048
9698
6140
6050
8763
6379
2638
8734
798
4075
8290
8803
6576
7593
6999
6602
441
9275
1946
7982
3830
8628
397
5135
8570
7112
2903
5955
39
3836
4824
7121
8988
5589
6568
2765
2903
5506
228
2956
4378
2338
5804
4111
4655
9791
1190
3038
6928
9394
582
7821
9528
2310
9661
638
8081
8102
7516
4096
6136
3021
2534
7021
8199
6164
6718
2233
5481
3476
7341
3236
7599
6098
8395
5531
2143
5426
4
2033
5769
6536
2257
236
4194
9906
5088
3355
9880
1057
2980
9559
5
2581
1499
5646
5578
862
5975
7355
9983
4952
9922
4542
1875
9338
9472
3982
8276
6914
3179
5644
9255
1842
9614
3677
3977
7092
7929
1499
1449
8720
1965
4071
4679
3020
4500
5926
9994
3611
9927
3618
5635
4758
9411
5047
757
8529
6283
1065
1777
4582
4862
5252
6508
4777
960
5331
9781
5588
4346
179
2885
6733
4623
7981
9927
3341
3409
3280
8780
5474
5119
7219
2118
2109
1444
7588
6536
7926
6600
3738
786
6273
8250
1330
1827
9655
1220
4698
53
2550
4231
1181
7907
1036
769
2352
8094
2573
2894
9544
1273
3293
8103
3154
4223
382
1187
6562
1481
8243
1489
5524
9439
8004
342
326
422
5919
1374
8085
1525
5718
539
1641
7142
2172
2047
772
1657
1943
5230
4355
9354
3439
7745
1615
1614
81
8417
5234
7325
7119
800
9716
9529
9935
8927
8283
5685
304
5904
8841
9101
2789
9155
3705
1035
3341
10000
9981
4853
3523
5358
6584
2306
3324
2838
4120
3979
1226
7259
7489
2388
5919
5170
9057
2188
2273
740
4802
613
6301
4341
5589
6660
4891
4395
9373
8877
7978
2797
8070
1181
2309
2692
8400
3448
979
3563
7263
9760
7405
9748
7842
7375
8906
111
2045
7298
723
7594
1393
9849
8999
3561
6043
4942
2921
9981
5636
4438
1733
9444
6942
731
9762
5339
9091
4072
8849
1486
8665
1096
4699
4661
1449
1684
9927
1722
1827
2691
9664
2359
9554
7628
2469
5344
906
8854
2384
9971
5023
9064
6833
3855
2614
255
2775
5713
2797
3338
9255
3482
9333
6124
2140
2076
866
1041
3818
4841
1457
1708
4886
6020
9326
537
8870
3285
936
5664
3649
3636
7026
7831
9482
9035
1627
1481
1988
1823
6496
8630
5192
5586
5707
4955
9630
9608
6729
2064
5283
4777
3331
8369
8080
9700
6637
8071
9217
233
3513
9675
8099
6407
4724
786
2296
3193
8547
2598
8238
8592
7769
6501
2379
1911
4263
3385
7472
1415
1294
3921
2716
2034
6866
4196
7726
4696
2819
9506
3276
1267
7576
5121
4183
5942
373
5996
7992
8054
9452
6689
1469
2759
5120
859
2660
2208
2852
3630
1670
6411
9850
5082
9801
4610
8119
8364
7177
4971
8499
8639
5932
8652
5361
6090
7674
559
197
5443
6920
2101
2356
663
6783
7773
307
3760
4946
6714
4892
9996
524
616
6207
2415
1951
1145
8166
9605
9362
9776
2520
2226
2065
2249
8955
4997
5404
6590
5540
8013
5040
6477
8350
6524
7178
5741
8499
246
475
2129
3183
5203
7577
528
7880
5888
9103
3274
6271
6899
3727
1281
7297
7345
7913
6003
182
4727
6554
1417
2817
6207
2333
4613
9239
9161
7513
1639
6579
4682
239
9354
2426
603
813
7450
3727
9221
4801
723
4231
4965
4595
8004
2179
5230
9885
912
1222
9357
9723
1756
1302
4399
2188
7087
9098
7647
7426
2762
9643
5207
4637
2897
6116
8263
4765
8446
3719
2364
3539
571
3235
8381
5931
8101
5892
4339
6834
5350
936
1708
7880
560
4734
1255
6261
6661
6687
8751
773
3117
8805
5305
7547
8961
28
7256
7625
3324
13
5388
3898
8953
1467
9220
2490
4483
5794
1596
6093
8609
4181
1441
5677
9228
2272
8043
1840
7710
6074
6201
6537
4151
1826
1408
1973
264
5430
734
1715
9099
5709
6189
6676
3293
8675
9185
3976
1894
5471
6160
416
5447
8779
2308
6170
4435
2736
8370
9808
155
656
5478
4542
4594
1671
877
765
6008
6090
7774
3159
5740
9388
2012
4311
8018
6169
1098
5055
6044
1143
7613
8435
6713
6612
6020
8889
7615
8203
1952
3856
2443
295
5595
1553
9139
6247
1912
1790
5370
9569
3812
3273
4540
8142
7347
790
3531
1520
3002
7338
2327
1852
213
9988
9280
8473
5985
2955
7817
8757
7925
8452
3227
8395
4249
2567
9425
5942
4525
4447
6799
7991
5463
8159
7261
3130
9689
3543
9025
2282
5935
4314
2325
6938
2013
9050
6547
8485
4381
8016
5673
308
7488
9762
2285
3171
1256
964
9379
3330
6978
7225
5631
7698
8417
8703
6972
1651
8402
1861
4594
2804
2697
5942
7895
3257
8050
1889
8970
3973
5928
3236
6934
7009
6906
452
546
1427
9641
2676
5826
298
9516
6186
300
1278
9302
7951
5123
6331
7128
2957
5063
7118
2421
7441
8568
5003
2189
745
1650
8685
2055
7141
4768
3747
1939
9637
3329
805
2410
1564
3247
2975
9482
2891
9105
9553
2657
6264
1082
9079
2355
4224
7197
8456
4288
1113
5935
2272
6170
488
6213
3634
6763
3543
7310
2592
2225
2585
7803
5251
6679
6149
6492
6985
4730
1969
9321
6662
6029
112
8915
8610
6544
6595
9936
7222
2470
6348
6324
4599
6379
4186
9300
3174
8801
5913
9525
7036
1723
4862
9251
71
7634
3581
1920
740
9344
4402
2770
9313
3591
4239
6782
2064
5969
2579
3533
4991
4703
2814
2129
8267
4052
6822
8161
2054
6637
5675
347
806
4426
8167
6794
4816
3266
8135
657
8179
5119
4667
11
9885
4883
4435
3297
6288
7379
832
4698
8622
3193
6411
4905
9813
8553
1014
4313
1555
2895
972
8375
4123
7579
2539
5282
8171
477
3985
2851
6065
6955
417
3894
7366
5567
2543
2762
2938
8409
3487
6823
4398
2506
4452
1999
4407
3923
523
2903
3772
2414
7623
2921
5555
1710
4939
9653
1635
9834
7715
4257
851
4152
5311
1730
501
5638
6326
3246
3061
541
2427
4454
3866
6912
4233
5021
3914
2136
8033
9582
5434
3326
2200
2016
8816
598
8691
6388
5834
4740
9467
2656
371
3136
4442
3488
9731
3350
9083
9165
2484
2417
6865
8504
5154
4352
8624
8451
8446
138
6728
4464
3167
8755
8479
7540
7321
1157
2295
9817
7618
8154
2790
5402
6714
197
3306
9531
4909
1103
1903
2657
4262
4120
8884
662
5353
4957
9403
2951
6324
6153
3635
2751
6193
9173
974
5301
9362
1232
2237
3023
2601
3857
520
8777
1644
182
8958
8715
6568
7736
8768
7993
5887
8721
1947
1220
8154
9306
7475
1437
6309
2806
238
8046
1681
4321
6066
9055
1171
5964
176
6839
5305
2589
3971
4491
8836
4919
1647
120
6985
8521
5687
3855
7217
2161
8872
1666
6769
968
7431
7090
8226
8825
3739
2590
1913
7449
6571
8869
4352
2390
4252
5805
2055
4943
2569
785
3091
5625
2292
9308
7065
1486
1742
8604
3041
9203
153
5610
6995
8855
4614
1061
2376
8149
2561
1179
8525
5836
8005
4452
3693
7437
8969
3129
9707
7970
5826
5978
7021
636
9197
64
435
2542
4640
838
5725
6897
1433
2673
5859
5325
2196
8609
678
1666
2029
1978
9309
2389
5630
9997
4404
2807
6691
5684
2427
7731
8280
2263
811
7683
1264
2575
7726
8970
9899
6642
1105
283
8187
9575
9071
9421
6902
5628
184
9244
6148
619
4050
395
8768
3262
1635
6996
1592
4131
9462
7487
2111
9282
9723
6480
8994
7808
9761
716
1268
5661
3625
3574
721
9366
1410
8936
184
113
1634
4069
7261
2267
3486
2978
177
7267
4132
2141
3505
1139
4774
7458
1605
655
7307
8691
3523
4405
403
985
5390
6670
4723
562
788
7828
2421
1448
4393
6528
778
7385
9470
722
7508
3817
5127
8515
2182
6882
825
3104
3882
8080
9200
7071
9638
2013
6166
2391
4100
2071
7879
410
4101
9776
4840
5165
562
4406
5909
4926
9320
5783
249
2137
5078
1497
1014
3097
1797
5952
1622
1882
8698
3948
8285
5120
2381
2783
6424
926
3374
4399
5432
4647
6513
4760
3579
1071
8493
6084
3156
5009
8166
7522
2731
4829
2662
6036
3798
3793
450
8912
6400
4024
2518
2642
9023
9148
2855
808
8944
7618
5293
4218
9016
3183
8969
2120
909
7405
2857
4894
5305
3290
4147
7232
2142
6756
6796
2506
1336
5093
3617
8671
3331
8562
9428
7652
2165
9122
5919
7310
3172
6607
6140
2592
102
2029
5807
2065
1191
4887
4275
9700
9211
7633
6860
6674
5299
3965
7848
1264
259
3265
2192
5954
785
3876
5141
2188
6452
4681
2160
9420
3720
8164
6302
4234
816
5364
1871
1819
276
7236
4996
7078
682
9440
3607
1646
2927
7615
9990
7938
231
2474
179
1021
3564
1882
7422
6046
2189
5710
5263
722
3182
733
1903
2090
6995
1624
1105
3377
4576
5402
6784
6377
3147
2874
4790
1247
5882
1501
9460
9588
9072
7761
5502
3495
6851
4006
6511
2207
4657
1992
5041
5116
2404
1279
1450
9719
5419
2419
8951
3358
8760
2461
8597
8809
9362
3801
7122
8735
2911
7753
5173
2584
4173
9243
1692
6465
7746
469
4861
9648
8216
1970
7332
2757
2922
9566
5277
5784
5403
1128
435
2264
3355
3549
1090
5203
9904
4637
9621
3230
725
1571
4060
3258
6644
8290
2043
8862
9787
6800
4559
6519
2398
6709
8238
8676
7431
7205
9922
8760
7851
6951
1813
6440
6507
8497
7244
6175
4852
8033
3504
9455
3926
7777
4693
8600
1995
5490
4038
2933
7493
8083
9196
5432
3996
1837
5807
198
87
6693
8063
2911
5466
39
4183
84
6169
4102
7501
9719
1836
7684
3124
9307
4149
5061
550
8224
1240
1080
494
1172
2808
8549
4880
4821
2487
1859
1396
5159
6308
2747
76
4560
1334
5536
2711
2037
2101
7074
340
8397
6131
5115
339
7354
5089
4871
8651
3649
3728
6612
5557
6321
8815
5787
8883
6316
3570
5481
7852
7147
8919
9166
6027
1175
4260
172
215
5018
762
7104
6718
4319
3181
3998
6324
8599
2496
3880
799
4186
7469
9412
5810
8884
1546
4006
4988
9728
3566
8290
8216
2737
4737
9513
5810
846
795
1311
9693
8970
3659
6867
2330
7496
4758
4129
5342
3334
80
6278
1130
8340
3856
3603
6937
7037
5211
9253
4732
8416
7592
8502
2224
5739
6921
3696
6348
266
1176
2707
4123
223
8890
6911
3145
3745
3665
5043
3851
6962
1556
4387
7197
2673
4777
1606
2820
156
3183
5017
1114
1219
5637
578
8970
1481
1047
3968
8277
961
5326
9413
2462
8924
2044
6989
9690
2920
3709
1519
3439
4188
1032
8952
7159
8025
8583
2535
1068
6184
8091
7951
7318
1190
120
5498
2669
7238
4726
952
3832
6130
4925
7291
6272
1683
3198
5551
5947
9480
8409
9601
7341
8732
1396
2957
540
7827
116
3637
9774
1809
9218
1357
7693
9428
3000
7847
7588
2869
7256
2775
4253
2505
6850
1401
549
7673
6730
8975
1752
40
9359
9761
407
1678
5782
4969
6460
5712
3914
2282
2090
926
2351
3893
8322
3771
8165
2094
7445
7196
7145
1016
1766
577
4133
5680
2605
2016
5614
928
7085
8671
3703
3829
6698
4612
2451
5936
2635
6083
9824
4417
4450
3751
680
3914
6707
2734
1430
5734
1675
6626
5524
3486
4832
9268
8857
5237
4312
1007
470
9785
9822
9622
9141
4746
8644
5868
8549
5258
4693
6185
5530
856
5256
5153
3283
7891
1435
8383
3903
6998
8165
8256
9285
8136
3887
2839
9211
1669
7458
1952
6991
4236
2999
3127
1893
2751
3003
3802
5830
9458
1117
2061
6804
1560
5167
8761
2225
4135
9279
9531
8614
8668
6494
7598
1947
4203
8923
3906
6869
6700
7294
8296
3458
6603
5436
4999
8876
1053
2286
7258
197
5601
833
2411
3308
3641
3932
7439
6645
8322
1240
714
8539
5754
2258
4602
3827
7259
2382
5455
7692
6742
3100
3666
6550
9741
7383
8741
1396
5708
8172
8126
8980
5466
787
4709
7842
4133
1987
152
867
3181
661
6480
544
5676
8058
5158
9545
444
6930
2169
1882
3796
574
626
975
3518
923
4925
3849
9439
6120
4224
3517
4082
9724
3249
1437
4812
1151
5702
2067
1797
9057
9174
8669
40
9913
4406
200
1916
5412
8366
2732
5489
608
5674
8575
202
6493
2661
9636
7478
8666
8778
4069
1065
3407
1803
9088
4903
1266
8525
7655
5304
8919
9925
9963
384
2241
3125
9976
6791
5513
6813
4423
7337
4382
3266
497
8043
4237
1556
2147
6480
1610
1032
2453
903
8468
9414
5757
2512
3589
3781
8366
7968
5519
9950
7475
8333
4059
6379
8419
5075
9146
3596
3539
8909
1169
4796
1906
4417
6319
7377
4787
6113
5015
904
4940
8818
7199
2373
1891
5328
6788
1677
1877
6615
3244
8444
1800
4961
8575
3202
7914
5388
5967
6418
9335
3372
6123
779
3301
9379
2374
8215
2128
1437
7762
3786
955
4527
8431
8689
8765
7090
9052
4779
64
4749
5594
1835
466
4320
7457
618
2500
1988
8223
5254
3803
9657
9590
9865
1190
396
7792
3441
3960
8321
3109
8896
3527
4250
5696
6413
4314
28
2426
2934
4842
2697
3436
5306
6304
716
1087
2363
2031
193
1542
1812
2349
8154
1819
8905
2771
8795
1111
4768
4069
1113
7150
2157
6567
5020
2934
9292
5771
6400
2913
7584
2636
4688
4406
2999
5647
7655
6777
6231
9421
5390
2866
3380
1098
7250
4911
2561
4010
2016
7135
9844
4134
9299
5086
5275
8527
9979
7728
1356
6571
386
708
7150
5351
4869
2644
2886
3789
2680
5780
6781
7485
3247
8748
3771
4186
5430
8245
2206
869
7076
4680
7984
2277
4032
6044
7163
1831
3649
9423
4746
9218
1864
1346
7845
7011
3555
3119
7304
8369
9337
1032
9315
2157
7809
2818
4679
6453
4415
6941
9803
1363
601
6569
3233
5207
8822
1388
4499
6462
8255
8249
9030
3667
4651
512
6036
6946
9055
5840
4312
1841
1008
3228
1122
9757
2840
9108
1624
3607
206
5917
4305
7481
2423
9493
4529
5009
9094
7227
7784
5423
5384
9470
3416
7357
7200
6461
4170
9223
6553
1586
9645
1051
102
2060
2185
6599
3059
4688
9772
5804
859
528
564
928
1830
7972
7537
405
6764
2414
6903
8560
949
5205
9151
3695
1741
1817
3960
603
1046
8562
7118
8405
1510
3061
1894
2776
8107
2263
6095
6312
6366
5296
5418
6680
6168
2047
7262
5676
9114
4404
6838
8689
8472
3916
2279
984
6444
4870
7433
4739
6019
2344
8699
9591
1131
4618
9845
6820
5219
1847
87
5097
9638
4280
7984
5161
4975
9654
1368
4957
1478
4381
8712
4887
6184
8541
4569
9424
3660
6014
7996
1547
3370
6083
5230
6172
7699
2114
4564
3774
2271
6883
7506
6760
3418
187
3332
6202
372
1455
6539
6750
1830
5827
7009
1341
7076
6987
4986
1657
5139
9483
1875
6910
9057
3091
2436
2086
2748
8029
5577
2853
5106
9928
5072
2528
2544
1247
3139
9417
9317
3199
1913
1153
7387
1175
3871
4840
2489
2003
5644
6021
6071
1064
6935
5777
4954
7012
5335
5837
8515
4287
7559
3959
8817
7936
8865
8893
8580
844
5826
4073
5957
1905
1890
9746
9988
2457
4579
5221
4710
1954
1061
419
7611
1021
9197
7887
1734
9662
539
9812
2345
1462
3615
1348
8835
3809
5332
9128
3626
1778
9433
1147
7067
3455
3591
8343
2025
7620
9678
8709
8973
1000
396
1977
3639
804
9380
4250
78
2538
3515
6221
6597
2094
4475
2895
6218
9961
3668
8240
6063
2230
7824
131
1190
2884
9693
3087
3473
1971
5102
1180
2923
462
7464
9708
8850
6826
5402
4442
369
7071
4172
4267
4637
3306
1357
9896
6483
6084
9537
8124
3264
2648
6196
4224
8116
733
6406
5532
4395
8659
6396
1574
4819
6614
1562
8999
6864
8269
6874
6211
8811
6105
2162
6911
4936
5782
5303
6725
1366
6284
9266
8882
151
5647
9427
5007
2926
8844
3091
9530
3051
312
3507
3828
399
1109
8210
4519
3351
105
933
5703
656
3272
5936
4176
5719
4569
6788
1110
498
8381
5092
9056
6525
4517
3523
5030
5884
9924
4366
2465
4963
3114
4989
3648
1023
2769
244
8778
9517
8352
4511
1261
2010
233
6134
8853
3667
7594
7214
1547
4910
4163
8354
9146
4760
746
41
8558
9554
5772
297
2957
8160
8154
9818
9337
5732
7042
6518
8260
9358
7405
5186
4442
8373
4011
2500
4801
9451
936
4556
2154
1809
9507
2631
7827
76
6487
3712
3089
6209
1465
6605
4708
7289
5879
2027
1295
4875
18
7442
4740
3988
2564
1918
4489
2941
7214
1806
6250
4065
736
9122
4045
2714
2887
115
5535
9412
2432
314
1213
5862
4800
3165
704
3943
6221
9842
1072
7133
9530
9015
2503
6699
4675
9146
1382
9063
9476
5938
3822
207
9922
2857
9164
7696
5371
7922
3690
3430
2351
4180
9870
794
6395
2914
5195
2902
5655
5526
7978
834
7483
9475
8053
7192
1027
4363
4023
2205
4452
7420
1998
8686
785
517
9392
5732
5358
5696
783
3639
3808
456
9191
9954
9542
9340
215
1069
524
7995
3093
5084
7441
8045
3050
2286
9970
5603
7229
1997
1369
6704
1911
2226
9704
3965
3395
9494
7116
9120
5355
4893
5284
5979
8208
1060
3536
4088
308
9594
5900
2441
9480
6355
315
7869
3598
7126
1893
4092
7026
7650
8445
6071
7863
5031
6107
1268
2467
7223
1077
5531
93
7169
4103
1482
9603
9106
8561
354
1314
8188
5996
7305
9870
485
6415
4772
7006
2167
5329
729
9038
1567
5305
5260
7753
1299
5430
7248
2684
2957
2963
1761
1005
6979
8396
189
9697
7480
2292
1343
5507
2617
348
228
5300
7498
7979
9419
451
4639
5119
7687
24
8859
2195
4235
9635
3514
9074
4121
7989
2578
1104
6028
2545
4227
6862
2915
7127
4614
9395
627
8459
9697
3388
2039
4756
5168
5900
9253
202
9761
7506
1883
4732
8125
6458
7452
1254
428
7259
986
1815
7269
3049
1587
2450
6392
2702
1178
9
5426
8785
7762
1420
103
3645
4652
7101
2930
4598
323
7037
9700
1519
182
9912
9897
1427
8537
9760
6155
2545
3633
1592
5865
8468
1746
2094
8994
9751
6982
7006
4924
5345
4530
4927
2057
6231
8381
3036
8003
7876
1641
4087
6473
1557
716
9833
4770
5476
4389
6425
403
891
9097
784
4914
1659
2347
9250
2539
1489
171
114
2680
3303
2935
5927
4422
6903
4563
5828
9160
8953
3657
4606
8479
939
3405
9238
7420
6963
3060
1793
3664
2313
5161
4983
6845
696
623
1969
6836
2906
9111
8319
1484
1728
4113
2713
2619
2691
580
3994
9069
8877
6683
1227
9446
1747
7004
7801
4593
4664
9892
763
2370
9344
1613
723
6809
3753
5867
2571
1499
4614
7169
6715
1891
9921
6342
4801
77
5502
3903
2796
4186
7939
4653
4229
7121
8903
3397
69
6694
3782
2336
5415
3087
1158
5743
8855
5869
5518
3939
90
8133
8068
899
4275
287
7562
2708
3148
8001
4252
7707
3967
4917
2274
5612
8856
1785
8912
9089
2092
6303
5173
3200
458
3745
7511
5990
1681
7997
5391
3579
78
6874
522
8494
6928
6504
3585
9861
5388
5743
4966
5193
2412
8179
2868
8070
8968
8065
4317
8547
4835
9043
6501
7980
4116
6250
2596
141
4666
6076
7138
9031
3671
3887
197
5785
5986
1211
957
7240
408
8502
823
8675
7544
748
3245
4574
7853
542
5949
1484
1494
2177
4953
1989
1199
7185
6729
7834
2738
5442
3329
4560
6661
9078
2989
2183
1677
9409
7148
1410
1158
4968
4688
8636
7374
6405
3712
2204
2820
7406
9858
34
1421
1903
8793
3977
2380
3198
8514
130
7543
4995
4934
2904
7245
696
6215
1789
3038
4531
8798
302
9225
9629
3419
9203
2423
3231
4292
5545
6809
4915
8340
7770
608
75
6098
1234
1490
8259
180
6679
97
2733
1073
4622
4
4374
8724
4720
3387
9885
9880
7878
4575
7530
6026
8639
38
5852
960
1999
4842
3949
8913
2705
8782
5620
9833
8744
4864
3742
6627
959
4444
3481
2856
9601
7558
1744
3257
6252
1215
9388
6489
6578
9529
2385
9051
1234
3244
8162
2219
9780
249
8303
9175
9454
2990
5393
7651
6986
274
3708
641
3754
5023
6100
9119
7003
7924
5127
8027
4750
3686
5655
2883
6410
9394
7705
2556
6492
618
717
219
244
5015
841
4763
2732
8200
8881
6625
1732
102
5650
5714
6198
3992
572
9891
1053
2293
7897
8998
1094
7561
3832
8382
9403
9526
9426
1647
2531
4820
7654
306
1845
8318
2958
3029
6034
1771
7798
9053
4694
3236
5870
2803
8879
4625
7840
783
9866
7119
1808
6476
932
8331
2564
9559
1457
5501
5391
3281
5094
8322
4814
9253
8379
4635
6828
3925
4739
2213
9591
5557
2620
1319
4737
1307
2235
4589
8747
2653
4353
7764
7219
675
3199
1132
6915
4508
7180
1114
3697
6446
3345
4162
1507
1212
6747
5374
555
1120
8188
9199
1748
7808
6234
566
1673
7198
6317
2444
4894
2022
7279
567
2124
4161
8071
3107
5873
2260
6909
8628
4440
1166
985
4876
7079
7772
7507
9859
1943
5318
3490
9509
6606
6016
4351
5659
5083
9208
7027
3186
8805
9160
5869
3455
8267
1326
6926
6344
5340
5189
8709
2795
9563
5950
843
2778
6866
5902
2733
6447
4440
2378
9032
6902
9924
5696
4881
3167
3828
7084
6920
9606
1880
5171
7809
7432
8007
2480
9237
7245
5709
7292
4445
6283
5873
3067
1468
8761
4003
1646
3739
3762
5053
629
238
1344
17
2494
8413
9852
5271
933
5379
9048
5110
9755
318
2495
9120
7590
6885
6080
3935
3788
1624
9485
7781
6756
5279
5315
9518
5465
8834
9853
3054
256
7230
9614
7526
4582
63
9869
7756
1421
8289
1705
447
8726
8383
3309
5171
6192
2057
9628
9523
9044
5984
4134
6331
7248
2108
4504
3976
1729
6929
7780
4947
4667
5887
9210
2642
5095
4974
2345
1827
1642
232
3644
4173
3687
6625
9027
1709
4738
5974
4964
2833
3654
4436
8851
4012
4900
1014
1436
4638
9184
293
7044
4694
1816
2371
7498
5411
8018
5370
2859
4228
2627
4854
4879
9024
3545
1460
6292
9155
3926
5929
6951
4192
9735
8435
6558
5464
4391
4659
8265
1778
1777
7631
557
4860
5692
9408
9022
311
8393
8198
8107
3410
1996
3278
6296
2074
8149
510
3994
2526
9383
7196
7756
4006
5786
1411
5447
4497
1175
8971
6969
3036
8022
7044
5062
7433
4033
4443
351
1064
9120
8775
7627
7381
1076
6025
6446
4403
4393
2245
306
9856
908
3870
3979
2316
8876
9112
3084
4204
6715
3334
9389
1272
794
7291
4392
9305
6198
9525
9736
739
3423
1517
511
1228
7183
9950
2612
193
8021
3183
9927
1837
5750
8806
1524
3529
4532
755
6940
66
1605
1435
6413
5200
7895
2394
5809
7099
3870
9919
9164
1857
9109
9178
5287
2512
5629
8488
2575
4905
8155
750
4109
939
2146
1076
1814
7228
3362
4524
7036
4303
2774
7214
3689
1097
7074
8145
5602
3225
3542
4874
9194
4978
9789
9308
6339
268
3297
4037
5599
5649
4895
4716
4677
997
5606
4987
4087
420
2161
4040
7265
4355
5694
9628
3563
443
7140
2182
7327
1040
6317
4745
7769
3233
1378
2023
4087
7329
6256
1137
6847
4249
8680
9409
1937
3147
3475
3232
3682
2850
8551
6261
5127
2238
4336
1562
6027
3001
1810
3626
3787
1124
6459
4072
4773
3052
5175
9377
7745
7579
2525
4958
2176
2452
4495
778
9497
3284
5736
5988
9904
6499
7886
4366
7047
3323
342
3397
6820
7119
6544
2303
4871
471
3285
1232
6461
5628
4130
6959
2993
4490
525
9037
6961
1792
2884
7614
2797
7470
2217
3328
2860
514
473
4310
7884
117
2075
8192
2674
946
4584
9212
9397
4116
7258
1459
966
8666
5733
6940
8232
7186
3572
5680
2620
2062
4546
3470
9140
6050
4448
2271
2807
3946
5597
3921
264
7019
7292
3076
2884
8581
3396
2016
4325
762
2509
784
2168
2866
2774
4927
4336
9990
5442
3409
2002
7816
9260
1461
2269
3864
5524
7608
8923
3083
8317
2220
7049
5393
4812
4361
1122
7365
2171
8069
199
7513
534
6961
9647
865
8487
6854
5838
7903
1109
7442
2826
1799
1778
8347
2217
1399
3376
8498
3438
5190
2885
6901
6319
6562
8555
1170
6307
3211
5919
4007
2990
1689
1385
8000
1286
947
1152
6518
2370
7181
7508
5316
1894
5821
9446
1506
7098
510
3538
314
1166
4384
6001
3315
8669
3136
1509
9636
7281
5072
8883
7042
463
5272
9386
6087
21
7327
5913
9884
1968
850
459
2472
8713
2571
7578
5514
2821
7652
2347
9974
9902
4132
3747
4899
2589
8062
6156
6878
4055
6530
856
6812
3350
2340
8724
5035
8968
5794
9361
3186
1082
2581
2388
7735
3418
392
3824
2249
6737
3884
5736
9188
3748
2067
9918
1306
6677
10000
3031
5240
6489
6083
6717
6079
5990
3596
4437
6145
1381
8757
5280
1406
2092
398
1738
6058
6450
2336
7506
9289
6785
1324
2315
3053
9373
2907
7445
2697
9680
8789
4602
4213
639
7955
3449
2791
9089
2795
1400
6416
7042
3820
8192
7430
6658
153
7708
9623
4692
1660
2337
2180
9206
9994
6285
66
7368
3501
7309
4958
5652
5309
6435
887
2217
1857
4626
9401
8132
2151
9077
3964
7731
3664
6624
434
4645
5848
6204
8598
7370
7234
2193
7530
7980
1628
787
504
173
8603
2739
6026
6497
25
5353
1562
1705
1294
690
989
3214
5580
4468
7172
500
5102
6513
1283
8978
2736
8682
4843
6854
5953
5128
6480
3626
3525
8121
3813
1894
3389
8587
2289
6659
4655
7644
5759
9479
5061
4581
661
7200
5404
341
2410
5866
5620
209
7718
8677
3264
7533
4526
4563
6558
8945
835
2083
3842
8662
950
4395
1472
5479
1356
6943
5143
4456
7549
6142
9791
3750
7312
6519
2790
7083
890
6592
4420
4697
408
1706
2625
2083
9516
7666
839
8361
7245
5104
5200
908
1074
9285
9323
4980
7723
3516
1119
5355
5771
3158
4883
3478
6473
8816
8871
7876
5654
292
6638
748
1771
6169
2121
4426
425
9162
6109
9579
5263
1035
3587
520
7006
9083
5396
9748
2814
3153
279
1431
3560
5300
7579
4235
5655
1889
3468
9682
4742
1698
1430
6035
9033
1219
1657
2381
1028
1766
1746
4044
5246
6174
4165
3158
6984
9028
7537
2571
5137
5064
7998
2569
4078
5930
6163
4915
6532
2557
6336
4995
809
6120
9054
9033
5595
8740
6102
8883
8929
7205
4283
3571
6264
776
5936
2099
8042
5408
1925
604
7427
8065
7738
1390
1009
8000
8932
8796
3093
4788
3431
6349
3759
8979
4308
779
7956
2625
6832
9460
1648
7045
8482
6876
1634
6976
1109
1885
2512
7749
5155
3268
8507
4733
348
6672
4612
1656
1525
4604
4613
7801
8050
2562
5902
4628
6045
5204
3871
133
9781
9697
8546
7060
4347
3669
5677
4560
3132
4345
8446
9680
2214
3871
1058
4707
1635
7620
4492
3353
8567
5395
8561
1437
9908
580
1332
7066
2675
1604
9573
7465
8742
9747
7549
1800
6326
8126
3799
657
3070
6682
6708
4195
8914
1032
7520
3093
7719
8814
6192
8075
7545
587
4804
1417
538
5952
5029
4439
851
206
3317
5724
2132
8632
8303
8632
589
7976
5289
8666
3961
5144
2773
5674
4353
4596
1607
5523
7353
648
478
1189
5965
5721
1379
5507
3236
7318
1721
3029
9672
9658
2544
4098
7784
2074
5799
1249
8466
5925
3595
2309
4310
5062
5973
460
7553
6214
6916
9908
7477
5254
3972
8021
1281
9732
5166
9601
5222
5198
9574
46
7547
3599
3144
7454
2283
9611
7202
8717
2748
4677
9659
8261
8047
6518
7921
6363
610
2471
5639
3199
6662
1160
883
1088
8827
4309
1926
9481
3532
9937
974
9448
3036
422
9471
151
1232
1513
6796
6603
1723
621
7277
5120
5064
2297
3006
1871
695
4223
7895
3538
6505
7894
3621
9131
9675
1716
5956
6243
5973
7057
5146
8316
6531
671
9808
1244
8648
7095
9520
4161
1177
8473
6123
3872
1671
9785
9200
3719
8862
3726
9410
3596
4208
1356
8529
5563
1305
8603
1032
5851
4785
4046
9506
4729
6506
2070
7582
2248
5764
4786
6591
6557
9470
4217
6711
2490
1565
7082
6182
1403
7593
4587
3008
179
3261
7359
4281
2291
9240
450
8678
9868
6503
1049
8069
1652
5308
7293
8884
8787
7742
8752
8561
7012
708
9569
9848
3154
140
6529
7777
3750
8327
9261
7156
176
2418
6097
2157
1592
4032
1779
2411
1685
6819
7986
4172
1517
1612
2370
2427
1930
3939
4615
5133
5541
1297
9883
3651
5369
4663
5489
7939
7003
4293
3861
490
3377
1331
3496
7759
805
8896
6334
1954
1730
5528
6412
5998
8635
3524
1557
4686
6025
8682
7244
313
9708
7583
1134
9839
5515
3312
7849
4589
8375
4101
6716
5642
9996
8099
9201
2444
299
912
797
6314
5705
3959
6050
2510
3307
3217
3652
2097
7485
7603
8913
1517
5596
3520
5209
5075
6200
1897
9342
7685
2791
4725
2952
9570
7183
884
9145
3743
4508
1710
5143
4720
7007
3749
7150
4852
3825
9380
641
4943
8584
2613
1562
4921
811
7837
5134
6030
4100
1174
6370
8225
9913
419
1069
8434
4767
7314
5862
9135
4930
9604
4569
9562
4606
9686
2920
4318
1956
1865
4093
8283
3980
7067
2455
6235
7477
2370
6324
5482
8524
1136
8263
5744
5084
1793
3109
1258
1283
74
7924
6702
1475
8944
9256
676
2725
9484
7182
6128
3405
4411
655
6994
5213
692
667
6143
9998
9829
7479
9567
1779
6529
5088
9109
9751
128
1770
2940
7329
6321
9270
868
2818
3382
8161
1705
1248
2105
8542
5824
4720
3822
3887
7575
6277
9523
1901
6864
9468
9864
5046
4693
4703
9458
9819
9941
3982
2764
7763
459
6259
3237
9277
8985
1597
1116
8364
7461
1170
8215
7693
9456
2898
3760
3003
3268
848
6096
6301
3668
4309
3327
4951
443
6690
9949
9279
8016
1333
475
6915
7743
8845
2154
5547
3491
2925
945
4158
246
581
6999
597
9919
9445
7557
1988
8800
4506
1927
4344
7349
2772
2197
9594
6196
4417
2349
8667
1305
9355
7032
7453
7698
8130
6332
161
1726
2457
5514
7826
3204
9019
8276
216
2556
7002
7293
3090
4155
369
7873
4636
1945
2505
6102
60
6004
912
502
9058
634
8453
105
8552
8381
1021
4777
5776
4383
6779
7660
5073
2018
953
8344
5098
7380
2573
2340
6752
7177
5114
4243
8649
8195
2455
1478
7150
9291
9025
7239
3294
9063
5358
3327
7472
4941
6289
3720
6506
6185
8240
3688
5376
8195
1084
9432
1197
6941
5475
2010
6186
6867
790
2157
9405
9886
6148
5742
4157
1175
751
8824
3131
6549
4410
290
4811
4581
9684
5208
8375
1225
2993
1584
5634
4981
534
5206
855
1238
1092
382
6066
3663
374
5420
9234
3831
5760
1626
7655
9184
2271
4555
5996
3749
7763
6860
6018
6769
9400
2023
395
5183
1944
823
6335
2074
7240
639
341
3556
6153
9198
9403
9898
7357
8117
670
7791
4432
256
4608
781
4658
9264
2912
113
4020
5427
4725
9795
6802
4031
5897
2307
3331
9835
765
6938
4663
2360
3054
6549
9403
1606
6819
5758
5776
2604
4920
3825
9887
2943
9806
2960
6320
5722
4767
8645
425
1190
7873
8524
8881
6803
2501
3216
7541
2740
4356
5109
5078
270
942
4274
5411
4094
1876
4218
2706
7351
1747
8318
2488
4591
8027
3278
2666
9289
2898
9484
4414
2404
2353
3645
8928
817
7258
8892
2407
2563
4304
2800
4436
2226
9112
4896
6446
6303
8038
7229
3856
5032
9132
581
9694
7130
122
6470
7434
9325
4824
7307
7317
4546
2620
3276
9645
8428
9084
4073
2347
3237
37
2181
8873
4897
6139
831
5708
572
1733
8613
734
3187
3701
291
3003
942
1284
1434
2398
4304
5907
638
4569
7676
3007
16
23
2383
7612
896
921
4632
3938
9453
5263
1734
6767
1057
1123
7213
8651
8829
5013
6718
6648
6285
2504
51
546
6310
5963
3113
7403
3712
6127
995
8523
9514
5851
833
190
2105
7501
2207
1494
4512
8808
2204
2075
860
8088
4283
2593
3032
7596
6755
1005
6062
2041
6740
11
4836
437
5916
7918
9370
2478
8169
4762
9321
2801
5269
7693
8735
1406
300
4380
9479
4857
1580
4292
4021
9048
7800
2642
5964
9905
1580
3370
8887
4199
1239
2419
3156
7737
8272
9382
1526
5424
7692
7439
6952
5556
4015
3720
7611
5833
7129
6700
1456
2062
5711
6248
2295
6043
6760
1121
2352
4941
6249
8072
9266
1227
6721
4910
7104
3410
5786
8360
3492
9228
9697
3874
6308
49
7659
9330
9839
5954
7142
5165
756
6990
3999
6277
7048
6356
9093
516
1547
6429
7315
2537
6928
6164
5625
588
2819
8849
1818
4860
3548
6589
8219
1808
5004
7424
9738
4659
5667
123
1815
7016
5495
6850
8387
4303
7037
8508
1215
9283
3378
8036
1218
2490
6013
42
1170
5311
1236
7056
1773
6719
6555
7103
6746
6350
908
9063
8917
1024
928
6369
6297
2420
356
3061
3298
2712
2510
4428
2394
8481
1874
5666
1676
472
620
7867
3483
3478
159
1692
9163
2903
4096
5157
1507
8933
8866
6509
114
895
5908
362
4657
1593
5290
5764
7596
7383
7031
6291
5581
908
7206
2094
5674
7213
4625
7227
5578
5128
4546
4404
5466
3511
975
3442
3138
6297
10
8029
4817
381
1987
7247
8642
2843
8713
5806
9755
9355
8364
6104
5391
4993
6812
3720
7074
8060
5398
2472
1261
2145
1113
7808
3172
9177
6457
9313
381
7187
2735
8416
9642
2384
9544
7308
8970
9620
3160
3943
8209
4148
3791
8339
4341
8557
2806
1653
9365
2749
1751
7453
3708
2591
1901
1271
5236
1529
7325
3513
6643
5392
8331
9939
6024
5716
4024
2795
6937
5396
5213
3230
2637
9515
3649
2252
1416
1945
4791
3094
6613
3306
6658
1122
4943
7893
6526
3179
1133
1317
8747
8368
4005
2646
2126
8870
6417
2004
8671
8381
4250
1128
6437
987
1680
6865
4065
4245
787
464
3292
7027
5442
8170
7288
454
1953
206
6603
5819
2364
9240
1490
3612
6047
5769
2242
6762
6656
1490
172
1441
2866
408
4950
1610
9926
544
9999
8210
5392
3295
3630
7882
9588
5277
852
2142
4293
9296
4011
4467
5370
9735
5850
8811
4648
3210
8114
2438
2415
5555
2883
7963
5280
3891
4058
6695
6333
7216
8748
1941
5595
6251
3571
9398
6017
8317
6756
7479
3732
8418
7678
4935
7893
346
9549
4040
9465
3962
5040
5395
6290
947
4002
1796
8620
8591
8622
9072
679
72
5943
5680
1405
6697
2815
7491
2802
9505
1576
3337
5372
1907
6655
2197
1028
580
6038
9693
5703
1612
435
3813
9898
6600
6946
2666
7201
3129
5651
1579
787
9901
4438
8652
9
2922
3929
6733
4511
6486
2318
3664
6457
6881
7666
5902
4147
381
9681
6092
3261
761
9461
1416
9784
63
8461
518
4877
3432
5557
4537
9626
5574
2952
6446
5960
3940
8887
403
7010
8323
2501
8673
7339
8956
1412
8936
1985
9352
1839
351
259
7336
4084
4779
3615
724
3402
1490
2154
7641
7987
4446
327
7266
621
2686
9177
1396
7114
5699
78
7401
3520
9501
7647
5852
9605
4134
4055
3266
3926
9650
2403
361
388
6895
8172
7847
5614
3818
5484
6352
2316
896
2639
5561
806
6794
602
3014
3567
8499
4005
2327
7407
2106
5299
3628
1377
81
6673
4688
2224
2734
4364
7396
9093
1286
4014
7707
5126
79
2279
2229
5408
8326
6862
6677
6643
176
4659
7035
1296
4977
512
5680
2672
3266
1954
1066
6366
4122
395
212
2517
5151
1589
2654
6407
8506
1040
4873
1840
4658
507
6185
7830
3269
7717
4995
7460
4026
4019
1011
7035
2621
3621
4254
6242
6109
2141
1298
5233
9046
2586
400
6020
4835
1118
3318
925
9335
7962
1549
4646
3346
3728
6621
4747
8938
3574
4534
6733
9592
8661
5678
2438
3187
3015
3287
6783
7964
3764
3129
5521
7304
2293
4403
1236
4602
3009
6609
9191
3271
5832
2046
6422
6703
8239
5618
5845
7811
2432
5997
5417
6584
3670
3851
360
8466
872
7423
9768
8430
4692
7437
9336
9049
6254
1560
3051
9034
3334
9701
3445
6244
5914
5858
1645
7038
536
3837
3826
63
3486
1540
4224
3537
748
1139
3894
9788
9346
1321
9644
7499
7530
1329
4606
1863
5548
4381
3928
8911
6506
2691
5304
6538
4017
2669
71
5447
7477
6024
381
874
5805
47
1996
7406
9194
8414
4040
9098
539
6756
4738
7086
6146
9451
1683
4481
1141
7301
4867
7107
8077
2134
8377
6194
9731
7976
4559
1437
1357
5504
9313
3284
855
4292
429
9711
9400
5196
2757
5408
1395
1763
633
9112
4089
6274
3597
5153
7959
7481
3275
7731
1620
1416
5708
4474
6456
7653
295
857
424
7878
7944
7457
2773
4857
1117
7237
3772
989
9846
5901
1138
6360
4221
7054
7475
2927
7734
5250
2636
5535
529
6616
7307
6161
9937
3216
699
2124
2466
689
4451
9057
4638
6069
3378
5696
8947
9322
2241
1098
539
9999
209
9773
1308
4429
6498
4859
8689
5728
8704
2581
8334
9759
1111
1323
5612
6798
2735
8458
3200
7543
278
5948
7427
3526
1200
27
3657
3692
2757
9663
506
951
1525
738
3129
2161
3178
5246
5972
7969
48
2627
2062
6779
8404
2442
9894
730
244
3505
5804
9037
8424
2939
7429
3943
3280
9506
9055
1239
5357
1040
163
6195
3342
3598
9081
8751
6678
2259
9160
5
2586
8772
203
7699
2917
4399
6600
8514
4368
1533
1223
8811
9447
3601
9065
6602
7072
8348
6932
4211
3026
8483
1006
5343
7788
4711
3889
8007
1742
2424
7233
8749
1473
6677
4904
4312
339
1259
5582
2202
6469
3828
796
6145
5049
3053
2893
2638
2686
5221
7204
8165
197
7632
6516
6062
5208
1445
2067
8112
1107
9217
651
2922
9080
264
3635
4431
1830
6779
5863
3278
1238
1502
2454
1035
1512
3019
1824
5467
1199
9564
3901
6458
3995
204
4983
5930
4964
472
672
996
3671
3723
4175
9974
1448
6500
7884
4791
760
8198
2009
4545
1072
378
4804
5260
1953
2066
8367
8938
1349
4072
14
6838
6671
7540
3001
4845
2575
8604
7374
6123
8319
5552
8008
1689
3702
3676
5549
8014
5861
2351
8759
5079
775
6141
6507
6009
7819
7470
657
2313
1050
9171
4861
5950
1938
8286
9558
7700
5083
435
8057
9505
4582
5601
1549
9075
7276
5631
2043
9875
9958
3929
5858
8046
7553
4948
5114
4821
748
7734
3698
4865
2711
9598
5925
47
5415
4659
3070
8145
9261
8034
4506
6735
4279
3764
8374
6730
8639
1961
8058
6937
9238
7084
8083
2203
6366
2955
9089
579
6616
5528
2201
7749
8758
9736
9274
8571
242
4256
9922
8272
8881
9416
5694
2467
5036
3128
2429
7040
5479
1618
4126
1419
1294
7681
2660
545
9958
5570
3182
3813
3403
1089
4588
7728
2100
8369
6692
9746
4873
6372
5151
2285
5431
1536
1546
5949
1836
5338
2345
2637
6918
8201
1785
4110
8551
151
8662
441
9752
710
6902
8038
251
5770
833
5343
5930
1178
4865
2363
7839
6295
6433
3165
2183
7538
4818
8289
9999
6073
7694
7125
2350
2890
3563
6221
7476
7657
9562
3973
1648
5052
5592
1296
3091
242
6285
4697
8189
6393
1817
2488
138
8180
7228
1228
1060
8499
6029
2538
2834
3966
1248
3697
6929
9269
9600
5084
9529
7015
6687
5675
5521
7518
4074
9176
7041
1621
792
7551
4618
4983
1540
2424
2496
36
5513
7905
325
1447
6589
334
8128
4441
96
4966
4658
503
5896
6020
4076
2159
1417
1733
6211
1933
5598
6469
6402
5471
9286
9266
30
9159
9166
6378
2743
3026
6989
3009
3178
9554
9670
1719
250
9526
4301
3943
8051
9013
4376
7617
1876
6240
7325
3661
2451
6871
2967
5585
4876
9320
7934
297
8785
9055
7539
8822
2487
9858
6320
9872
9612
490
1192
9092
2098
2482
6916
6589
4417
8469
2260
9935
9450
4779
4421
8441
2339
8520
8363
6410
8837
5137
2963
7722
4755
6386
5779
3150
8429
8226
1245
5736
7895
2771
3865
1381
8544
1979
8357
7478
7403
8572
9039
9216
5458
9621
4774
5280
2235
4051
5753
2166
4912
9080
401
5985
3471
4271
4571
2763
9382
2666
4434
37
9340
4448
602
5820
1817
4454
3676
1828
2133
1355
8461
6210
1821
8079
375
8724
7186
5235
9632
7068
207
478
6916
6193
9586
8953
6805
2256
8903
786
9858
5823
7369
7675
7040
2273
5756
3322
4072
4659
3120
9679
4794
5592
3247
872
3156
6392
1683
396
8640
6568
9285
5254
6724
3992
5841
9538
9207
8038
6225
8435
4734
8709
5657
1232
6754
1496
4924
9281
8841
9461
376
4190
6328
1559
8027
1445
141
6889
6308
9498
8778
9650
7776
6199
9862
2348
7949
1736
7701
7753
7349
7960
6579
7842
900
5416
8632
6570
4206
921
3613
2738
3138
2195
6643
446
9750
8526
6875
4551
7498
8755
2729
6928
4191
3488
6915
9126
474
994
4805
6519
9850
1457
8134
9229
6123
7327
4915
848
9260
756
8797
914
5555
4770
4635
782
8244
5494
7017
3574
364
7936
5887
9629
3289
5467
5773
7329
5671
7316
8075
589
1522
4453
8069
4067
3720
6403
8347
7304
1405
4570
9562
624
9409
1537
2637
7580
1791
5437
4822
6798
9295
9929
1151
7719
8812
896
1522
3870
2358
3639
9216
5890
5863
2204
4614
3430
2402
349
5242
6371
2227
8784
2680
1007
7145
5898
380
3694
5442
966
8852
6439
5822
3622
5577
9058
6128
2493
94
9918
4355
587
315
1335
7050
5919
3160
7790
2553
7176
4272
6475
2475
8144
8235
3290
8877
9762
1427
7580
3539
7786
1233
7346
7779
3410
5202
1602
665
1215
56
3399
2640
263
491
2068
5566
5033
2879
8129
9662
449
752
6564
76
6786
2300
5122
3322
918
5783
1638
4993
3097
6011
5820
5414
6920
4771
3692
3564
1712
4037
2232
2179
4860
5997
5685
9779
9862
9523
9366
4337
5509
1171
1240
8151
9880
994
460
8964
5800
6671
8455
1823
947
8607
8294
8750
2459
1248
1777
5026
1242
4990
392
1853
8386
1707
4683
335
9058
2663
7360
6393
9904
7235
1855
8228
6333
1429
7233
6529
9454
4769
8202
6608
8282
1791
655
1259
9344
7017
9381
1427
8603
6088
6442
1529
202
9628
2008
550
88
5646
2446
7300
3863
9908
8682
3786
1843
9713
6899
5505
6927
877
4030
5773
451
776
3301
4532
8511
2634
617
6120
7374
603
4157
7719
8277
6398
8333
98
6820
5969
3038
6631
1951
3832
8996
2962
6622
3056
3745
8785
3769
7840
5634
576
2484
2291
9185
2779
8026
4112
4327
9071
5578
1256
2317
3657
7886
1170
8625
2059
6196
7365
7310
832
3609
7107
444
5999
3494
7603
3883
2330
5598
8875
3305
260
3937
2445
6208
8237
7869
9701
2464
1088
4581
8852
9778
698
5555
3547
6274
1421
203
1942
2259
2620
2118
9637
311
1795
4992
6367
5750
4773
2032
8693
1982
2688
9038
8745
6961
1291
8049
1623
2725
7301
1620
2709
3867
3920
9375
6157
7913
8648
5364
3098
9356
2448
7647
6697
9162
9156
6743
1226
227
3211
4053
8326
2129
3988
838
9038
6807
4622
3582
6048
9216
8989
8269
9806
3668
61
4707
9717
75
5333
712
2059
6665
140
2976
8018
7478
4841
2998
2619
6151
9304
9302
4292
1065
8992
8435
8367
8520
4073
1982
8728
6691
7819
932
7339
5540
1662
6517
2756
1401
2855
9462
3374
5973
2359
1418
1273
601
9518
2775
139
4474
4413
7590
3103
30
6775
9490
2985
4450
2664
7192
4727
8168
5707
4322
4388
9559
4657
7132
3865
3203
8647
1818
1529
4358
8185
6507
3045
3854
3991
8359
979
6443
2661
162
6495
7906
3868
687
2076
4270
1697
1927
7074
6193
3175
5658
7556
680
7198
3121
7057
4738
7995
379
8965
8255
134
5992
3718
283
3380
1253
4920
3036
8264
9681
6901
6100
32
5382
5308
5452
1949
4592
1600
208
4286
5848
3434
5203
8864
4899
8392
5362
6825
9043
4410
9448
291
1827
6184
9128
126
8475
4466
954
9232
2354
550
1726
8377
9111
584
3697
4535
6770
4597
8632
9731
9461
1716
4050
8088
1246
8518
2860
3616
3874
5215
0
8388
7564
9836
405
4904
3226
221
2516
9011
7884
4586
6960
4603
4966
9223
5630
1010
219
3988
8881
4061
4158
2513
8788
5454
3075
3141
9792
7371
657
9351
4138
1400
7635
5537
5471
4181
7592
1232
1559
3432
8995
9321
887
327
8618
396
2843
5156
3256
2495
5364
9342
6639
6923
9112
6595
5083
5775
2347
4067
6246
5647
4866
8002
8216
660
3540
2466
480
3689
4399
4409
9205
5553
2339
5679
4580
6132
9590
3596
755
212
2385
3856
3075
7892
6903
8291
2060
8065
907
9422
1210
6919
2494
3773
5024
1587
1221
6755
5744
8954
9192
1123
2973
6614
2404
2561
8493
2183
3964
6836
4628
4493
8633
5985
8075
9031
2178
850
2713
1068
4557
283
926
140
4527
6027
327
4217
4097
4069
5127
9424
6753
7990
5043
548
7349
7846
3713
2740
956
1584
2291
9426
4950
7170
4082
2611
9214
7720
6636
7034
622
1562
7330
84
7664
5327
6625
6328
8024
2880
6424
5152
8136
2107
4298
4737
89
7916
2764
6663
8042
1850
6815
853
3921
1731
7681
3859
6937
2226
8792
7740
9087
9024
2211
3881
6258
8117
6490
5416
5965
8503
6601
9874
1118
9553
3381
7660
8308
6967
8502
7686
7405
1768
6001
994
6134
3262
9142
5924
5055
7190
7062
1819
8428
5932
3960
2487
7507
9634
305
3001
3010
7847
9446
9493
4357
5494
1713
7419
2653
8502
7835
553
2237
2412
4008
6898
3970
4916
1262
8056
5824
8892
5207
6560
9005
6158
8193
2733
1221
2604
3790
1163
6263
1721
1910
8705
7555
612
9484
4548
8696
3831
1478
3957
5248
8919
8906
445
9803
4675
8629
8867
7384
3059
8160
2247
3441
6895
8210
1159
5830
3966
8823
3382
74
9176
8432
6473
5329
491
7347
615
4155
4855
531
800
4459
6037
5329
2340
1795
8057
7946
382
2085
1579
9790
9563
479
9392
6501
498
6103
2896
4207
5051
1425
1155
1969
1198
1405
3919
1353
6944
3248
5618
2372
9191
7101
547
346
194
5130
5538
3856
3433
7204
3095
4416
7732
8562
1750
5730
6823
5624
8025
6638
1914
1092
216
4817
1531
8278
6647
4589
4944
2180
1259
8194
8992
4059
4194
632
5363
5775
3273
2225
2088
8283
9934
9621
8674
5780
101
3889
4452
8177
9834
4293
7934
9020
9589
3867
2090
8825
3753
9476
4403
1101
7717
5448
1107
9607
1941
6333
2173
8332
7815
2892
6151
1870
5796
553
7140
7428
1310
4346
569
4622
1712
6597
4796
3462
1028
1149
1105
2642
6220
5546
4059
1556
8808
8745
350
4805
1822
3012
1876
927
7099
9316
47
3551
1673
6537
7433
9680
2549
5875
8416
701
203
8643
4740
1876
3333
261
7272
4364
4391
5185
1560
1432
9684
2497
3359
8725
3591
2506
3268
6141
2475
492
122
8814
4403
8172
6134
4883
389
4034
5768
7490
4266
8668
8314
5777
693
5524
3645
7792
7197
2286
6507
6973
3760
9829
5335
8354
2096
7238
9086
5229
3954
9023
2963
6123
5759
4017
235
2090
7446
8880
9359
7255
5119
1212
5056
5135
5688
2719
4999
6374
8022
4693
7560
8454
99
2115
7807
3988
5614
3306
1792
7209
1367
6711
3938
6494
5998
1894
5011
3348
178
368
1255
6178
2693
3524
341
7508
1012
3801
8849
4562
6031
5478
8393
5157
3295
2473
8775
8513
5373
8266
3396
3386
4915
8199
1264
8297
964
9136
1164
3159
5152
1986
4137
8736
4938
3337
6073
9199
5582
8617
3855
9298
7495
3128
897
8203
3616
31
8285
9810
5967
1556
5059
240
7630
6275
4163
6053
7621
516
6743
2231
205
6420
427
8906
7720
6719
6579
2139
8079
4431
9029
821
3396
1793
2270
693
849
8203
7445
9886
7573
1802
9882
9618
7256
2836
7108
6861
3433
1552
3184
4971
7387
2970
6084
3453
6521
2060
5739
4640
6279
1012
7222
1960
8922
5771
2704
5412
8206
8853
3866
3002
6702
5464
9304
3817
89
7035
3814
2970
5746
8925
7124
304
8216
8290
3333
6017
3473
9583
6791
5887
2085
5193
2513
35
3321
348
93
8520
8786
1016
8463
394
8875
7975
2913
8498
6541
4180
8126
705
7550
3743
7040
2786
3352
3400
1070
4963
1167
6608
8847
8704
2379
4417
9994
6147
1099
2741
4102
4239
7840
9269
95
6559
1906
2296
5698
9856
2567
4587
7763
12
5041
1460
1725
9064
770
2878
3957
818
1141
6158
4370
1110
4026
6690
7899
2724
4910
58
1681
621
6741
6158
6323
875
9722
2074
5990
8145
1729
7652
219
5917
5866
329
5514
7240
4940
7464
156
2954
6863
2901
1931
2777
825
2907
7591
757
9596
9123
7773
6658
3287
1813
6382
9428
8985
4089
2610
5799
3374
6426
2786
7550
482
9869
1365
15
6429
8969
1605
1548
8733
6431
1729
5986
1191
8937
5959
4674
234
2634
2555
7958
457
1605
2745
3781
2277
2381
9477
6807
9816
8830
2523
1761
988
7881
9195
148
6824
794
9290
2780
249
4111
7351
5652
4257
1232
8864
6435
8265
9432
7668
7953
5328
133
4784
9547
9250
4117
8417
2585
6630
5533
1258
6842
6797
7262
2260
4151
5796
6685
2447
2480
2560
6922
3418
599
4994
6900
7470
9803
5833
8876
2641
6090
4181
3251
9017
2945
2357
2724
8836
399
6356
8351
4871
4365
2674
4348
6673
1074
7915
4245
6625
4279
8893
9106
2658
4577
6080
2807
9185
892
1800
1930
1072
7362
3561
44
2318
3477
6338
2454
4657
2562
1980
2126
6673
226
4789
216
2648
8270
2794
9081
3755
7735
5994
7629
313
5744
3168
2849
6317
7737
7078
4377
384
1863
2346
1146
5792
3894
8449
8824
6581
3174
7194
7908
9419
4691
9175
6339
4606
3179
8841
2093
8755
7410
7423
8098
3321
5664
3728
4541
8453
8649
4075
4584
9801
9067
8488
6093
2748
2301
3843
5889
3324
7878
6831
8904
473
3403
8997
1916
3739
8806
2887
9483
5714
1459
6424
4699
1149
6906
5758
4729
1082
7080
5721
1625
3926
766
5922
7951
6015
7827
4134
7764
2965
5346
7213
8472
3187
5976
9360
4643
5916
3669
654
5619
6573
1519
3476
6443
6229
2071
117
1119
9686
1572
9914
6619
5277
4489
8072
418
7924
4264
1687
4650
684
215
2926
2121
4574
4964
5462
1611
1175
7071
6431
5312
8346
9441
6592
1700
5988
4705
3905
6492
5798
4013
2601
656
344
7537
6968
2618
31
1356
3378
5889
4451
6357
3942
2669
9804
9678
5489
8689
7331
3604
5255
3538
4269
1976
302
7062
4007
9810
658
3176
6606
7003
4903
5870
8474
2478
3609
8849
5824
8673
1128
4315
6188
6496
7537
2212
7320
4732
4274
7805
4543
5215
2198
7406
1743
5934
1530
6755
3833
4400
8587
8162
387
7370
5601
258
1189
16
9996
8137
5721
1103
3101
8541
1450
491
9160
8140
3339
1179
6428
6780
5410
2825
4839
6136
9415
6599
9529
4489
3499
5113
4833
9378
5809
1314
337
8437
5452
9603
7361
8046
9673
2936
3333
5378
2416
9609
3645
8744
7866
7038
7169
2936
988
4622
9073
3216
564
8488
1854
2463
3588
2582
4572
2883
8242
1593
5190
5464
1174
2547
2468
5130
8777
4641
6968
2066
368
1984
3268
9945
5678
1002
4052
5662
3393
2080
6935
7012
1810
7991
7878
4162
5648
7276
2210
8540
5099
5623
636
5792
5172
2837
7672
3864
2161
5444
9627
536
9884
9960
9082
7971
379
2328
1369
5027
3639
153
8850
2210
2378
7855
5203
7101
3640
1174
1894
6965
4506
5580
444
1379
3490
8415
1995
5453
3553
8904
6448
5184
971
9254
5662
9766
1905
6989
5973
5434
8109
730
1419
5267
5205
5547
1198
6733
9868
7035
3721
8611
2697
3310
1771
391
8164
1637
2066
2841
3287
5204
2492
1652
2273
971
8993
884
8317
9611
9811
609
7210
7662
3523
1259
9878
5869
5877
281
9342
1931
8992
91
469
5981
5552
7858
9775
2350
456
9649
582
5909
8398
3951
1273
3050
3658
7234
891
5104
1611
1925
5859
5583
4667
4492
5879
8657
348
3080
9470
2543
9969
784
2610
2525
7797
6872
9395
6928
5666
1419
5388
7043
7916
638
5487
5134
479
2792
2673
2482
1996
2863
8901
1329
4467
2747
7659
8932
7542
552
5568
3542
7888
9408
7743
2094
1366
7610
2734
6560
8218
2995
6576
5550
8076
703
9449
403
2814
233
9383
4466
9003
5849
4185
5602
7709
2973
6716
1445
4519
1147
7018
6707
1998
6305
4617
5214
7327
4181
1399
9729
6282
3798
8608
1988
5969
632
783
3339
3611
5886
1182
341
7548
1465
5662
1665
3715
8936
7484
3963
5412
2996
1337
7721
2806
5562
5223
461
93
9622
5387
7827
6790
1084
1642
6859
5050
2728
7345
323
979
8038
792
4727
8432
7041
9120
7689
963
4451
1007
668
9443
5880
4615
7966
7025
6247
7711
756
668
3201
1293
678
6781
3636
7475
7740
9969
6936
7559
5041
862
1194
2154
7588
7568
7313
426
5897
7976
972
1156
7415
8616
7672
9277
5482
215
2736
5738
1281
8973
6436
8769
557
7329
3436
3474
6045
5611
1594
5894
8758
8540
4412
5922
847
1237
9100
4568
2871
3501
5268
415
5922
2751
3922
8117
7134
9127
5114
6465
8910
8048
4144
4786
3902
2311
3952
6966
8865
5151
5528
9316
7088
2759
3499
1681
57
9484
4963
1115
2020
8358
3531
5401
5651
4613
7461
3636
3999
1046
3325
4847
7374
1035
23
4308
345
1167
5582
3884
5325
5029
744
5413
6503
3640
2665
1657
4905
6337
557
8895
74
553
1067
2308
8585
5503
202
5843
3996
7699
3611
3725
8927
9863
4931
103
3497
6996
557
781
1881
7912
6359
7298
6244
2300
7001
1147
8990
8286
633
7014
8048
5463
7918
5898
9071
4671
4193
6081
629
2489
6242
4780
933
573
1062
3657
4926
9021
3571
6834
3145
846
313
7700
9856
2660
587
9008
5358
9293
9034
953
7377
7450
5607
3397
1044
7550
3832
1051
4802
3901
8865
3289
8081
9955
5928
1024
3626
6751
6806
6133
3859
6082
7355
9141
9298
1186
3671
8363
8550
3979
4266
9471
2316
4498
1184
7781
7456
7478
7312
9362
4859
1753
4293
7511
3895
9779
7697
7124
7495
6614
8232
6532
626
4106
2323
3135
8425
511
1107
8643
3922
9469
8851
6756
1028
2233
8569
953
2102
7446
6830
4561
6695
2166
6615
2233
5228
7972
4155
5208
3547
1875
9063
5067
9172
9654
4320
9411
8114
4022
5476
2267
3715
9102
7160
2665
3864
3563
2455
7333
3264
8095
2333
9539
6390
3567
7073
259
4653
8351
3977
5232
5476
6902
2315
695
6197
1733
3846
5329
5609
4436
2433
5394
8443
7206
1147
8909
4890
7196
9118
2282
1800
7113
5869
1699
4913
1386
2914
851
50
7932
5300
1233
7671
7932
1438
9193
9082
8267
2817
5615
9649
7807
8074
295
5848
4038
4911
6493
9187
5505
9469
3528
1998
4397
5730
976
3544
866
1350
4087
6977
5086
2788
6542
6399
8
3885
3880
3573
4479
4610
1005
5357
7760
8843
1004
1091
2885
4289
630
7426
4562
3822
7968
5044
9069
8591
6644
5354
4384
6184
864
2397
6020
1266
1092
2338
7770
8766
6559
6210
5487
5156
1776
9227
1201
9688
7381
6292
1053
8176
1499
2065
6363
9825
6459
737
5989
850
626
4317
9505
3984
5966
8057
8010
6532
2409
782
1738
6711
9631
714
974
8330
6381
7986
9596
184
3008
9590
7284
7471
5428
7151
1327
1800
1627
3573
6564
4132
6497
8349
4194
4557
3652
221
3509
1391
3774
2004
191
4254
1154
592
6740
7985
8504
9722
6644
3920
5867
9075
3411
1344
6819
6137
2459
4890
1038
510
1215
5396
5494
1496
2352
1044
4306
7464
5665
6854
8634
2787
7379
5452
3537
8795
1046
6720
3136
9552
468
7032
4678
2177
8453
3907
8927
4466
7879
1128
8289
2211
1924
5079
7947
7779
4062
8330
3592
6679
5549
2851
3611
1655
5786
5279
1727
4943
6084
1885
8195
5999
3209
6417
6055
4588
7483
7224
639
6856
4982
272
1268
1952
4533
3560
8950
9672
7313
7276
3778
8163
3394
6458
5441
4194
1107
650
9307
1186
2198
920
7650
2356
5635
8725
5120
3239
1311
9060
8732
8593
3939
6510
6179
9820
8738
7235
8865
9968
1727
3094
5466
4876
6016
7171
5491
8189
6870
411
1398
862
5237
4401
4808
3273
5037
5855
4554
7552
5400
7767
4480
4603
4049
1117
3911
3199
240
6383
3271
2337
7820
3614
6381
2275
7537
5016
7163
5473
4716
9289
9361
4634
7334
2219
6351
7573
1207
1323
4128
849
3972
2660
1850
1215
4695
1857
7706
4832
4443
2531
4561
1748
956
8902
8340
8940
8849
6980
5013
2287
7845
4346
7724
2768
9156
4535
5361
6406
3408
8928
6902
9296
8678
5199
1918
7992
5740
9825
8520
5261
4991
8940
7002
1723
997
8082
1920
5203
7607
3820
3700
5898
9004
4265
132
3252
6033
8237
6575
2149
3041
2461
8576
6883
1325
481
7975
1338
4931
8889
5776
6873
8325
9403
3872
8418
3241
9710
418
8205
6999
1686
3999
4642
3373
7101
4418
5642
9375
4278
8112
7642
6668
2961
2990
5746
153
7698
7735
9941
1803
5582
4365
4472
8537
1271
1556
1885
5942
5769
8214
6555
6905
2451
8435
8860
9012
9792
8263
1335
537
8929
1291
9661
4325
74
9628
9080
9247
5081
9476
3902
971
6437
9269
7127
3091
34
5239
2728
1928
605
4226
7759
9536
3961
6928
1485
5780
4763
5809
7015
3071
2349
8101
1898
855
309
2494
4329
7618
5002
9031
7814
6634
2456
387
1861
2064
7834
8067
8294
8685
5755
4407
6517
4167
283
1263
5811
8422
3216
2477
5290
7168
3678
3134
9954
5629
4565
4215
688
8895
5426
7582
1262
2216
4554
2258
5911
2940
5788
813
3143
7693
2515
6037
4739
1231
2314
6391
7237
5202
2021
7516
108
993
4063
239
1793
2302
1579
1862
6312
9513
5262
943
9549
8996
7296
3524
2741
6432
5062
8533
5027
1872
9428
7241
9899
4885
9211
9380
6739
4793
1321
9715
2344
9814
7975
2178
6072
4158
3796
6779
6055
3119
4602
22
3791
8368
5277
5944
1091
1247
517
1730
6432
1066
2038
3178
397
1543
448
7452
2814
3466
4059
9127
9942
3096
1356
8232
9381
1428
6809
8053
4374
1347
508
201
8452
1689
9491
2440
7398
8770
4173
7949
4659
7207
1232
8812
8885
4759
1130
6407
5618
4165
8481
4384
4416
2763
746
8589
3984
8744
3298
4459
6461
2824
6810
1234
8643
9684
4961
9804
1263
3300
264
5059
1788
4755
8854
4066
2224
8519
8096
4807
2194
7523
15
5095
8770
5609
6450
2805
1370
3804
327
7870
1427
6429
4084
3365
1480
6526
9668
1265
6161
8749
7166
1049
9738
6452
7302
389
3237
6209
7656
5933
4919
6275
117
174
6378
4924
523
9899
2613
4470
3513
3374
2375
8787
5053
75
378
442
6925
2563
7696
7170
6417
269
1071
2000
3605
8366
923
1232
2750
6959
143
1044
6218
6379
339
9522
4334
9222
7006
2458
6679
6439
4200
523
1977
4635
1491
7
9322
1267
4614
2864
6987
845
4366
7552
146
4398
7191
1975
6556
5233
5129
6983
3019
8523
806
8765
4957
2225
3378
9956
7085
6734
5399
7011
8913
9999
2492
9567
5879
2249
1200
2427
9244
4990
92
8371
345
4155
358
3949
7014
1621
9262
2790
588
2584
9452
6299
4720
8670
5882
1359
8337
157
4251
6260
5054
6844
256
8295
6131
6129
1802
5768
2153
8586
4563
1261
8136
4095
8295
7190
8303
1297
1103
8366
6765
3165
2712
6529
492
5215
1466
1282
5798
3694
3444
6879
5117
1453
5598
2328
1347
8418
9507
2469
806
4096
4248
3164
8011
2875
1250
1944
6374
3726
4999
9746
5411
5064
6359
1406
3650
7122
5179
7028
4757
7542
7164
8932
4364
9785
4977
8755
5440
9157
1823
4948
9745
5601
7243
3238
7329
3181
3277
6905
3044
5272
9153
2226
5603
4270
2068
1043
7931
5076
1098
3418
8680
8434
7046
9954
9571
5119
3347
216
4640
9460
5049
9541
1976
2762
9615
4031
8143
5114
8564
6597
6980
6820
9432
22
9374
8910
4613
1637
5425
8538
219
221
3977
5526
5779
4816
2077
5015
2546
229
9343
4741
9428
6624
2849
6067
2125
5959
1907
9021
50
5495
1354
968
6421
7212
4904
8521
4804
8727
8635
1175
1009
446
9447
9836
202
9718
2337
421
5716
742
2064
6205
6447
6402
4434
2467
4749
195
2620
767
886
5945
6228
69
8839
1315
6193
3163
1507
4135
7713
7091
4749
1362
4216
7685
3909
4136
4523
7007
8816
7562
4621
7036
3474
4089
6119
242
7070
4884
2334
1980
4814
5777
8274
7013
7638
618
1529
9750
1069
2109
4623
6398
586
9501
8726
3346
7551
112
8801
4496
9498
5735
699
5776
2631
3954
8225
8011
4066
3938
9458
4071
5203
1921
4141
4992
8053
8667
5572
4768
8653
8194
1245
9059
7077
2153
4662
3148
8437
1674
3277
2850
5150
8468
5957
404
2699
1730
5308
3070
332
2505
7954
3299
7417
7788
4592
3758
5951
3715
6758
3285
3279
5662
7614
1021
1296
2683
2849
3275
8351
5060
6934
1165
9468
8595
1959
619
3213
3119
2958
6087
6202
8720
6898
3205
790
4578
8269
508
1159
873
491
4649
2790
2980
8586
1016
814
7323
1913
2449
1875
6356
1871
2304
5668
8170
5963
1479
4308
4381
8736
5332
7225
9109
6764
1686
8177
7020
8503
2118
2254
2937
9386
2052
8077
8470
2029
5934
5374
2533
5937
2567
1009
6324
3354
3936
3966
9368
3761
6697
4667
6386
6537
8395
5975
5732
3548
3080
7883
4578
2588
9168
9328
948
7510
8994
429
9911
859
2301
1460
3511
2550
814
2276
400
6882
7376
8500
4577
3300
2386
505
9937
7371
4594
4710
7602
7263
6739
5335
8151
6571
714
6364
9209
9804
9243
6410
5075
6246
6540
292
8491
1412
5648
530
6787
1238
5159
3300
78
9189
5460
7034
8681
4059
5077
7946
9710
3261
2590
8147
3284
4941
3784
8326
1115
4704
2567
9128
1639
911
5226
6063
2049
7570
1306
6602
4425
8560
2197
9743
2757
8027
7680
3868
9784
2632
1083
4415
6373
3846
7770
5172
8257
7787
8893
412
4878
3344
2038
2885
3568
1137
5929
8098
1018
8845
323
5729
8080
5787
6348
4100
8262
4649
7948
1063
8527
1127
1820
415
7170
2814
5022
8787
1756
4185
6237
6568
6289
1413
3947
8408
4481
4094
8896
6514
339
9941
9980
502
1666
4012
2194
8134
2727
545
3811
7388
2837
9718
5137
5802
9688
1358
7568
980
4230
332
3258
1730
9345
8317
1695
9669
3565
5605
7144
9351
8575
905
8404
9298
3253
1178
3263
5383
9997
9454
7822
4682
8708
5258
9865
5120
1525
1585
8768
3075
9248
9266
1989
6794
7440
323
5028
6884
7999
9803
8683
9309
6157
3113
7456
1687
5499
3657
9144
5527
7513
6165
3210
5912
8738
574
2155
8301
8977
6640
3340
2361
8114
6390
2340
4953
7470
4637
3167
7816
786
9785
9043
6696
9887
9139
6514
6150
1297
24
4458
4688
943
4530
294
2762
983
2244
6969
618
1390
9851
3184
923
9674
7539
5276
2954
5483
6978
2711
3360
812
6552
205
9883
5214
8698
1583
6648
2296
9044
5466
687
6387
9672
2653
408
5643
5454
9198
6153
6391
2452
3302
8686
5082
7994
8416
5400
673
7941
4896
7889
2175
9833
3465
2397
2547
8715
595
150
1374
9460
4329
6211
4963
27
6381
9534
5396
8715
1553
713
4489
9522
4708
1966
4770
1434
8447
6529
4702
4526
2517
9843
5386
9275
181
6160
8182
7158
666
513
103
8421
7202
8519
373
6478
6464
6909
8
7812
5284
4401
4519
7952
5645
8923
1115
2367
3210
3502
8340
7084
8640
8485
7258
7340
6566
5850
3660
4181
70
9309
2363
7717
5726
2021
9051
564
8435
6361
7340
222
3982
8614
2977
9628
4194
9137
1014
4532
1373
3034
2885
1376
5666
3314
740
8031
7127
3444
6893
6208
9591
5290
7754
634
4107
5240
3421
5289
9915
9870
6070
3656
3670
9131
5815
4468
1912
1200
6578
7066
6164
6205
465
5053
9748
7705
26
5675
6673
378
2217
367
4469
3916
288
3562
2139
8427
2881
6506
54
8589
5614
4457
2594
1174
401
3609
1923
809
6166
7723
3495
3289
3227
7850
1154
9031
937
4834
92
6924
3149
4007
7505
9878
6561
1181
433
6528
4112
9903
6733
1582
1050
5499
3410
5087
8143
4396
434
2886
7582
2642
6299
8679
2493
2572
2625
1230
1417
8219
2480
6065
8093
9521
7022
9812
7529
2084
4595
300
5940
1767
5402
2716
9066
923
7546
366
1329
78
9350
1588
8401
9695
8534
3912
8880
5228
7063
5656
6284
7979
8101
5474
1320
9695
6479
3776
3357
7093
2048
1204
1590
2745
1845
5924
9776
5883
7700
7127
3097
8508
4372
6852
6599
2498
6323
8405
651
4235
8088
6928
213
3198
4470
5811
5929
949
6277
5463
2845
1414
8729
3931
1533
8336
3812
5580
4157
4161
8232
7539
8014
3798
9817
1208
6952
1020
2677
402
5270
2756
7970
6916
5667
269
1708
8511
3638
8595
284
8293
2803
7099
9615
4765
2140
5319
6165
71
5557
7888
2685
9423
5514
9903
133
5973
1170
494
208
1489
2428
1345
1248
1677
8699
3582
1803
9616
104
4443
9590
4205
9695
2085
7574
2877
4325
3565
1845
8558
9870
5527
8221
785
4960
7558
349
1248
1986
6919
5481
3537
3531
8329
9052
9712
7902
2908
8764
4982
9752
6255
422
2717
1975
7332
7838
1474
4592
4564
3847
7071
4027
9624
5629
4187
8991
1928
8661
2542
3852
4119
8
5566
7194
1216
5110
8194
4027
2271
8046
7735
7210
65
983
3789
3472
9381
1002
2091
9646
1343
2629
5960
4171
3028
5893
7032
7183
8214
4350
4099
2945
8444
2016
1520
899
989
3492
9964
402
4207
1647
2369
6075
1920
4194
2686
2824
7701
743
6899
7387
4119
1957
9745
3724
1824
5601
2120
747
7310
9791
3600
3295
2207
3714
9608
5078
8320
4076
8698
9746
8587
9757
9546
2301
4780
8119
582
1567
8811
5653
9614
9963
8256
857
6883
3666
9831
377
8365
2429
6678
5670
9667
1635
7258
5714
2233
5214
1879
7866
4036
9071
7408
7352
3679
8221
6683
6948
966
7322
6536
2754
6719
3140
5701
6249
3719
1074
6817
4804
5468
450
2472
8264
328
7959
2394
6806
6845
6712
9646
7233
2658
8752
8739
6369
1201
4740
842
7529
9229
9214
4712
7927
8005
4781
7421
6140
8555
2321
3343
5445
3531
5
3829
3591
3495
9067
6372
772
562
1919
2355
1330
4708
8618
1770
3582
9041
9263
931
7417
1144
7847
8763
1615
2613
8047
7950
968
8840
781
3781
7112
5394
1902
7741
2796
310
60
2935
1045
5380
1066
1818
1173
9512
9998
2457
9708
7890
9481
2265
9788
8910
6444
8010
1972
3477
8240
7231
6275
9830
4505
5852
4452
2877
8665
5695
3536
8973
3697
5157
534
2738
780
627
9504
9567
8866
6845
1042
911
1453
6295
6913
289
6280
8093
3627
632
8592
6595
1572
3068
7077
8930
1571
2380
4553
2739
5816
1132
2862
1504
1995
7430
7330
3222
3495
3321
7110
8384
1419
3991
5052
7433
4234
9288
2115
8235
1590
4810
5140
3748
7872
248
5435
1033
6249
4181
7678
1677
5785
5566
7355
9116
9358
1458
1025
1354
4912
9337
7964
9824
7973
423
8783
4176
2629
6853
6710
6965
3953
5641
3627
7555
6306
2201
4458
1056
7640
1115
9511
1280
1143
9595
4499
4797
947
6949
4518
9052
587
7798
7040
9533
7700
9938
6321
4859
4982
8487
261
2192
8538
4032
9433
9656
6800
8980
1271
3868
2930
1433
1868
9931
2641
9345
1574
9851
4319
869
9860
9605
470
8665
7422
1871
4871
9717
1114
381
6367
2782
6577
8606
3511
2507
8541
4515
1414
3383
1364
4031
8284
802
3221
7857
1972
9149
5911
8901
5255
5748
3197
9096
9960
2066
3032
2870
9253
5065
9326
8709
3519
151
5846
834
4344
2612
5883
1085
2388
1854
6723
1369
5531
6159
2137
7603
8363
6225
2933
6367
6972
2658
6841
6598
7721
6625
3553
2548
2851
7071
1521
3140
3235
9035
7852
5739
7185
4935
2761
8297
3957
1130
2376
2123
7863
2089
5505
861
5214
7264
7047
1883
1021
3445
9553
4243
1213
7870
4509
9215
7578
4087
1940
2699
1833
300
5062
6066
3704
4895
3808
5707
4319
9240
2318
2765
576
3787
5604
3678
5036
8569
8007
9238
1968
7677
1334
3409
9154
2540
9840
698
1687
791
4703
3507
8109
2775
6669
6965
3033
1089
3379
9505
2590
9027
9158
950
8683
1966
6027
8718
7560
8964
2372
7495
1227
3135
644
8192
7761
645
2485
7977
2067
4022
2667
5610
3182
2716
96
9559
7327
9015
884
4439
6299
3155
6604
3129
7610
340
2440
2769
8215
3541
2841
1085
5504
6900
4585
5124
6519
4855
2953
3323
8958
7422
7000
1644
7427
973
622
9075
3706
1874
8700
6000
1768
3475
8629
2769
9814
4961
2432
3808
858
9525
9128
3977
7152
3721
9308
3261
8404
7964
6012
4187
8425
4424
6654
988
6760
1271
2507
5788
1776
8993
649
1617
2548
1465
8387
8325
1062
9173
3086
5592
6911
3146
735
4449
132
3476
8728
8817
4672
5862
4799
1256
5576
1456
1472
4740
3014
8988
8943
1079
5803
624
4990
8810
4116
6363
3176
1774
4068
7322
100
4737
2170
2600
2147
4992
7316
9018
162
558
5322
5072
1807
6609
2731
4833
2174
7552
3702
8844
6323
5890
3693
7411
7939
4299
4356
7779
9574
7146
3459
8519
7235
9045
816
5840
148
8786
5938
4323
7706
5006
2463
8328
2884
6388
8677
405
6111
9141
891
2405
7204
2445
4120
6925
6344
1237
3139
3258
772
8379
4908
1482
9252
2138
3850
3850
329
9027
7141
5563
1661
443
5768
2323
5106
8326
871
8621
1318
2308
9753
2589
8293
4192
5207
815
1109
1133
9101
843
3887
4872
8657
9411
2761
8018
6925
5827
7182
3764
8486
5686
4321
9972
6616
2046
7523
2663
5933
6479
72
8926
3199
5338
5459
1269
4942
549
74
9764
8928
4690
1678
1610
8610
2369
7797
5238
4315
9784
4829
4370
4935
941
4334
340
8980
5522
2591
7397
5478
8211
9912
1256
6305
1095
754
6319
7669
8792
1260
8105
7048
7816
1287
7591
4955
7365
6685
8015
2596
3019
2149
8771
6288
9289
3019
6074
3338
5547
2943
8927
3022
1278
2519
6583
1956
2064
7596
585
6612
3691
2626
5721
2988
5987
1274
8407
9119
2794
169
4807
2337
9690
6718
9470
2033
9311
4174
5029
8387
7036
1451
7218
9110
2297
8671
8975
3835
5444
5021
6255
3560
989
7010
7555
6987
2580
7435
9423
5016
8730
5063
2937
2205
4904
6120
1859
9105
9813
6182
7206
8638
7217
4936
3705
4150
9292
1924
6982
7221
6415
6535
7913
716
9967
7689
4099
5369
6514
4959
3650
4746
290
2663
7315
602
678
5226
7405
1993
1421
4423
4725
5281
5961
1611
4388
8435
3072
2626
4490
9142
7429
111
9889
7256
7226
1161
5266
6106
4479
374
3877
4209
6318
6840
6585
2020
4261
5940
851
361
5525
438
8198
661
4718
3900
5041
8959
4844
2515
165
4564
2287
2237
6725
6559
9154
4333
2165
8627
5718
3047
2376
9181
6419
3185
3307
7968
8880
8997
9908
8520
3917
5852
3671
944
962
9341
3986
5982
8358
9909
1547
4992
6336
1382
1756
9139
899
2923
7808
5963
3536
4814
4253
3638
9838
9568
3387
6307
6582
9617
6557
7172
5351
6237
1410
4064
7157
680
5591
3673
6427
5193
1143
6187
5611
8073
1323
9340
2937
2378
8021
3705
8819
5546
7986
4503
4662
7339
7317
9605
2779
3597
1860
9672
4302
7478
5054
4837
6740
3999
3691
9055
8167
413
8248
7146
9561
378
5826
8905
7773
419
6887
2464
237
9771
6783
7624
2104
4692
4863
8941
3350
1946
8424
7903
1482
8803
329
7508
1041
3950
6600
7505
2277
5785
5800
6895
7264
4315
2291
6583
6112
2391
4089
3283
8661
6482
6965
6910
9965
2798
9921
9137
6381
6497
8257
6075
7038
3179
5928
988
5966
4696
3185
953
9530
2495
1160
9631
7935
2669
8051
8497
8810
2741
5709
3355
9301
2137
4966
2408
5561
1325
1339
3496
377
2757
6865
1592
3286
3298
3861
5577
2672
9088
141
7579
614
844
9077
2521
5610
5813
7584
3258
7402
3831
4799
8117
1338
7275
4640
759
9242
6467
4059
6935
8109
8312
8535
4215
2259
8515
2244
6990
3778
8568
6801
1651
2133
5922
7855
7776
604
1430
8241
5885
2670
3584
9480
4628
8266
2108
9243
1236
9727
5880
6404
6053
5112
5569
9630
3339
6672
2922
7125
2886
2060
2220
84
2984
7537
3335
5950
8435
3262
8691
532
6077
4928
7864
1897
8320
8568
9500
2481
7475
3888
6422
3644
8964
3436
4927
7
7942
4644
4914
563
6566
3016
9560
5330
2584
9614
6630
7337
1238
703
345
9909
2590
7287
3207
1289
2664
3006
9714
9119
4200
3184
3317
3070
7171
3445
8301
4034
2434
1764
5124
5941
8496
3138
4000
7792
6914
5292
197
8948
4166
609
5688
8528
4839
8584
4119
5855
6950
4934
9330
5472
6904
2810
4206
9068
7494
4184
652
7211
1881
4050
9265
1037
8210
4391
3705
3509
5990
3328
5637
3535
7222
9067
528
4133
4317
2291
2500
9098
1155
8584
5234
3861
7628
6934
9457
9145
8941
4397
5424
532
8271
6414
2885
3032
6993
4171
2197
576
6985
9647
2088
3187
2009
2405
2784
5475
185
9869
5050
731
5483
5640
2510
8140
8317
5279
5344
2359
3843
9117
1479
4617
9170
7558
5870
4130
8431
7332
7698
7144
9706
8391
6060
7427
9880
8594
8087
4418
731
9244
8101
341
4980
4297
8740
1795
4475
1235
1824
235
5157
208
6986
4049
3209
4719
1267
7835
1448
7566
6797
6567
7901
5650
7446
6402
8127
8579
3519
7706
5546
8201
2446
482
5258
8549
3676
1786
3140
6015
7414
1204
8780
7265
5367
2955
4269
9769
4385
8846
5534
9994
376
1847
3522
4631
7163
6209
8566
3937
9337
5429
5864
5951
3993
7199
7763
5113
6132
948
2038
3442
1167
6943
9055
7724
9277
1854
9402
1308
5825
2054
8147
714
4183
7453
2390
605
1368
2771
1005
7790
8702
5693
1047
3329
1412
1809
6160
6283
7043
6270
9651
9740
4885
6350
3976
3128
1150
6693
6171
4305
2725
535
7095
6748
9819
3588
9178
3285
4026
7176
1715
9570
5346
1395
8126
9354
1557
797
4794
7479
2852
8524
6328
6781
844
475
4487
2439
1931
8894
8195
1836
998
5415
7638
458
5520
1876
4425
1514
2975
4898
6422
6937
8704
350
6106
5357
1954
7461
1077
5294
2136
2316
2613
5108
4180
3
9881
8934
8805
1836
8401
5993
8901
5788
706
4608
8998
1541
3046
9105
552
2999
5701
6541
6972
4912
7496
6260
4055
2391
3680
9542
393
6186
4994
3351
6190
2008
6937
2938
8095
5007
918
7171
2593
529
6148
5241
2665
7429
9609
9630
4135
2653
1632
1522
1696
2666
7294
3602
7561
131
8708
656
1295
1955
9611
2888
9443
58
7653
7745
56
93
5902
7765
6220
3564
6519
6221
450
2236
7695
2344
4053
3334
966
2596
7657
2308
7691
7870
2358
5707
9040
3055
8475
7676
168
4840
605
6647
7864
9399
7029
1523
5726
2840
2799
4758
5648
9592
8323
9234
9734
8569
4024
7672
1365
4309
6833
4318
5194
4781
43
3569
7384
4397
3531
8765
2155
1300
6407
2192
4608
3880
489
9496
2
2189
7772
1655
1071
845
2250
6495
4508
5021
7647
3039
7610
187
5236
4424
2096
5653
604
32
8020
1382
6266
7941
9784
1371
1725
739
3929
8295
6575
4106
5069
8910
6548
2065
2248
7349
7138
5366
3969
4412
5736
6062
1451
7469
4521
7341
345
2527
8565
4944
9013
6822
4643
3536
8754
5908
2014
5696
7703
8669
73
727
4333
1178
795
5992
5349
7482
2692
6716
804
7622
7464
9051
4453
9872
623
4318
1593
4132
4303
5746
6261
6782
3261
323
1860
7185
4438
6093
2449
2452
2514
8513
4574
7336
9
1184
6869
1903
800
7971
108
8908
3610
172
1791
509
9620
7174
9945
4481
1831
2012
972
7178
506
7112
7854
9868
3109
377
1555
5730
9118
7128
9470
6593
8693
2506
1855
964
2433
8627
1573
9240
3786
8952
787
4984
8765
6800
2634
2281
4801
436
9575
8676
9826
2310
3662
8167
4445
394
2488
9189
3239
2299
7582
323
7414
9538
3487
5845
8922
6408
4494
9233
3295
4840
1619
8697
7160
3019
5036
6989
6759
1304
1019
6434
4650
2265
7990
6307
8979
8032
3952
4570
263
5154
6203
5643
6411
4485
6978
181
409
2425
6229
2324
547
1102
2687
4709
6892
7122
1956
3260
1614
5210
1204
6054
8470
8984
368
3072
1520
2404
1549
3367
450
3168
6873
7915
5546
7508
8032
1971
8754
3704
2756
5257
8942
5981
712
4963
5512
5672
629
7536
9042
7134
9801
9957
597
8181
9861
5428
5018
2853
9971
6078
7847
9326
5415
2414
4942
9503
6506
2870
4059
9127
6338
4846
6274
3605
5089
5197
2535
8856
8745
9864
4271
1714
7254
6941
5503
6257
3482
2340
2145
1467
9644
6868
223
2627
717
9447
9262
4121
2822
2756
6634
8051
7678
5714
7709
9639
6835
1562
557
4586
4171
971
6549
7138
309
3701
6094
9152
7191
4817
8717
1042
7458
6489
7126
6643
9491
1333
2005
1683
8453
2054
3554
9277
8475
3715
4301
3847
7761
4050
9437
203
9989
7597
8439
900
2697
8135
2805
6828
2835
9077
4141
4891
5214
4507
7217
2471
3458
3482
2920
445
8059
7118
732
6575
8971
315
407
2829
2291
1650
1856
9693
4217
7510
9247
2516
3721
5662
267
1612
7594
4338
6160
9853
6083
9622
3680
9226
9251
9194
214
5258
2933
8757
7430
8325
9685
2031
7340
5097
7652
9054
7121
3883
1289
1961
5876
8442
2885
8575
717
1029
8922
953
539
6857
7728
9778
3284
1858
3571
4058
6453
9145
6157
1282
5665
1588
4158
323
3167
5273
3599
4444
3129
6111
8867
3946
7865
1883
4478
9446
4675
5733
6558
9632
2237
2419
5547
4036
1032
1464
572
8043
5755
2144
1488
7857
816
4362
3866
7895
5360
5689
5552
9360
961
2371
7868
9107
6297
6450
622
2518
6212
3799
8158
3111
5895
1980
4927
4339
9067
5944
1416
4093
6687
3594
3117
5222
9619
8520
5327
4062
3245
7461
9455
5217
9596
7940
1962
8832
2843
3892
797
7513
2241
5593
7777
1802
1930
7997
9175
3097
9444
9867
3857
3964
5518
3963
2167
3102
4662
6729
2536
5625
7725
7164
6919
3940
3524
6890
5347
5777
1552
9458
7450
1434
776
4520
6189
1027
7363
4414
4068
6935
3623
3487
251
1429
2234
1979
3981
5625
8215
7143
7539
4906
5973
5988
6938
7636
9341
256
6472
1487
2520
8277
1958
1021
9672
1527
8596
1929
7326
1420
7166
8539
2125
4399
6977
4551
123
9089
3886
2212
1955
2525
3018
9326
390
9755
4162
3475
1403
671
4639
5765
1616
4938
2215
7229
4724
4386
7561
6195
5735
3423
9859
8762
2406
8134
283
1950
1053
4835
7546
1031
1434
2147
1706
205
6541
9610
5785
6882
1827
7885
2418
4041
4229
1049
9584
1171
4736
2495
8011
1130
4836
1045
1874
8242
9501
3123
8396
1297
4881
9108
3439
9269
303
7288
3396
4524
3720
5322
7856
2745
7954
8801
4924
4954
3060
3921
1182
1544
7060
2022
1698
7195
2437
3009
1191
7880
9486
6789
6604
9306
9426
1496
6954
1725
3702
3763
3846
6313
9354
9319
4169
3279
249
7838
2604
408
5694
5709
9633
1947
6833
3273
8606
655
6113
9419
5281
841
5324
5939
9748
7452
9097
4003
1314
653
3737
311
5550
1513
4499
835
5586
4053
7545
9063
5511
1820
1553
4510
3614
4624
9032
5037
4358
7196
2643
3408
5751
6810
6498
8269
9160
3590
385
678
6691
4590
1070
9289
2614
8874
6630
7580
1149
7395
7392
6525
5639
2728
291
5110
6277
8576
3115
6656
9957
3413
3557
30
170
3757
468
9175
6740
4150
1058
4905
8479
4340
7716
9044
4580
5079
2053
3460
6756
6691
4137
5158
1319
9767
2487
2485
7564
2264
8666
9531
34
6124
7151
8795
3608
7385
2953
9953
424
3129
3284
1831
5735
9795
9045
4983
2828
596
4537
2221
2305
5959
5929
8477
4973
2465
8827
1984
7022
4441
8017
9022
3233
906
8199
7297
3342
7452
9512
7975
2005
1187
9683
3064
9609
4409
7691
3454
3632
209
2891
5566
7478
9877
4817
5100
380
9205
8962
2279
3837
913
961
8921
1630
1197
217
4120
8325
5151
3053
9792
8245
4491
8856
4514
2391
6157
7001
7435
3860
8760
2430
398
5952
2372
3543
2534
4213
3890
1012
4835
3451
1606
568
4555
7241
4014
2345
3867
3888
2801
8718
4115
987
1423
1612
7528
4559
8149
9304
7056
1508
2964
1939
8111
1906
4056
4367
4880
3831
9089
539
712
11
9485
1656
9097
2086
6578
3779
6277
4455
734
9536
4167
5630
9000
42
3363
9687
3397
8587
198
6882
6340
5439
3431
8714
1345
4680
3773
5500
4043
6213
3453
6648
329
9929
7353
6426
278
6363
4422
6522
3081
1517
1803
9021
4803
7289
4963
9120
216
1994
7567
2632
605
8572
1816
7368
9980
4199
1128
5536
5818
8772
1563
8985
5333
5478
5406
619
6129
6778
3375
9077
1936
1803
2513
2485
9288
5160
2069
4553
9602
4018
286
945
4714
1323
6656
9090
9058
4924
1498
3174
8506
8539
205
8409
6978
7361
6005
5245
3814
9529
4289
3094
6890
762
2307
9376
2384
1700
9114
9002
631
7182
3707
7976
7081
1510
5450
6381
1369
2534
4707
9271
4217
2553
1060
1137
8583
1728
2777
9189
7680
3756
7188
9273
4503
6697
8762
351
9320
6193
8418
3834
4457
8810
9213
8650
5678
8952
6970
9637
6411
54
8583
4710
1979
6007
9045
2402
3593
1148
997
7106
4014
6610
8234
7236
1586
1982
2051
4030
9115
4054
6935
1191
5253
1115
9442
5499
9897
8476
1847
1095
5467
9945
9188
3063
1841
9396
7718
7058
2311
4630
2784
9815
8837
2559
6660
4117
1253
8670
7948
3778
5406
4828
4678
862
7
7074
5888
2960
2915
8401
8441
4864
7947
2706
6753
890
4484
6064
9579
9170
7296
5508
9776
7973
2880
5634
1553
1778
5600
6792
9527
2922
8981
1723
8369
9952
6579
2350
8419
4586
5639
5400
8448
1845
6916
405
8631
5622
3416
3492
2265
170
438
4044
2610
7381
1397
918
8198
7705
2051
8874
4302
4742
6729
36
2200
159
7817
4242
111
1543
3845
8360
1707
8252
5942
8122
5174
3030
3211
3015
4941
302
3820
2364
2792
6123
5490
7178
1638
9570
5393
4042
4041
780
337
6500
7243
7927
2180
7842
6849
4802
7154
6341
7821
6421
3303
8615
8098
7299
9515
4986
9589
9515
9071
8779
8833
5545
1080
2824
6256
9359
8212
2203
2990
4188
8222
6217
152
3682
4571
4947
9051
5061
5101
2338
1272
1147
5117
3656
2228
576
702
2540
262
8129
7223
7717
4631
6894
9200
6462
8107
1625
2280
5851
90
2941
4123
6717
8756
9056
2829
3224
6463
8908
4588
1790
1122
2900
2908
7405
8433
1258
698
7900
8007
7551
4337
2693
8784
2529
7258
1414
5812
6904
8760
8851
3493
1976
1313
4611
908
6819
2577
6579
1741
8477
3167
3845
2181
7334
3396
9053
57
144
2392
4552
7461
8926
6840
8397
9702
3776
3853
479
59
4603
6377
5217
3430
1380
8984
8171
8166
7575
6115
7888
657
5586
6253
1996
3605
7877
1017
3988
9821
1108
6139
7800
8200
7138
2354
7436
380
1752
9366
6163
9505
3743
315
184
3463
3695
1841
8392
9922
5407
1879
9021
5875
775
8520
3589
2661
4584
2456
8985
5757
9670
5988
9469
4678
3857
4380
1694
7252
1378
9327
9211
1973
4286
3873
8891
7798
6131
9182
3961
8706
1166
6926
5867
5341
5051
6658
1395
9664
8243
4847
6775
4942
5689
381
2636
2617
9440
4187
682
7200
6324
9907
6655
885
8597
6587
4116
5512
1399
3756
7208
1353
4896
6350
9014
3841
8605
9258
9333
3568
8143
9759
3136
796
7129
587
2737
5946
502
967
4764
8939
6358
2543
3247
8016
5958
538
10000
9071
9323
3873
5377
1380
4840
9598
3000
2973
2921
8684
8088
10
8010
6966
8839
9723
327
52
7668
408
911
5106
7138
6457
7092
7484
4034
8188
4324
5487
243
2297
82
7648
1513
9180
7097
8899
2238
3682
8917
2475
6529
8569
8707
4859
2345
669
1060
5786
2391
8188
1457
4712
1430
5180
3472
6915
186
79
2101
2184
9944
6274
4969
6223
2055
473
1208
3593
4023
6693
4407
359
7764
1095
3469
9480
516
1366
1440
3953
1819
2680
1523
1277
2391
7188
5746
3425
9725
9450
7045
1224
6160
4457
6543
4668
6685
1320
3832
3188
2770
8667
5851
9327
2474
1210
2995
121
3259
7853
7544
3189
3911
384
575
6529
4787
3467
5820
1829
7293
7927
1485
8479
7179
8251
3218
9883
2806
5816
9033
6
6766
9439
1060
8660
6866
6057
3918
6417
8054
374
1086
4118
6621
6302
7767
2430
7794
3278
8875
9882
5163
585
2035
7368
9374
4281
2577
2200
4856
1411
194
9131
9695
5921
8263
669
1715
8341
8650
8175
9486
9956
5492
6230
2289
5003
5533
3902
6901
2841
8916
5991
2365
7777
7834
1389
2131
7767
3245
2542
664
3217
8416
1966
2237
2892
982
7832
3534
5525
4440
8453
1462
2041
6187
1268
4076
8345
6020
5653
6063
8006
7358
6462
2008
8750
2373
6141
6193
8605
3072
8303
9271
7539
2712
8381
6478
6540
641
3881
8825
8547
9739
6063
8608
6028
7430
3414
4025
7539
6797
1067
9447
3264
7137
3231
424
9293
434
1558
9573
4181
9552
5829
8260
2351
1283
7070
6597
5258
5890
2600
3755
5769
5151
3916
290
6300
3887
9284
1290
1808
26
6193
7533
6980
1688
4180
8349
144
8887
5559
6111
9357
7551
4250
2400
626
5233
341
4222
2182
3718
2717
4811
7376
6527
142
227
3913
8762
5881
6475
4593
7295
8102
1106
6064
761
8271
154
3176
3051
5765
3332
6807
8423
7762
2708
905
8653
5390
5408
4074
965
1148
6295
9433
839
100
5413
4240
9062
5456
2270
3314
5096
4947
1622
6763
5699
5089
3102
3916
3915
3766
2312
7272
8056
8244
3304
637
1179
744
8339
5961
9668
4130
283
1067
2781
10
8120
8179
5877
5448
4077
6147
9630
1970
2347
9589
5836
77
5198
7951
1358
8583
7731
1245
4297
953
8248
5319
5019
7560
1387
4783
4869
5357
9786
9365
1678
7824
5031
3102
6181
3237
1479
8276
7046
9013
8576
817
9523
4525
8696
2099
163
7842
8945
1246
5373
3061
9536
1173
6808
3176
4997
183
2971
2805
1035
1753
4471
7007
7420
8296
5122
967
635
7794
3647
5119
768
9035
6691
3803
7239
1595
3267
7958
3539
9657
3887
7688
362
1588
6435
9733
888
5850
5251
1540
901
2437
5894
9697
2858
3734
1727
4840
4620
5154
6593
8018
9121
8122
8096
9780
1180
4198
4210
8444
8369
5293
9439
1525
3658
2631
6122
4666
1861
6432
6329
8200
7850
2717
7368
9046
2035
8048
2563
9314
6963
6597
3523
429
2096
6787
8507
7398
3808
3230
1162
7604
9116
5794
8871
5079
640
3977
2309
4010
2073
4476
6383
3899
2590
5136
584
3661
8772
5323
5808
2214
5242
3388
3343
7383
4546
4140
6450
5842
2646
81
1872
3557
9656
6118
5904
8860
4770
3171
3036
5131
8385
4841
2440
3720
6413
3885
5256
8033
3303
9738
6876
3552
7124
4904
9067
2609
9804
1993
9619
2553
7084
6523
695
8563
4083
6795
1247
2880
3407
5403
4826
9693
7837
7679
9621
114
1160
8643
4955
6272
4098
2771
7330
1824
641
8122
4136
3044
3310
7057
9180
2176
1492
6490
9495
4310
2917
8620
8592
7095
636
2729
4345
7474
9041
6649
4480
8871
5855
8999
4541
5689
7463
5691
5690
4711
6206
1596
7798
175
9107
5636
7640
8418
3957
2617
1521
6540
7357
1518
4933
3876
4965
4880
4026
639
4353
5181
9368
7205
9565
4396
2336
7209
1225
9025
7330
808
5500
2001
9608
7146
4930
935
256
1810
8727
3570
2053
1862
46
5697
9498
8929
8821
5467
3326
9180
2971
924
1361
1841
711
8659
3550
1032
8655
4889
827
6882
4896
3903
4751
2188
4517
9471
6412
636
8629
5841
3283
7715
7326
7107
4778
5507
2361
4519
2793
4654
9828
7535
8462
9373
9810
1034
6894
8858
2946
7241
3530
1119
2682
2004
8023
2895
3995
1051
2568
3271
9427
4125
1234
6406
9330
2911
1476
6833
6062
47
7799
3781
307
9343
2213
2188
2311
3114
3596
3302
6381
9624
2467
3810
863
8303
3500
9200
3712
90
9973
817
5929
4659
3579
5968
7556
4830
8078
7127
196
4469
4175
9493
3442
2889
1424
7528
8591
9725
6924
7760
860
105
1924
8576
2106
9916
4263
6123
1943
2589
1160
6806
1029
9760
602
343
6583
4826
8226
2182
7150
2291
7239
800
3671
1429
5475
9106
2710
5708
2405
8198
6428
2673
8457
3231
9357
7296
7854
317
6915
2990
9087
9851
4227
222
1493
2910
7299
8439
133
3604
64
5115
593
1613
4658
729
3876
3455
8625
3737
4693
7252
1058
1387
7625
1428
3456
640
3900
6066
5794
4073
2162
2968
1804
1277
5009
9016
1831
8800
4552
7021
3368
5965
245
1131
2710
3785
9964
2543
8121
7219
5927
9176
1785
6521
4717
2813
4677
1487
416
4377
1717
130
1427
4856
5145
2584
8309
7712
3431
7510
4460
7229
8189
2753
8775
7865
4692
7922
4417
2481
6507
2277
2556
8695
325
8801
5649
1350
113
1156
417
4053
5936
8227
8654
840
1176
8167
9134
628
6456
4641
881
8480
152
3856
4687
9815
3594
9479
8376
9261
944
5086
8199
3252
5585
7503
4921
7268
116
1177
4144
2738
3707
4181
8830
8399
6068
1729
8825
9810
5477
2940
7453
7479
6889
3710
5759
3773
7949
8505
2288
7605
5446
2762
4977
580
7115
8299
8310
267
8491
8818
537
8842
5579
3400
4225
6133
7670
5966
7079
1217
1870
4144
2636
226
5090
7249
7925
8115
6190
4579
8342
3259
8219
2714
7419
4848
3441
1125
8044
6284
4561
6791
7328
9842
1012
7970
1228
5925
1573
7977
8601
7157
9123
6324
1726
4502
3974
2410
3635
7544
7375
207
5947
7356
2402
4405
7958
2004
7134
8347
3397
5774
396
8286
7567
9759
5453
3145
4677
5009
8305
7678
2469
2883
681
200
6109
1730
6840
2984
581
5808
8601
9976
5039
9028
6308
4516
3736
4709
3361
7264
3493
5155
6337
8866
2227
7046
3299
1594
9037
6370
2032
1198
5183
8328
9420
681
4789
9758
9625
3392
3174
5503
3576
5620
4952
3304
154
4934
9124
9223
2541
2965
7216
8772
8375
6261
9840
4608
3458
169
6288
8132
4529
9393
9194
366
1812
5322
9989
9479
118
5725
7107
8097
5225
680
5648
9569
3798
7678
8843
1302
38
7096
8367
712
1357
5787
9927
4414
8671
7746
5214
287
8694
659
9870
5082
6463
870
6674
1008
3354
1068
7447
9017
1099
4269
4567
2613
7932
8845
9593
9678
6215
9541
7661
3629
5696
5241
2713
9616
7405
4942
5030
8520
8418
814
4812
3954
4843
2037
1212
5394
225
3517
9291
1254
5826
27
8918
8204
4862
6969
8272
7331
3846
259
7167
2833
8237
7589
6248
246
4519
3460
5345
2200
8834
483
6950
5584
7087
5314
5159
8118
3231
6991
8565
6487
8340
9756
8650
5521
5263
5013
9781
3050
3135
3278
4697
2960
321
9755
7878
1090
957
4324
769
562
6949
5435
6496
4895
3504
8408
9179
6875
9418
9890
1843
509
2186
8600
7029
1438
5391
4529
5512
8251
2174
6790
9770
4904
5272
9978
7200
4388
897
9801
5618
4754
4614
3592
7270
9232
6289
5178
6285
5184
4499
6830
1316
347
5989
6798
4717
115
9857
3923
400
183
9689
7618
4392
3658
3092
8115
4868
9518
2203
107
6104
2749
8327
2555
7637
6963
75
4130
515
8345
3364
3485
8996
6372
7907
4245
305
8409
275
4366
5899
1860
9562
4186
4261
3788
4622
3631
4545
8205
3253
5666
8857
1182
1919
6980
2724
3369
8468
7347
263
6710
7831
143
2887
7193
3899
6793
2574
1056
4031
2907
58
7598
1967
4895
8842
8677
3703
3912
3087
9315
5934
7963
8259
4578
9074
16
5323
6773
8819
6458
8666
1327
9344
5854
7260
2877
7990
754
5669
3305
5655
7017
7258
1866
7685
4801
6111
3443
799
8759
6073
5570
5933
737
1785
212
8084
8321
8474
5319
3976
3266
9404
3943
3094
4260
1371
4058
7485
9947
1557
2420
2379
227
5896
6853
6370
8216
8456
9348
875
9452
888
2611
5382
3561
306
1145
282
5808
2140
9323
6616
4695
8666
8549
3782
3406
5645
6551
4582
8410
9732
881
1583
58
480
7014
4712
5618
239
4167
8693
3934
5790
2929
9066
3902
1088
6692
6744
727
9811
6679
9848
1060
1616
8620
7899
1086
9029
4915
5825
2224
8879
5628
9695
5980
8003
6550
5352
1049
1226
4692
1072
2873
9412
8960
8926
2389
2473
3738
4348
389
9029
2366
9099
2502
9545
9362
7783
510
5066
9937
2009
6217
270
6091
4003
8643
8403
3054
4177
8465
8607
9589
92
7586
3082
9697
3219
4193
1044
2002
2485
5522
7545
1961
2050
9001
1391
2229
3604
354
208
5718
9757
2761
4069
6939
7024
3329
2043
2281
5228
5311
215
8475
5488
6912
1645
5475
1265
4219
5874
7078
6206
2095
191
2065
5143
3380
424
4950
7215
1912
3811
7995
8491
3561
8397
6589
393
8423
4265
1526
2137
130
1739
6362
7856
4931
5945
770
818
1885
9362
1477
4612
7350
7968
5950
630
9537
3748
2751
5641
905
820
7841
4953
248
5408
8236
8673
9246
8342
7529
5409
6782
4563
8610
234
4590
2488
1338
554
1448
9857
2539
6101
4145
5073
4949
7773
6908
6712
4443
1585
9397
9610
5924
5457
7136
9848
895
2989
3424
167
8107
9670
2492
7790
5607
9749
8967
6673
124
7025
8174
1
4511
9061
4023
539
4218
5950
2434
796
2483
2528
8967
2575
5522
2110
7175
1313
1748
7438
9747
3753
938
9250
9313
8929
1969
7756
7191
3497
9578
2888
941
6358
5666
2597
326
1743
7166
3766
6751
8036
3064
2618
2140
1541
9585
5424
7612
6694
2712
7502
6090
2661
3959
3463
948
1713
409
5255
7054
3513
8617
7260
4364
8821
6575
900
8387
3734
9851
8570
4574
5580
6911
1213
6961
3613
822
4994
6977
6857
6630
6460
4314
3242
5097
5918
8434
1549
1805
4487
3705
2883
1307
4300
2816
9489
9923
2226
8308
1415
8114
3805
2546
7646
8937
6744
3837
6689
6837
6287
373
4364
4065
9728
8304
3427
3638
948
5593
9198
7226
1798
7044
9406
8988
4544
3297
5750
1068
5211
5393
9618
2832
8333
7578
2040
7264
6866
5473
4453
1861
4244
5781
6313
4927
5031
6596
8814
7985
2828
4990
5173
2531
909
6457
9917
4812
7100
5683
712
5382
642
1282
5308
8483
7395
152
2227
9412
4927
5838
3203
9010
5544
3740
8744
5459
5559
8613
6970
7858
9048
287
7415
438
5998
4005
2851
3623
6155
421
7155
9679
697
505
5562
7453
8362
6992
5801
6087
4517
5038
403
6047
9683
3453
1841
1943
9303
8216
8239
5560
4934
6281
1357
4931
4351
7653
956
4438
5464
2333
3877
9807
7683
6419
7920
3288
6659
6835
3583
2177
2720
8470
992
7971
3383
6840
2458
6934
7917
9856
4012
8893
5924
4826
5666
2967
9718
7966
1380
7486
8424
751
9609
6289
8251
6566
1480
7727
5177
3246
2590
9028
915
4485
4897
9995
5438
9885
6839
9028
9334
4244
3979
246
3862
3861
8357
6837
515
3967
3283
1679
5700
5629
5370
6563
2921
6214
5128
3494
1782
6647
3246
7263
5779
3544
5395
7780
5254
1731
6133
361
3584
50
5679
2349
5625
8130
7400
782
2503
5049
6160
3742
1404
5702
1332
7263
6066
9060
4064
932
3451
5043
1436
4276
9940
472
1078
4138
1782
2119
2565
7574
7624
5343
5554
830
921
2856
4812
7310
4839
8487
7285
6955
7679
9678
8147
4092
4710
3513
7064
8842
2771
1031
319
811
2032
8955
4214
8696
3723
7192
2011
8538
3221
4757
8332
1685
9470
4967
3331
6390
4216
6997
2751
2822
1067
7491
1205
3455
1148
4126
6138
8124
6332
7303
8426
407
1750
2094
1696
2158
4571
2184
3445
1264
7767
8400
8430
6359
8943
2222
2309
3480
9646
2771
196
9314
1031
8870
9733
9259
2846
2093
3196
6082
2466
7772
2147
3891
9437
9180
4513
1000
9363
1893
8967
768
5423
1766
2990
5369
1272
339
8571
4943
8770
2320
1323
2217
6605
5336
2229
6799
5626
315
9054
764
2109
1115
4560
7025
9309
4159
5083
8178
5445
929
7344
3093
6985
6683
7966
651
9003
5409
7963
1628
6281
7464
3977
3636
1769
4846
9495
3719
3255
6453
6393
8867
8339
688
4522
2576
4171
8840
7575
2097
7283
6212
251
5035
3480
1561
5143
6859
5482
5926
3861
5569
123
4299
9116
6587
7471
3360
1887
4069
7102
2546
1999
1764
7616
5759
5118
3026
4917
816
6585
1045
7443
2629
1653
6423
5110
9771
8231
8790
8574
3535
9060
5106
5348
4795
6751
4941
5582
7856
1034
3303
7060
7461
4041
5451
9292
5662
724
8947
6569
122
1439
4947
4519
3238
2693
9061
4942
4124
487
8243
4069
8476
3380
1371
1263
7279
6534
6396
2763
3438
1596
8754
5267
8581
1836
6409
3820
3843
8559
5829
1358
6863
9089
582
1464
4974
7832
7797
4818
2552
7970
9044
4256
326
6126
4191
7951
4786
7699
9239
2468
713
5322
6975
8255
6003
6015
4407
1940
2486
2190
9107
1255
8469
2766
7083
2680
6448
9504
7823
1270
8605
6618
6278
8744
4355
2273
2974
5433
2833
7372
5129
9856
3972
8326
8096
2269
3359
7842
1473
3600
1069
2245
2049
7427
1117
4698
9810
6776
4514
2771
6314
3586
7945
2860
5237
4657
6120
7823
6292
8406
2012
1620
1586
9715
6646
8956
9900
4211
9250
1866
7802
4831
3674
6539
2411
1957
1204
4045
7301
5122
7516
9956
7419
4611
8241
4339
2881
3974
2155
4246
6502
4738
7931
5343
5255
2373
5033
3896
4696
5673
6461
7202
5541
9654
9771
1474
3165
8257
7709
5502
7808
2877
561
4863
9923
9271
2626
9843
1857
4231
4750
9427
5414
5890
8668
4344
1428
1120
20
3075
9055
619
4314
1696
1062
5407
5929
488
3428
8573
9292
177
2558
5414
7570
3457
513
9152
5934
980
340
1434
7346
1471
9639
2336
597
6006
505
8303
2136
6580
8501
8664
6265
1128
4887
9012
3058
9366
9030
6931
9953
340
6554
1685
6788
7689
8948
955
3104
409
7333
2773
9833
8033
7905
2773
1154
2922
178
5137
3348
4896
2033
6429
8693
6613
9364
6381
9831
6582
5163
515
4889
4992
3426
5097
885
7078
4626
4829
418
6772
4834
3540
8679
7780
5044
5879
868
632
8370
9440
5340
9414
8046
5840
267
2744
3668
8984
6334
9700
28
2834
2320
2008
4028
1520
6372
9788
728
9242
4651
6366
9601
9110
947
5247
5676
3196
5677
2730
6712
2284
1197
3769
6504
8388
3651
8106
7486
1153
4013
8970
2852
1615
6927
4876
4588
4950
9264
8534
1738
8348
1052
2799
1828
7474
6669
391
577
9840
565
157
7312
2949
4885
4740
3682
5086
8275
5249
161
7964
4335
4599
4832
9530
8641
464
2105
1589
4673
4501
2920
526
6435
5649
6255
6762
8891
1890
5195
5173
1239
2505
7134
1696
2379
2848
1919
9806
8119
6349
4840
8178
2843
6421
5188
2016
1702
2532
1380
9999
7499
1484
9024
2937
1203
4697
1065
2751
9842
419
4158
5911
8070
4171
7788
4644
6863
9712
3273
1683
3863
3831
8555
1297
1463
9279
7266
3797
112
13
9409
5380
4635
684
5445
3641
9041
6488
7201
5308
316
1017
1596
8946
8991
7753
5859
8264
8401
388
8559
3394
1356
9209
299
9245
5046
1491
7838
3685
749
7669
6650
9216
4333
933
5110
5685
6876
9582
7128
8970
3789
9611
3865
7329
3366
761
6224
8464
9375
1914
251
5850
8462
3154
6351
4176
8623
2512
5370
7258
6983
7121
7735
6258
6370
5272
183
1398
554
2061
6238
4560
3323
9767
3691
8009
2221
5233
3698
2303
3375
1504
1566
5251
5253
9961
6540
5949
3414
3522
8073
9096
6215
6587
2916
449
4385
1466
8237
6057
9342
2369
6465
2726
2704
6388
4907
2555
5777
9079
8784
6590
677
6430
3167
2196
9409
2123
178
5185
3593
8178
2278
882
2882
5293
41
9829
27
3557
134
8127
6159
8830
2462
7683
3634
4516
7377
8223
8384
2774
2791
4860
8410
5511
8600
7041
9654
7727
1442
7150
2692
8664
9829
2191
8551
826
5020
3802
8924
478
1297
1826
90
1945
1592
6562
7067
4515
5286
3070
4554
4
9828
4664
7838
8006
7771
113
8768
875
1610
8471
5539
8739
4934
1015
7911
6211
1760
6706
9874
9976
3938
5111
578
81
5786
767
8698
8998
4634
2683
8704
6818
4198
3547
7582
5362
2087
9608
5574
6956
9617
1841
6326
8991
7403
6022
4413
9324
594
7964
4472
4308
9774
2305
4442
4390
6247
9993
4122
5479
2105
2317
8946
7072
3971
7100
9989
6715
7980
5882
6910
3270
6817
613
6
1415
934
8786
2404
9859
7084
1598
1681
6074
529
9156
5695
5075
523
6376
339
7053
7386
7643
8389
797
91
5153
1572
2234
597
8385
2989
2641
6009
6805
9477
8303
7810
8514
3589
7589
1322
5420
9552
7995
4282
9647
299
2276
1331
3970
309
2782
5253
5781
5280
3364
6477
5020
5465
9200
4255
4277
4469
6012
4318
1988
5203
1252
7672
3849
6790
9667
8595
4557
2089
913
9500
6209
8283
8216
5368
6743
3414
8402
1814
4307
7848
2593
7736
7107
3579
9006
5159
6753
5899
4621
6711
1970
6417
5300
7934
6964
2656
2237
9111
1418
5096
2823
9427
8635
6246
8126
1018
7624
4820
5477
5079
8170
6408
7881
4813