4769
3026
3059
8290
5185
8962
8589
1329
5765
4474
8164
8891
7210
8675
1581
1271
5956
9432
5557
8847
9270
8773
34
9688
7046
855
392
684
1409
3006
1627
1568
9940
49
6572
8873
5550
9190
2560
1205
870
4124
6788
4286
541
7020
1040
2093
668
6766
689
5553
2519
3015
8920
6937
7639
7875
3325
9168
3397
3125
3662
6800
8435
1963
5029
477
9006
6696
6010
6612
4064
473
5673
7751
8643
8894
461
491
3686
7390
7285
2132
5474
7923
2087
2497
449
2813
2472
7050
7856
8798
7957
8108
7108
8642
9026
9961
1166
5861
5178
5645
5393
5094
8188
3496
8334
6582
4645
6169
4537
6995
3034
7343
9531
1055
6988
6676
5789
466
2553
2913
5140
2429
21
15
3915
9105
6736
5988
9566
2662
2409
7140
3233
2902
9771
7113
5407
5495
5925
6214
5866
9255
4031
2247
6237
7847
636
9786
3467
5247
7962
7081
7402
2238
7037
5785
1531
802
2204
2662
3048
7519
7153
6383
9081
6551
2905
7356
7148
1695
9556
7932
8294
6860
9498
1577
9728
9243
8961
4285
3753
8795
9888
8107
8034
9420
1916
4416
8549
4256
3237
5275
6471
7004
1672
6260
5674
5015
1794
23
3150
1827
995
6022
7559
7224
356
9589
6197
3014
6348
7923
5471
4024
8532
9969
7327
5932
8867
5642
4907
4329
38
7640
8652
2655
1131
1870
4023
2426
7619
9493
4188
3386
2134
1209
4350
6351
983
695
8421
9151
7710
1295
1188
2017
224
6595
2516
8880
5154
5488
4700
8591
4983
8272
4788
4272
4035
4277
554
7568
215
6395
1910
5189
2396
9347
43
8915
6554
864
9752
134
4719
3886
6633
1386
5706
2127
9030
9368
8519
4542
4214
9693
4518
8005
5278
5019
7338
9384
9462
9277
28
9287
3901
3530
306
9154
1270
1113
8120
9984
4001
6821
3578
8310
7228
2421
4697
6757
1811
3163
183
552
9192
7046
6368
3865
5565
4705
4128
4451
2155
9923
8143
4904
3868
6649
4655
6685
8506
4697
9229
7609
1584
2076
3396
2350
8950
6388
9854
1255
8713
4448
650
3483
4104
7805
4611
6804
7428
7906
4016
1376
7731
1206
4137
1626
4514
1783
6970
298
8657
7621
3890
2781
9235
7382
4953
871
8268
8849
6023
707
7729
707
9017
664
8981
1461
9203
5408
7071
8162
4459
2754
3455
3233
8272
5926
1607
8267
1312
4502
3543
7894
9471
7986
296
9835
561
7062
3862
750
7035
3989
8473
5781
4248
1899
8990
1667
7613
6888
3941
2892
4338
3888
3288
3143
6430
2665
8928
1883
4686
1202
4504
5912
4375
8594
2736
1719
2591
801
5705
9305
8983
1634
8390
2857
3517
1610
2197
6419
3236
4552
8921
5714
2046
8498
8643
409
1640
2193
567
5629
7861
2491
7342
9134
3382
4302
8256
1340
8102
487
586
217
4854
8233
4865
3679
7482
1438
8858
111
4924
2510
9903
4899
2780
9732
2192
8240
540
2140
1938
9863
4175
2791
5685
2990
4281
4050
3513
7042
899
6809
5923
8496
853
7080
33
8392
9356
5545
5856
8252
5332
8583
2247
1983
7511
8582
8881
4738
2313
250
8298
8343
7944
6316
4889
4136
2934
9877
6067
4085
3738
3663
7431
405
8626
7925
4800
235
8352
8638
4934
9088
9788
8058
4542
8401
4826
3877
8957
9195
7315
2083
7339
5694
1138
2764
5486
4605
746
7848
4172
6907
1245
1507
2662
4027
817
3477
9961
9161
7966
2208
564
9930
4656
2513
7717
2706
4339
4404
5554
3093
6493
460
67
8008
7425
8772
1865
6452
9451
1189
1365
6032
5871
1166
8748
307
9027
6878
3161
3408
2545
594
7475
212
5956
3365
7675
9864
4745
4589
7511
1827
4989
5753
4535
2864
2332
2292
9013
3651
2363
7520
4530
2618
601
7526
2013
3305
4495
9684
8639
5008
4524
7991
5381
2027
9764
6278
3556
6131
7947
6927
893
7754
9450
664
1145
1400
921
6562
4226
2614
321
4917
6584
7020
7729
3651
7632
7280
831
3582
2186
6372
8498
167
4279
8773
2921
6631
7115
4669
3474
9715
455
6314
2915
9087
5390
681
5947
6011
6508
176
9798
6781
9817
4559
6421
4045
7638
1918
824
2403
2802
3677
389
9608
8494
3329
4063
7597
7854
8220
5122
9089
5171
5890
5058
3702
870
6183
9555
3016
281
6096
4175
6744
395
55
9719
4062
2026
653
1710
8133
5133
4418
587
9235
8386
5244
6451
318
2264
3253
570
8349
9695
6789
3067
8583
3515
9281
7426
1871
3322
2036
2193
8495
8068
3638
3738
8646
4618
6011
1112
8604
6811
5551
8415
7014
3596
5885
5495
1841
9702
7537
9358
9481
9416
2133
3097
9472
8195
1364
6899
3972
7860
3063
7057
345
7345
4086
1659
6564
1770
2593
6456
8768
4683
6028
4149
3461
7968
9685
1086
8820
313
1317
9907
6879
9475
6607
5966
5391
6763
9798
7218
1600
8484
6045
3013
8142
2148
4894
4454
9448
2491
3566
4153
4083
6945
4212
1771
7118
1810
4468
6253
8707
894
4385
3187
9274
2582
9752
4172
3696
8176
7447
5942
5017
5270
6641
1674
5744
9979
1338
264
8933
117
36
1147
7316
5581
8657
5639
2090
928
9634
4293
6835
1469
3853
7346
3214
2672
3723
9582
6058
6065
1556
1685
891
4961
5931
3113
8965
2537
3737
1413
618
5632
6720
8916
832
9853
9455
9518
5209
4077
2885
7430
8429
4349
4679
4900
5774
9099
8794
7750
1641
7850
9538
1057
3413
2400
1811
5010
2682
2701
4810
8568
1016
9474
3011
309
9434
9621
341
9547
9184
692
2670
7815
9034
7708
7530
5419
9612
4276
8801
5279
3549
5761
411
8920
4897
5120
1392
2063
9098
6018
2578
7480
3066
3269
1879
4773
3439
5647
2469
8293
863
3893
3256
9938
5961
8738
3432
1567
3346
4459
9731
5183
201
257
8960
8862
7862
201
2554
6202
8410
5704
5064
3086
1713
6310
9254
8516
2957
4693
3078
9454
8414
9312
2510
2507
1526
7857
9343
2998
3787
3588
9604
298
9909
9660
8498
1609
1387
3737
6552
976
3762
6084
8939
2379
638
259
3612
7649
485
2142
8367
8996
6874
286
1246
5238
3784
2670
3859
1527
1159
2843
6314
2766
3884
4857
4721
8012
4350
8520
3177
1314
1522
1547
2908
8905
2284
6640
6420
6815
5242
6390
5221
1987
653
9567
2615
2166
3870
2312
1332
558
8530
8450
1906
7988
7634
2384
5474
6103
7143
5456
6223
9478
7278
5347
5235
5771
5023
5525
4011
9674
7715
319
3897
8983
5813
9190
7166
7656
1499
3687
4634
4760
7422
2151
3222
7308
3618
4702
1383
1016
1837
3658
4385
6606
8466
4399
8479
1467
524
301
8518
8012
1529
3787
3965
3683
1756
8237
9050
16
6050
6155
4657
7666
1830
1479
9551
1540
7155
2346
337
3365
519
2384
9122
9095
62
8473
57
6398
9207
2549
4570
2758
2221
8784
6724
3201
7210
4035
6931
1262
2898
723
295
6372
752
8992
9855
8546
1188
154
3506
3907
7614
609
5107
7294
9634
1623
9744
1457
527
4970
8237
7118
8323
1368
6445
6850
4436
2626
4848
4687
8356
5535
3359
7840
5463
7848
3839
433
4857
2386
8184
4580
9170
7083
8423
7971
4175
3083
8255
2783
8300
1037
7748
1396
8515
1234
5609
2246
9019
4314
7913
8167
425
5817
4557
4705
547
7023
1933
4717
3083
514
7021
6950
3567
2445
486
2986
6328
9316
7120
2808
1895
491
7571
9121
3762
5019
4324
8629
2030
2504
1498
6943
1182
9017
3459
3715
7874
5896
6886
1227
2469
9227
6093
36
6612
5704
4733
9378
3987
920
4426
4076
4096
7577
8376
6295
2025
7521
3403
4937
3612
1275
6777
425
721
4614
8376
1110
8901
1067
653
5323
3269
3192
8253
8029
4127
7950
395
2027
3037
510
7952
1242
9027
8599
8493
7048
3048
801
9625
2458
5382
99
483
469
2862
394
2745
8394
8861
8325
1612
3169
7283
3114
6367
3157
6523
1945
560
797
4291
4725
2118
513
1285
4100
8819
4058
2442
3259
8954
6362
8747
4096
6966
7433
7375
1456
5714
243
8533
5087
2362
2272
5023
8278
326
669
7404
951
5530
9314
882
6955
7384
4197
1221
5530
4313
8137
3795
1161
9665
8546
2945
3040
8331
7283
7774
5073
8265
498
1714
9526
3886
670
5763
741
1443
5568
3295
1295
5348
8062
7480
6685
7944
1659
1974
9153
2456
5725
1982
592
7379
8414
6517
4957
4073
6698
9028
4938
1143
4062
2753
2722
7372
405
2407
9976
2809
9535
9652
2767
620
3477
805
8676
789
1678
5278
8628
4951
9718
7541
7978
9711
3189
6047
3814
9913
529
9123
258
3621
525
8161
1718
9402
2863
8353
351
9790
6493
4617
5921
9686
4114
9126
4760
6939
2454
200
8487
709
6823
5523
8373
7870
1411
5942
1461
8667
1711
6375
3538
6294
4996
9879
4040
3598
1789
4223
7892
3161
6618
5728
2750
2157
9327
7220
4860
2798
9704
5055
4584
8370
1582
1324
5023
6884
2261
2794
3915
7862
5684
7860
5430
7748
398
3016
4848
7089
1574
8739
4505
3946
4526
9045
8452
5236
906
1816
9786
2274
458
7766
1172
1856
6616
6343
7277
942
6142
4562
2537
5779
2696
2629
1333
9175
1472
4428
9859
5084
8102
8719
7330
6129
7275
6833
2269
9558
4081
936
6051
8822
67
2156
202
812
1473
1396
2371
6520
9094
8350
5160
1422
1079
832
7449
6587
1097
9367
6957
9332
3048
7839
3604
1
1708
356
156
1986
3341
6611
1584
9111
5392
8321
3268
497
8423
1430
6523
6380
3998
7629
4772
5144
9565
9518
6544
9927
9332
7574
7798
6059
2637
5058
5175
3203
6368
847
1902
5458
451
2754
1403
2212
6068
5715
4502
3516
8675
2262
2925
8963
554
4767
5883
5068
4811
7111
4071
8727
994
6508
1867
9045
3937
5668
5538
3486
4864
3143
331
687
7740
4050
7215
5510
443
1983
6885
7408
8523
5048
8345
9144
2960
4272
5702
5392
9196
6049
3919
7591
8735
6177
2024
2952
2448
2233
2917
4658
1851
8215
8201
3411
2559
4696
470
5388
4474
6637
1858
6118
1838
3136
8451
3920
2053
6511
498
4643
8828
1247
3925
8012
4110
7875
6449
4165
946
1409
8446
2374
9530
1265
1744
2975
7071
3466
2984
6142
9526
8486
4929
133
4043
7141
6122
8175
8216
9563
4399
3867
4659
2795
6655
3256
5327
7950
8393
8480
1847
1544
8434
3431
8937
8153
2695
1908
3867
2328
1302
5959
1124
4006
9446
5292
5275
7386
5224
4103
2399
1901
1222
1908
9383
2794
9090
9792
6859
8628
989
2346
7598
5572
5287
9343
1838
6846
7773
5804
2947
4054
7793
4202
1444
7907
7190
7027
5326
1429
5803
3297
7755
4869
3313
3287
7168
288
9971
8007
9450
1624
7845
5479
7111
216
157
4275
9174
8263
9582
1547
8342
8792
668
2012
6959
8430
8192
8596
837
846
1398
6562
6668
1446
7769
2279
3997
4468
8754
7539
2529
7804
4836
5986
2244
2876
2442
4188
8583
5882
3551
5028
8594
5750
1194
7094
3364
8108
7438
1931
8491
9624
5437
7377
303
6877
2726
8640
1888
4907
8199
9728
840
1969
595
9800
8325
5131
1422
9073
8847
2101
3286
8419
6155
292
897
7490
7973
6067
7623
568
620
6425
4011
4972
6759
281
7828
625
1804
6066
6274
7661
1466
4294
5455
8525
525
1408
4085
3493
6590
3752
4116
6382
8645
856
371
8528
63
9023
7081
5303
2147
6368
320
6565
6802
4839
3023
9783
8524
5587
894
5858
9862
7331
9917
2227
9903
4254
9628
9806
1841
3433
6034
6444
7136
9913
7184
7919
5729
7349
7326
367
9265
9430
7168
8085
5047
2770
6721
5007
8343
8421
2252
9164
1440
2952
6596
8388
9450
2378
4336
3710
3686
4315
2161
5615
6284
5789
7018
4170
1682
9939
2062
5093
8806
7159
8151
1060
7259
750
895
8484
2200
2176
5825
3712
2696
9532
6714
1666
2463
4449
6647
4867
4738
84
8424
9464
2088
9388
6963
6950
4861
3786
4620
1847
9874
5948
2235
3983
6500
1676
4407
3325
336
7183
8402
1389
7174
5340
6521
8845
109
8633
959
4880
7377
7363
8395
964
4551
4861
7524
8957
8114
9392
6103
9162
7966
7126
269
5889
8877
2683
1210
6642
3868
6777
324
6345
3564
7054
8520
6994
4258
2299
7318
8667
9597
3032
7019
156
3749
3911
8435
1295
2292
62
8615
4693
6493
535
1067
8070
5854
835
9616
2512
8173
147
1882
4423
9943
1476
7363
483
8549
8607
744
3217
9295
9186
7156
7000
2660
3115
2210
5499
9977
2268
9961
9288
4103
9369
3416
1876
8746
6818
6551
2468
6236
2896
1534
4388
5172
6402
4773
8726
1891
9368
1911
1587
5239
6998
6006
7217
8143
1385
1564
78
3042
5054
810
6164
8061
8790
1537
1896
796
1417
4101
9632
3043
4002
7858
3683
6770
8547
7860
5136
2872
4076
5064
8157
113
9668
7179
4090
9997
6864
4040
8134
3718
682
5390
448
1983
5723
5764
3721
7797
8109
7426
6435
2129
1603
8890
7791
2938
7904
7850
2485
4594
6347
4607
1508
445
5867
3073
3364
8001
1225
7237
7620
2432
4041
4121
6231
8313
2733
5007
6561
9104
6537
2548
2133
1901
7402
637
3111
2407
4220
282
4886
3677
3541
3790
3728
2891
5858
9115
9309
4181
985
6334
1815
8927
103
1667
9547
7992
8447
6752
3021
2928
4654
7759
1913
4899
2024
8705
1682
9942
7949
9113
2302
1853
7770
2587
5597
1012
5094
3929
9226
2598
4870
3268
7270
7865
1489
5770
9344
2856
8037
664
3251
384
6264
9335
7397
8504
988
7034
4432
8447
6252
1426
7295
6989
979
4775
739
9733
6116
6395
3306
8624
3957
8626
5702
6210
6724
7853
8121
6809
4768
825
9770
5214
9478
3080
4650
8657
22
6380
2729
3359
7459
7307
288
9788
6205
2944
1030
7087
9697
6965
7140
1850
8183
1352
8243
4224
4145
9548
7980
6506
379
8666
8592
5665
8355
211
9838
4366
3840
4979
2995
7706
8784
5776
5549
3739
8160
1341
5100
3849
5890
3259
4849
4238
3765
6593
4714
5884
2596
5354
126
781
5771
42
3527
7226
3788
1321
6866
8570
8551
5656
9742
8120
1005
4802
1469
4617
9467
8594
2426
267
6527
4343
3601
3735
5570
1973
4401
222
7976
4782
7539
1815
9822
7991
1484
9768
9994
6080
6739
6583
8646
3318
5003
3035
1833
1021
1494
1504
1454
3406
8675
4853
1133
3547
8428
5023
7397
795
7472
3035
2166
9599
9759
1667
296
5687
3394
9371
2617
4080
90
7533
7537
9865
5952
1450
4349
9688
4846
2317
792
9
4965
3294
9980
9462
8042
4465
7455
241
3842
4722
1085
9643
4734
1912
9382
3643
9549
563
2848
8611
6105
9356
2167
3447
4842
4248
141
6793
2385
3010
738
2459
4313
2404
4821
7735
1926
5933
5834
7777
8907
5140
4114
3373
9962
9143
1570
4414
1545
5231
2911
9409
3517
419
3512
5258
4775
7891
2469
9895
4030
4512
5708
6622
2653
4129
9932
1950
7929
3915
7713
2197
5699
6781
3619
1659
9172
1910
3525
8705
1536
9507
7643
1496
9005
4664
7708
8138
137
2155
8704
8656
2615
8259
6327
5000
5237
1675
5542
8701
9536
8309
516
2501
8565
5443
6238
2059
9347
5219
9562
2885
7676
5313
1958
1912
6300
9160
5550
3741
4817
9084
2999
5278
914
2399
7759
4024
5410
7808
8627
5174
3221
4660
8836
1191
3138
2518
6948
8970
7813
6992
716
2124
6887
8920
6707
7150
6642
2466
9120
775
2814
6002
5278
7494
3629
3559
4737
3254
143
3433
8495
8911
6286
5723
2477
1062
2754
405
7662
519
3079
51
5736
4856
9453
5602
5351
1513
3913
9096
6172
7763
8850
337
4296
9741
4221
8951
7840
4809
2980
8242
7110
6785
1803
1740
2020
3317
7087
4607
7591
1117
1727
1676
7717
7013
5912
8490
235
4815
7979
4310
6542
3076
8259
9159
9260
1112
9177
8655
5500
2085
7703
7731
8215
1515
7475
2882
9199
262
767
6599
6957
7720
7357
6720
4197
5179
7906
8449
8975
6930
9500
6979
1018
664
4455
5827
3370
6835
7024
2719
1232
213
3255
2469
5369
7809
7232
8063
1415
760
8281
8040
2193
7892
3296
3988
4462
4881
5719
4660
3721
9451
5791
111
2935
3797
7794
9353
6170
9153
692
2701
1440
8181
3763
759
4131
8018
8866
3876
7735
7539
2823
1925
8334
5237
1232
1504
105
6520
4390
5919
4176
1915
574
4586
1661
1701
8068
8260
3763
1027
2357
2367
2811
994
361
177
3739
4899
1125
4578
9959
8780
9229
6397
4732
7096
8245
4928
1857
4062
9592
7218
9747
3114
7894
7892
2899
5425
2313
2322
5031
1241
8096
6044
6616
7626
7371
3382
6602
2104
4262
2776
2329
8361
6239
7172
4531
6340
5368
6925
813
2493
5566
1832
6619
5667
7200
6607
9903
7475
6803
9993
7443
854
7181
5273
4733
3331
6072
312
1983
3740
2211
1164
5243
335
3235
8458
1184
8558
4076
7358
7331
7499
6621
9660
189
8132
6444
9768
2631
4537
5298
2612
8165
5956
590
4937
4283
5394
2673
9178
9950
681
9531
2828
924
3714
1300
944
7219
3853
56
8164
2928
3913
6037
31
2939
3672
2581
1591
3159
6141
7133
5932
4015
2498
7532
9143
870
5851
9419
5181
7914
2196
7373
1656
7380
8577
279
5347
2162
9357
4327
6160
6588
4175
2169
7921
2169
6926
6895
5492
3121
1283
2775
4476
8463
7167
1228
8564
8245
6027
5887
1833
4147
530
201
3309
1554
4602
6840
5006
245
5611
1007
5554
1537
5829
2686
4352
70
4504
9368
7122
9618
5099
8151
1379
9677
9325
6024
9093
9459
1798
3592
8830
7665
1286
4538
2977
8498
2826
6177
573
4288
3558
4171
2711
6246
149
63
160
7039
4566
2301
8989
3001
7265
7288
1605
8924
7883
988
107
4632
5819
1422
3212
7369
7601
4442
7374
9697
2807
6458
176
1834
2308
3201
876
2933
7934
7287
2256
5665
9347
5824
7576
3907
2450
9767
6477
1483
4460
5902
1986
7256
2150
5
9875
2177
8116
4403
6262
2805
194
451
9760
8763
4039
234
1103
1567
2306
1639
6573
5995
4378
6463
2314
317
6188
7837
5322
7298
1563
3737
2252
9968
490
5491
2146
4338
9558
3428
3068
1674
1599
7448
5253
7316
6632
2535
7256
8553
9819
5988
5026
9646
7754
9489
2997
8695
9395
5564
9365
6385
1233
4682
4862
2783
6373
2429
5053
2545
3988
9909
6694
9350
6804
3368
1009
6421
2622
3493
731
4734
8045
7091
8173
7136
962
6369
4464
2970
6817
153
1360
5025
4686
181
7752
8326
4414
6181
1554
9869
4891
666
4041
2983
146
8303
4183
5662
3265
9980
8134
3915
711
9750
1057
3625
8
4106
9054
1725
4372
5645
5771
5573
4144
1936
8669
9545
621
116
8636
4898
1869
1617
8299
9423
1125
908
1598
2515
2253
9023
4912
6104
1420
3085
3045
7881
6055
8713
561
4646
159
1801
4996
7416
7310
5941
5269
6586
9956
5428
8
9418
854
8753
8986
5698
6179
3861
5380
3979
2535
1898
7418
3574
2798
796
1220
2697
8462
5197
5541
6818
8149
8484
6113
7664
5489
6282
4300
2678
1915
4961
9673
2036
9345
7571
7183
2980
7883
7268
682
9047
4540
9593
6330
390
2300
1432
1650
8088
9691
8275
6533
4341
6149
3002
4063
8205
6106
7186
1064
8337
5785
5518
6823
8764
1117
8168
9171
5107
3600
4603
2374
1885
3040
5573
4533
7319
509
8563
327
6508
246
1513
8043
4867
9306
6330
8350
4086
547
4424
7134
7284
6749
6480
6693
5490
6743
4768
5293
6195
4971
455
1367
6557
2447
1667
6107
3967
6137
4285
8841
6055
121
2537
3419
1641
550
6129
9966
5958
460
2417
4628
4621
8600
5627
5114
8632
2700
2464
7674
4203
1671
7427
4133
33
8213
8810
2171
4813
4715
1892
203
1941
7052
4422
9437
8083
9768
8830
8110
7299
6873
504
9740
5044
2900
2983
6848
9124
9455
3778
8698
699
747
6568
6459
5822
6192
8096
5535
4477
6167
9095
4800
4574
4673
6531
8468
256
647
3089
7790
3877
7495
6159
6128
7875
4078
6856
3137
814
7153
7001
2701
7643
6431
5483
4353
1970
5874
9070
2610
8948
672
148
7982
8001
5539
2271
2272
5364
4611
1836
806
5396
7674
3242
7637
7546
5445
6676
7908
9077
9304
1989
1230
6813
8558
4907
1753
3711
9987
1786
5145
5940
4855
2195
8615
2805
7088
7174
6485
2908
9292
1761
7625
7502
6544
5347
1068
1677
1773
6855
2368
8245
1903
8030
5970
6807
9878
3014
1219
831
5267
2656
6446
5876
108
1183
7497
6159
6799
2576
3748
3468
6141
4450
6174
7889
8125
6638
8525
4753
696
2292
1662
1652
4062
3301
9723
5323
8287
7309
249
8942
6449
9763
5810
2238
7554
1184
6844
218
629
5800
1815
3403
155
4880
198
9621
9865
5150
674
722
7635
6037
6829
9368
4070
6743
9502
4318
7498
2967
335
4583
1979
2849
5426
5092
5601
4763
8111
6635
90
4156
9544
3201
448
9271
7868
8056
4124
6514
3562
7895
6073
8623
3359
7690
4136
7453
774
6181
846
6334
1068
7731
1059
6124
3809
444
1122
1953
4304
9264
8048
6684
9760
5079
1041
5768
2596
2922
9996
8898
4465
6731
9050
1051
4110
2265
6530
7861
6474
9211
5938
4646
8226
9416
5739
5583
1108
6814
2849
5279
234
9561
3441
3328
3984
3645
4927
5066
7400
2792
741
3170
6412
6966
293
1629
3966
2206
2939
3902
3386
9608
3287
8210
4041
305
1834
7573
8977
5192
6583
7996
7339
2196
4205
4494
5350
7930
2293
7522
7706
5830
8791
2011
7404
51
2308
3321
7407
7806
6113
9075
5243
197
4470
2324
3272
6989
5133
9405
333
3179
7018
7038
1629
307
4862
531
9437
9674
4738
2160
5416
3001
4561
9421
1908
2432
2285
2035
318
4107
6888
5476
7795
1410
6038
4801
8345
2150
764
7438
8034
4962
8834
5971
8698
2472
3752
4004
4032
8968
7315
8817
2030
1585
3697
7648
1033
8045
8317
3686
6898
2328
5244
2104
137
5651
3631
8876
7085
3417
4317
4077
9430
6600
9023
5396
4716
7439
1276
1816
8083
7423
7752
7126
7498
7347
174
2418
823
4736
8449
6521
2517
3346
2552
1370
3657
4920
5027
6994
2025
871
7170
5914
824
2238
2483
4386
9011
3184
6012
7822
7928
5837
9494
4134
7808
3029
8226
5222
1337
4160
4398
9907
3273
9635
3138
3972
3695
6750
8625
9201
6861
566
2701
1471
6156
7757
7664
2203
9191
1749
5018
9187
6156
9943
5269
188
5302
8166
4385
1039
4424
8960
8660
8618
3881
8784
8145
6820
5838
304
4145
5878
6222
410
4428
6521
5291
2154
937
1637
5502
7636
2607
8139
6257
7339
5238
2483
7403
3048
5373
9146
3135
8270
2302
3036
2459
5491
5590
520
1077
9505
4800
1154
5345
7460
92
4573
2282
58
207
1418
9615
3018
4915
2418
9351
938
1556
5422
4651
403
6802
242
3036
6279
7691
5946
9722
6803
7560
5250
310
2107
8481
8417
9169
2991
788
7446
355
6758
1599
138
7115
1519
1946
3661
7307
514
291
9741
6524
967
4157
2698
9725
8417
34
555
9025
6363
1837
3748
8182
5898
6852
2341
178
2767
1320
2296
2382
8149
8372
8231
1385
8532
3059
1686
6645
1410
8823
5196
5388
7660
5568
2955
1964
9985
4799
9528
3998
8162
1120
3475
1769
5449
1920
8932
3605
316
8070
6123
9151
7171
729
5062
937
4407
1974
8124
2521
7884
9655
5617
4155
412
3099
1276
6970
5360
6938
4362
8575
8574
7126
9931
5909
2505
2636
2436
9271
2435
3953
4919
9306
9426
2242
1256
1931
324
5427
1835
8
5371
1777
960
8942
6042
5307
6664
7588
7767
9294
7302
1966
1277
3900
260
3232
7248
905
9289
233
3197
8495
6459
9950
4760
2127
2626
5269
3886
6230
4275
4003
9837
6889
8114
2374
5450
8173
8563
7434
8549
3074
5959
2610
9707
7018
6235
8749
7771
4347
518
8081
7736
785
4668
5964
3608
9446
4843
4598
1836
5049
2518
5054
2176
7343
4799
2816
7459
8631
5981
9893
2618
3878
9888
796
2630
6316
3987
456
9307
3284
8185
1919
9826
7194
6169
5571
6487
4674
385
5961
3619
7531
4007
4439
6586
3914
2494
2693
3295
7980
651
245
7694
7493
7127
4210
9399
5514
7796
3787
3384
5652
5853
2287
5393
6133
5587
2618
8216
2129
7700
2246
8647
1970
4403
3850
8059
2342
1609
5516
8239
1480
8769
3782
4486
3395
7632
8243
18
509
8375
7474
5625
7608
6453
8252
2652
5632
8116
7790
2013
2754
8783
1806
4014
5585
7318
9386
7236
6172
2320
6855
6124
7886
5272
2842
7735
8953
631
8609
4419
2818
5304
5824
5110
8216
7272
2181
2410
9492
9009
9706
1224
4538
3301
7576
7918
4358
1083
6073
2306
496
2444
9748
2362
8698
3234
8180
1813
249
8149
4328
7383
7773
5857
6599
2136
6963
3596
5729
1995
2049
967
16
94
8339
1561
4502
4780
2410
4530
4120
634
9892
264
5786
685
345
7719
7082
9550
1182
8493
1870
1870
9412
6644
9346
2853
2729
6662
1135
9726
3609
763
2374
261
9267
4778
8965
2741
6498
321
1314
8779
9108
3263
949
6886
6394
3972
9871
1469
3081
9248
921
730
4755
9514
2336
7285
1529
1639
1399
134
5752
6220
4854
3945
4210
2175
9923
442
1670
2891
3392
8723
734
168
5309
4302
748
6178
1
3274
6351
1336
1416
2756
5522
3010
5948
3967
4586
3185
2870
6511
8302
2872
8779
9579
401
5947
6777
8814
3449
53
8704
4211
706
2689
9694
4737
5397
7636
834
5871
3114
9545
5790
7962
741
2542
1164
8655
347
6789
5223
3993
347
6830
9934
8855
4808
5665
7230
4331
8854
6759
4845
1716
8165
2083
1555
6081
7895
5470
2489
6652
5478
5255
1551
3724
1132
5534
1457
5393
1526
876
748
3434
636
4261
6459
809
190
5310
6020
7287
6630
9136
1908
9401
4939
7704
7236
8054
3674
9454
5816
3899
9874
3152
3462
2491
6210
3200
7376
5114
2010
1682
5000
9275
3125
7119
3323
8787
4249
6359
4327
5327
1759
3403
991
3476
9981
1128
9082
3218
5793
6056
5693
7978
4535
4957
9672
905
3688
8581
5271
6395
2830
5417
5568
2875
3464
6556
1846
1215
6765
8673
2372
1746
7038
3865
1754
1009
8219
3921
1595
4366
3658
1310
1538
6990
6950
9594
685
5867
7434
3363
9231
1592
9235
8367
7007
5231
5490
7050
3726
9121
5352
6704
9353
2056
465
5615
9674
6377
977
1856
769
203
8253
6393
218
7707
7922
9337
9086
7152
7708
3920
6856
1971
5243
6026
2521
8908
3196
5888
6880
8143
1806
4937
7407
2650
3492
1198
6200
1885
8321
5580
7385
7825
5936
6950
9659
1020
8635
6752
4745
8353
6257
7383
2905
8815
9322
1089
4474
7382
6821
4800
242
4181
5690
7791
395
9089
4926
5431
4914
9321
1741
1005
3883
6682
460
2533
9087
9471
5158
3912
1879
6674
4306
7520
6843
6421
3419
9502
514
7626
5666
1072
4743
6391
3128
1914
7614
9518
3376
9871
5222
5908
5878
1577
6996
1000
5744
5342
4481
8177
6424
8831
2408
1946
2730
7145
442
5665
3936
8492
4811
1387
8580
3456
2572
9501
400
4766
1278
9392
6738
7134
6017
8337
3115
5899
8348
8291
2742
2883
3674
9670
8578
4126
9359
2310
2428
5371
5445
6750
2674
4678
5557
5048
6894
1760
5987
9190
1831
1122
6901
2379
7186
2720
9095
697
4223
6402
9374
5490
8529
6655
1490
7401
4742
2058
3000
7091
4183
8967
5228
948
4104
9386
7336
588
8550
3055
4564
1740
5697
7303
4299
2005
5060
655
7296
2424
827
8726
10
7691
2205
522
7255
9633
5534
9495
3017
577
1549
7266
9310
9156
7064
3425
5307
6944
8248
8533
7185
5835
8533
6490
2040
9640
5
6102
2096
1712
8287
3599
7802
6584
781
354
8245
174
4745
5508
4120
1914
5098
5567
9125
8161
3896
7993
9854
4856
7778
1771
3873
7176
8230
2794
4104
8546
5353
1018
1391
7309
2604
345
9918
4538
6155
6181
51
3119
4400
3201
5221
8377
4323
608
7068
9903
3158
3223
773
6867
1021
3547
50
544
5878
4228
4455
3287
2521
3046
8756
923
6510
3159
9893
6162
1395
3671
524
1448
8996
8105
9291
226
236
6390
7057
9044
8208
2228
9145
4547
2579
7228
4798
7308
743
4271
9073
4224
3923
640
8816
2007
5948
4621
1208
1395
2276
1498
12
9163
232
5694
1440
954
4326
8339
1166
8547
4177
3740
8539
3168
3580
2481
4461
6033
5042
8109
5619
4368
9732
9999
9528
5938
1523
553
1782
6333
7674
5952
2789
5119
7617
2454
6453
561
2614
1305
7454
7903
261
7279
8346
4950
8571
8556
4312
2568
7929
1399
7524
5760
2622
7984
7801
6204
5465
8850
8294
5641
902
3380
8967
2372
8257
1344
7708
9052
9596
7430
955
9694
9290
4706
4913
4218
1270
2900
9919
3665
8703
4096
2499
3457
2326
838
163
8109
5086
5585
1789
3924
677
8269
6818
3020
9863
745
3382
6995
9568
2467
5030
6645
6976
1588
3516
4463
4903
9165
5414
4973
844
5866
9738
9909
7927
2451
4834
3767
4543
7874
6641
6617
3257
419
3984
7104
8728
2837
65
7032
8525
4633
1035
9811
1517
2703
2741
4247
1934
7284
9260
8533
393
6227
1102
4339
4014
125
6175
2508
959
9645
5577
7277
5938
4241
1246
5339
9036
1493
126
8958
9254
5795
6533
4361
2400
2981
7410
8648
6257
4519
4955
7416
5005
685
7832
9112
1281
5989
8331
4482
1445
5599
7631
8122
6367
9678
4194
1658
3445
3142
3940
9939
8704
8062
7426
3824
3106
7752
824
2078
1937
1475
9468
2172
8507
6288
20
8445
8307
2604
4539
4044
490
8695
1474
17
2233
2898
4330
6499
2706
3950
2008
5126
8631
876
8332
7069
2917
3623
2031
5987
5380
7975
5559
3029
6397
3898
2652
2950
2360
8626
5589
3209
6341
559
2311
7135
1473
2105
8676
6037
9870
5222
9085
1336
7735
7455
2582
564
2239
6174
7586
5692
7014
9875
5979
4368
7926
4951
6990
6660
8866
7657
5960
2752
9281
5742
5607
216
5454
9829
5744
2850
2038
878
6415
824
2508
2787
1123
5824
2580
1687
3581
9624
7682
391
3059
8583
3760
1555
5835
8032
5445
4760
7174
6248
8431
6228
4135
2642
8526
8947
2866
1261
533
3666
608
5069
9522
1098
1586
9951
966
7001
5169
2447
689
6151
18
9431
3986
1131
1517
1719
3252
5759
1248
5526
1083
7510
9834
5561
915
4671
5474
7575
1089
7091
3304
5439
8042
3784
6793
6458
7641
3451
2951
9174
203
3069
9691
1802
1927
1727
4553
4218
8355
6342
8047
1491
7506
6996
6235
3269
969
8190
2163
2953
8524
3511
8791
5644
4291
7453
2829
7538
2853
4833
7633
1435
5437
5209
8118
6070
4956
8095
7196
4171
2826
1433
9871
2427
6769
9234
6307
4563
9991
2553
8191
510
6561
8092
4919
2204
84
114
9118
1019
6778
7426
6867
1365
9161
9215
1533
3087
9258
4083
6565
8668
7579
130
7510
5667
9771
4472
6439
1779
2631
5579
1525
5386
217
4827
8268
5161
9735
6026
1716
2123
9179
832
2101
9949
7646
715
979
1401
8548
4019
8510
5877
5133
1497
1646
6054
4579
8326
9671
8081
4167
8614
1221
401
8950
4344
9725
9642
9305
5628
3421
5854
7841
2480
8538
5747
6851
9948
2274
2759
5829
5583
7011
4092
6866
8586
3979
8442
2658
4489
4403
2704
2485
3997
8281
6890
4896
3485
9568
2369
6146
4707
8689
3058
4588
2485
3256
1122
4567
3920
7557
3323
4693
8754
8069
1346
6357
2396
9032
1021
831
3774
3617
7085
4537
6710
2793
4479
3692
5197
261
1559
2311
4428
5927
1015
878
5957
1252
6883
5639
805
4999
2386
3125
9437
8424
7972
2757
524
4097
90
2530
7128
682
8366
8933
7693
7045
5564
8060
183
7577
6048
1695
2162
2639
8486
200
9995
357
880
5469
390
3580
4021
5635
7037
5602
7092
1469
8409
886
7453
594
6321
5413
8723
1024
2908
7260
3579
495
2671
3159
9860
6835
7682
4605
5693
2257
2453
6123
4246
4041
525
675
8906
8020
9222
2602
6144
9336
9487
2015
4906
5800
6715
6640
1392
5516
8289
8272
460
1697
1234
3818
1101
9725
3659
9056
7769
2897
6311
4595
5886
5107
7253
3850
9456
2607
955
2937
8666
4962
6146
7677
2414
7568
7285
2389
1543
9470
2440
1280
5197
9306
5072
2950
6842
905
8763
7413
9542
7670
5907
8517
9688
1239
5095
2109
5031
7564
545
9629
5156
1228
1359
846
4390
2359
3060
8519
1233
3066
725
6050
729
5558
3551
2690
1462
8030
8546
5490
19
9601
2218
4299
6188
3862
3058
5247
8637
1069
8647
8458
5280
3387
1665
3878
2724
7050
3958
6163
6357
7621
2884
2216
8799
511
5942
3987
3066
5152
277
1658
262
4939
9777
9280
304
9295
6139
8907
4167
5279
7993
575
785
9884
4895
7512
467
50
4300
6143
6773
3017
8085
4542
2347
3440
2766
1313
7544
7420
5385
9396
8143
2149
7748
1789
5576
7010
7253
4852
9766
6445
5600
5915
9403
257
5908
9847
2453
4159
2183
6127
9734
1677
2673
329
1760
7708
1857
3704
1221
2069
3737
1237
9027
709
8539
5056
3040
7427
645
2792
658
1010
8215
2420
2218
9977
2549
8400
4291
5737
1636
5089
9820
603
4713
9794
6430
7644
1496
6913
5453
7171
8183
1141
396
8319
8583
153
2901
6609
6628
3610
4023
6152
2876
3530
2815
2489
8337
3997
3415
4998
9024
3575
4114
8686
6915
8139
7866
7588
6914
4017
3503
1924
1126
9446
2554
7747
7886
5611
8810
8152
9957
5553
9592
9217
6119
4577
1721
494
512
7988
3829
8982
9550
8925
1164
3598
8936
1510
3012
7015
5631
6148
4133
4343
536
5108
2548
1779
9843
8199
4554
8691
5826
7052
2449
6674
3300
1487
9330
3975
6978
9440
3858
8694
7290
3868
7641
6420
6838
3843
5204
110
6948
4690
4943
264
2110
6051
8023
2638
5993
4691
5187
6728
7390
2531
5061
3413
241
4107
6331
1063
2122
9197
4403
3273
9870
6984
8394
2397
5767
1450
307
6185
1334
4366
773
4111
1943
9339
7864
6161
5443
7978
6942
3465
9508
2320
9626
7979
5058
2830
1375
7522
3804
5247
12
6756
4241
7118
2919
383
4626
2332
2462
2425
6759
9317
1807
1552
5032
1563
4894
2748
3786
8733
3720
8067
4271
2888
7349
8423
5086
4615
4260
9158
4223
5042
4489
2426
8459
6454
8637
870
5573
1526
9332
0
1901
8802
9392
7041
6137
9989
9324
805
5483
1395
9992
7022
2581
9519
8079
8630
2962
2773
6228
5038
1083
5675
9110
1064
3781
8788
9681
8782
4019
484
6270
9622
7859
1131
6407
7174
5207
1708
3926
6582
3460
9002
2325
8881
4765
4866
5488
1805
5653
7540
880
4452
2657
3045
6061
2890
3601
778
7327
5175
3844
2015
5488
9448
2698
8210
5478
2428
2831
5094
8986
6775
7816
4323
9026
8781
4757
4850
2795
9612
1326
6263
1962
3254
751
8674
6290
6397
9553
8269
8605
3908
8621
3864
7021
2972
954
4124
5979
4281
5344
6193
7959
2073
3756
7487
2177
5780
1025
5519
9649
9164
9767
8497
7731
3998
5912
2559
598
4394
3176
9139
3832
3569
9959
1274
8575
121
6041
4208
7106
4256
829
7953
8782
1493
5716
762
9162
4452
3922
1659
4143
7362
5078
4510
1832
1590
5079
3590
3402
8063
3687
1532
7396
1775
7228
7318
8954
2685
1370
2379
5932
5957
976
4757
7016
2907
717
9529
9265
6583
7968
9994
3008
5558
3197
5324
8023
8939
8088
9738
7820
2623
8752
9815
2452
9004
999
5098
3282
1585
132
5618
9639
5721
963
6443
5540
2341
9237
3332
1148
7642
8069
3834
4405
8757
393
7817
3169
1657
218
671
9428
4787
2562
8022
4039
810
3321
1002
1117
4957
8803
931
1276
3338
7661
3104
5488
1445
5817
9371
3692
2356
6270
6934
3782
6944
8437
5487
117
6119
6329
5370
5207
8572
6191
5926
7800
9482
3457
4840
4214
8555
848
1136
6946
992
3413
229
6688
7849
5094
2886
3704
3492
5370
9597
9830
5084
7309
1539
3178
7514
439
6406
2746
3747
8450
9116
2034
3122
6308
5219
9742
119
6739
820
2739
9219
6668
439
8314
7902
4713
3797
8101
805
6389
2849
6546
3143
2327
1572
7828
1660
9463
2336
3913
3885
2387
8396
9507
3754
8581
1730
3996
1617
4175
2256
638
3277
3093
6914
9874
3605
4237
6271
5830
9932
8992
5765
7137
8496
121
2433
683
3891
3340
1545
7201
1673
9497
6936
5134
6464
3327
6168
7447
1470
1101
1193
5526
8866
1680
7728
7756
4468
2693
1056
1079
3498
6145
8747
93
51
6023
9452
6378
6480
1415
7804
806
5704
8941
5462
9191
5585
3204
5395
1258
7990
7149
6982
9040
4414
8392
2377
2163
6892
2456
4945
8603
9116
3414
6954
5228
7108
3186
1435
558
4422
9376
1445
4965
4388
4997
5759
4020
4533
1615
8349
7733
7471
4845
4455
1548
2334
4089
6235
893
613
5670
704
9652
717
688
7295
3938
3697
7618
4932
6151
9747
7029
7304
3682
9801
5146
1836
1179
1002
5280
9672
7486
7249
5621
385
5203
5687
2680
5835
2081
5925
8782
692
1612
3505
4173
3969
9396
8350
9937
2220
2237
9896
5191
5094
9561
937
605
1448
2238
1030
6986
358
4388
2793
507
3196
7730
7027
7648
1327
9476
7658
8141
186
9003
6821
4350
6852
6497
8691
7045
2112
3744
7987
1822
7006
4013
5850
1670
4970
2806
5097
3459
2477
374
5545
381
1373
292
7161
8733
9372
2585
6587
4231
391
6694
7820
4076
8791
3809
1500
6835
9017
4432
2192
1986
1374
4982
2899
7115
2201
6621
430
1041
8622
8607
9689
5995
7728
4766
2839
8254
7833
4473
2584
4772
7002
6330
5154
8322
6433
9627
8685
3156
8147
8293
8421
8657
6305
9610
313
4587
336
655
7345
6780
5806
2111
6442
6444
377
6107
821
4429
8547
6540
6735
3577
3396
2688
5153
6422
9127
5138
9567
6960
181
8961
226
6539
9325
1265
3148
4482
9795
3841
8130
1731
816
6151
8388
7155
4552
9560
258
316
7065
1
3109
3258
8719
9932
5245
2315
5517
2016
4072
6431
9838
2937
9014
6280
7158
4179
178
6079
417
4901
9471
9509
9220
1562
6467
7818
5209
8206
7519
8954
7812
5123
2751
400
922
8834
4052
7027
8338
1305
2277
4782
3147
105
628
4145
4914
8865
3236
1792
446
3606
5835
7146
7702
680
6781
7013
8849
2111
667
5497
8703
4328
1524
9928
6542
7340
1539
4307
5463
6307
7618
1848
4474
3378
3370
9098
1937
5996
9653
3988
2766
4901
75
1764
6457
387
1748
8164
3746
9265
3508
4189
1599
9695
3239
1116
864
8810
1839
504
9082
4448
9131
4978
8996
4087
4047
344
5363
4802
770
545
3210
7825
9548
5570
6640
5066
5274
4938
9558
8887
7619
4071
555
8433
1588
8207
4017
7186
2180
5153
377
2635
1212
1734
3990
9426
4138
5977
7220
1467
3068
214
290
1284
6423
5940
2749
296
2922
1649
5973
3086
4891
5357
2432
6256
5508
8350
6710
1375
9062
917
6738
4240
4323
116
8566
2110
1799
3865
6842
9493
205
4377
9011
5470
1153
702
5964
2278
1837
2853
9230
9840
7140
4542
4542
3297
1342
8230
3734
3299
7915
5886
5203
2926
9163
2231
9285
7094
879
2174
4345
5830
4167
507
2501
9999
1465
4841
141
6666
4527
1095
2480
3016
6825
8415
457
7479
6747
3101
2516
2722
2243
7449
4496
321
5598
9343
658
8222
9
6893
5495
296
853
5706
7821
2914
8233
1763
2590
4869
554
1699
387
7401
6220
8633
2868
5563
9237
7197
8788
2356
9504
5808
2036
8380
1599
7178
2562
3708
5898
6690
1312
6694
3198
3104
841
6869
135
3022
3074
4715
416
1577
6746
2182
2820
3043
3053
7121
2182
467
1584
2081
9355
3328
2004
1284
889
8148
448
8608
491
5408
6703
9041
4958
6496
4540
7714
2865
6363
6823
2075
8018
8983
1833
9628
891
3445
9071
5077
9545
5970
417
2308
1231
3850
4978
4643
8606
6139
4610
2202
1339
6954
1277
5228
3672
2804
3002
9472
3968
626
161
8749
9949
7472
1805
8114
1799
4390
9188
970
2806
6502
5330
736
983
7224
4098
532
7872
4351
3838
1691
3300
2454
7052
2600
6010
2833
1442
9451
2433
2165
2616
7231
5126
3672
6368
7886
1717
8401
7442
7621
5690
2448
7726
2925
8516
4497
9007
1203
5397
8516
4340
9723
5756
2202
4962
1705
3595
4437
8675
9474
7314
26
9041
120
3783
2640
184
8182
9684
9655
5467
7726
7844
2557
6788
8354
7350
7713
9712
4364
4538
4037
9
6670
1960
9625
2676
2854
9130
6451
8908
7032
3281
1384
449
3062
4916
3880
4372
7242
5169
8443
6914
3985
9741
3001
2702
5488
9650
1875
5571
2649
1787
149
9768
572
1662
9539
147
4585
5025
2468
2505
9145
1792
9600
4068
3715
1796
4131
6668
884
1674
1140
3662
2167
3645
7828
1884
6439
3093
2708
3486
9588
1565
5958
979
8721
5922
1589
5369
1100
8487
2271
4023
419
3422
9638
1788
5256
4079
251
7512
6847
8356
1827
3959
9987
3730
4997
1330
9689
1299
112
3056
991
8466
3154
4011
5637
6743
5571
9566
3744
9508
1870
8821
2759
7737
7002
6701
7392
7030
761
4409
5132
7086
5956
2468
5112
5997
5625
383
5512
4874
625
6120
5026
9487
9521
242
872
5421
8551
6514
3914
7180
1967
343
6295
9023
775
1158
391
5401
7055
8684
3443
1493
3954
1314
9121
4069
285
1556
4385
8310
4246
5567
4131
4295
8235
4308
2887
3235
9119
5583
2112
6677
7482
5179
2001
9142
1482
9683
2771
6459
1481
169
1153
9316
1363
8663
4910
3820
7335
9599
647
4173
8702
7409
4085
2820
2315
1125
3617
7020
1181
2053
7545
726
1583
9177
1217
978
4723
7211
2488
9279
1108
6896
4009
8717
2383
718
2356
9436
537
2160
4161
6678
9853
1966
9284
3746
2243
1392
708
6665
6518
7381
20
8477
4120
7838
7419
1620
4509
265
2380
6856
7154
273
3827
9628
7288
1006
3561
2852
1797
432
2867
6246
1559
4200
4241
1822
1761
6313
2539
4931
2292
8582
4919
9355
2942
9548
6702
7122
6420
2520
9449
4377
6263
5948
8023
3209
613
9520
7905
6743
2094
9498
8564
7286
235
522
128
4155
8470
6185
1104
2733
9667
424
7834
8884
6494
135
6994
1551
8976
2296
1024
2474
635
6799
1399
70
6315
8105
359
1466
9098
699
8244
9599
695
6393
4631
1909
101
4658
4643
9169
6677
774
7338
677
8555
82
7679
5436
6455
9174
6143
9620
9263
307
4015
565
2305
5617
3333
4213
4146
8445
2711
5236
6095
4161
1171
6168
8720
4325
7397
4947
6697
1201
9254
4588
5243
8149
8282
9340
9945
455
3058
4227
3155
2533
6031
9846
5556
1714
5994
3261
2662
7447
2565
9593
8550
4507
9856
2261
8061
7980
3041
1461
2869
9655
5246
5385
6080
9059
3948
4219
6801
4061
5084
5191
9880
3037
5390
4455
1814
4025
3363
5810
182
8013
9418
6265
2391
9145
935
2827
9356
5418
3088
7006
8457
3187
4322
605
8911
1141
2994
5332
5285
5804
6692
1009
4336
2198
6393
2186
7905
1532
6534
1495
6390
9139
4714
4131
3302
1720
9696
6586
3102
2443
2304
5662
1574
3378
8172
7548
8776
586
7614
7397
7741
8742
7789
8638
3165
1062
6992
3874
5788
7853
8153
3463
5997
2245
458
868
9824
9957
7685
6309
7107
3649
4438
6876
83
1165
5075
6855
7854
3192
5617
480
7139
1953
6687
9012
6336
1563
6331
1480
5790
2898
7900
52
6859
6024
5456
2342
389
755
392
6317
6937
7401
5753
9746
4090
6031
2635
2660
7653
2064
6383
1106
5654
4240
7139
2220
1233
4802
5329
2587
8103
2437
6532
2217
7242
6300
8132
2410
7655
2823
176
3900
6657
3792
36
6117
8068
3375
360
3836
8249
3010
1963
2453
6042
9231
7260
4198
4531
8818
2129
1904
2010
8628
8831
5951
1083
1423
6080
432
4641
7538
9800
71
8573
2658
9963
5790
9409
5523
9670
9225
2791
2064
1743
3804
3466
7382
320
6193
7607
2969
3038
4908
897
2162
8717
4963
2616
380
1758
3326
7063
6663
7386
9762
7402
4327
3093
9652
4698
1928
6301
6875
9560
7196
7031
8867
4918
4345
1910
5713
5276
5214
9839
7911
8360
5451
823
1475
885
8908
6080
1472
3602
2614
8710
6076
2469
4188
2232
9191
6584
5782
2984
4722
3697
9457
7821
4293
5417
5547
5912
7983
700
9124
356
99
8333
1868
8486
2173
1064
6440
314
4470
5636
5500
3054
9953
8346
7579
1194
3112
726
9529
850
8320
5436
5535
6099
4884
6887
2596
2517
2822
1118
5253
4652
567
2566
2775
542
7683
8258
9497
6955
2416
5762
6757
4093
5167
2617
58
5374
3644
1413
6133
4802
1651
3707
7595
2940
9054
8940
6251
3168
4838
3321
6111
8343
4696
4437
7993
5383
155
4564
896
8231
5235
7071
7295
2011
9017
9177
8720
7630
5063
4796
6401
8857
9938
3890
725
4695
1700
2024
4074
1717
5315
2172
2747
2801
7912
1618
4106
8683
8999
7270
7545
7179
4885
8985
3242
5740
6867
9161
8771
1525
3747
3236
3940
6919
716
1097
244
4442
6674
2625
9165
5478
3234
8908
5852
2406
5094
452
9220
1254
5413
4002
3156
5824
8787
4033
6606
9305
7632
7149
5863
1811
6
8276
4791
9741
8501
3892
1771
4159
5184
5311
2851
2697
371
6019
4639
6580
3582
6651
6983
5317
3703
2416
6347
3762
7194
7113
3077
7935
4888
2373
3809
5109
5388
717
6443
1724
8663
1126
1349
2614
3385
1213
5898
5390
7312
1871
5279
3969
9144
9962
2073
326
8647
514
4974
5967
6235
2170
2755
545
3239
4285
6865
2820
2527
1392
3026
4417
9301
2060
8318
6721
527
1863
4800
500
6920
3356
4016
1319
1308
1691
8062
7886
2524
6111
9388
2355
5548
7712
5121
6404
2336
5601
7165
6057
1268
1410
5131
8359
7858
6714
7239
474
2890
5851
4260
5493
218
4473
1347
8654
6583
6414
6623
5895
2945
8234
264
336
8985
5414
9138
643
7256
7295
6941
6842
973
2696
1318
5738
6086
1786
9061
1193
1318
97
9046
5465
5704
5274
6966
3375
105
3471
1757
4304
9835
6413
770
952
786
1236
1962
6590
404
8852
9325
1226
3012
4543
3858
1709
2586
1904
674
1054
3716
993
4233
5557
7643
7761
8820
8338
7473
3373
1558
1649
222
3855
1218
8857
6756
9769
2103
6662
7679
8726
6182
908
6280
2317
5146
529
8300
3436
5714
9636
3484
1797
497
9581
2083
7403
5286
4143
4935
1349
9954
1961
9810
6297
1055
1642
4424
806
5834
2637
8550
8638
9169
7600
8571
8503
5206
8608
3498
4510
2787
3828
3424
3985
8401
4246
119
8330
4515
4567
1669
6729
6265
9334
8832
1092
2170
4980
5201
4359
3830
3304
5431
1269
9590
3392
7375
313
6429
4203
2072
4053
6051
1448
3151
9572
7398
912
6352
3243
8681
2427
3897
2629
8921
8948
1622
4278
2495
7246
235
4230
133
1642
5343
3356
3822
4019
2597
542
1605
2156
1686
7629
3456
4499
1184
2911
8251
5466
9015
7483
6520
6213
2578
2863
6948
8380
9061
5287
2624
4669
2310
2786
3709
8601
4324
3037
890
8091
2595
7661
5327
805
1770
2588
8570
9025
7908
3396
9309
7311
9750
326
396
845
6587
4735
8353
3738
9137
9122
2570
6699
781
4381
6621
282
4206
1475
4432
6319
8898
1531
4072
7656
3456
2445
2581
9006
1467
9359
8291
6963
8484
3357
9777
229
7218
5823
8351
705
529
5653
8052
43
8991
5809
3688
6241
4982
9328
743
4844
5346
4177
3632
6491
7634
672
1740
6716
4786
4885
6566
2321
2210
9498
668
9808
6318
88
8425
6797
5248
2897
2935
2236
5352
6614
5820
8739
6761
375
2040
5430
7892
5783
546
5807
9038
1445
1216
4142
5050
4707
6423
6154
1264
4964
1087
9721
297
7961
5180
6824
58
3798
7744
5135
3671
2734
7129
990
6986
2702
7703
7863
7244
3800
8591
7024
614
1481
762
7477
8889
6692
2405
2144
5336
2547
1017
1710
7063
3836
5472
9276
9207
1481
5739
5846
5484
6140
7629
6354
22
2251
142
8714
6229
8071
3502
7565
2980
6110
8802
6723
4325
1126
8554
6077
3527
3308
3873
757
615
1718
3753
9277
9805
2335
5041
9042
6007
1966
9557
9899
6203
1617
4980
8691
4137
5064
2030
4727
2759
8150
1355
1503
9101
5065
8773
710
2065
6077
9977
204
4866
2344
2378
2715
866
1259
3836
8846
1763
2747
3177
5261
421
4828
6798
3138
3916
8390
7831
3408
7240
79
3958
6521
6479
6248
9001
6409
6493
9587
6673
7540
3449
4136
6957
7547
7648
5746
7647
5133
1660
8201
9971
2584
8229
6853
3689
2815
8169
5194
5605
4043
452
196
8572
6173
9578
7328
1868
9426
8198
1767
9483
7885
8375
2345
8264
4997
6748
3429
2210
3044
5370
2786
5775
2280
4850
5825
8375
7511
1777
4555
1703
1142
3243
1579
7677
7002
2285
5990
4652
8754
7722
4847
3385
7875
6998
5366
7903
3065
2394
268
5659
6424
4067
2644
9078
2225
9996
4243
9283
8453
2700
663
9421
9543
3054
5018
725
724
9771
1204
7586
6236
6959
3213
6499
970
6023
4946
5898
569
9308
3953
4591
4801
7047
2833
7655
103
4206
4898
4705
5053
8667
9315
9236
6008
8275
8571
540
6256
5560
9465
4404
2645
1078
8102
8857
6010
4378
6475
1546
6756
7523
9667
8873
6008
9432
7465
7981
3951
6939
3323
5981
3846
6909
5646
8588
8974
4921
7419
3860
2893
1687
9330
9515
4279
8284
7525
450
4503
7454
5711
9031
4209
9044
6268
25
2165
6967
3912
6828
8940
373
8557
2519
3295
1040
784
738
5752
203
6800
838
2552
589
5956
7694
147
7685
7563
2791
1479
7847
2188
1177
9813
8854
7624
7879
2644
4789
6048
8143
1509
8371
3387
3175
3840
8182
2760
6958
9781
5255
8386
9804
9839
2409
8660
8740
6842
4039
5568
3591
8444
3361
8469
5822
7687
837
4990
7937
1779
9736
787
3623
6971
7956
5580
902
6259
8638
6152
5093
2201
9715
7693
6579
434
2459
7458
6639
5996
9662
5247
7804
3657
8712
1281
382
9640
8767
5434
2944
8992
807
8290
8214
1508
814
4696
6005
9732
6805
8182
3274
5086
3506
3106
8749
6741
8088
8600
2053
8923
7227
4464
4396
1688
4468
2569
8872
9928
7360
6546
1103
2975
1233
7964
6307
1117
2898
9750
6001
781
3676
85
6309
4219
1430
1333
7514
7312
7583
205
5980
4237
9637
456
5756
4863
809
964
8742
4830
4781
8389
7441
7535
2718
1843
7881
6303
3087
8750
3231
3496
1320
7151
3447
5782
5186
4372
6201
6627
266
1574
5482
3382
426
8861
4886
9585
9507
8956
661
3431
3741
2811
8070
5208
4817
7605
8655
1780
4505
232
3890
952
2780
2147
2952
8255
6412
6961
9811
8627
8048
2654
1799
7789
8492
858
319
1320
3740
5044
3647
3423
960
4728
2357
2384
8208
9100
548
3772
8257
6697
733
2689
4298
7283
1811
5012
2977
5982
5585
1648
1830
6926
7460
1167
7926
9521
1780
5514
9803
8168
2565
4507
7803
7220
2385
185
2314
5663
9535
1455
3438
5978
7414
2177
5091
469
9613
2384
5568
4237
2845
7205
8464
7190
2914
8004
8489
6017
3699
7928
1865
6941
1331
2915
1573
7745
2555
4985
6313
162
9001
8742
1037
3914
1097
9525
1885
396
7067
5731
9182
6409
5414
3
3925
2583
176
8440
585
3329
2672
5761
3669
7477
3335
2649
2905
4299
4715
4446
1035
698
354
9074
8335
3890
2047
956
9039
5837
3582
2038
7717
11
2824
8855
6685
1149
2838
538
4925
3789
3378
9599
5835
2416
169
7846
8014
9224
5839
3421
4404
3048
780
3587
5833
752
8991
9013
7706
8
8518
4162
7008
9509
8380
5821
6684
3785
650
9106
3732
7067
382
2678
7959
9233
930
9518
7431
109
9116
6027
3696
282
1247
7804
4734
9408
220
3184
95
3180
5170
3599
9154
7310
2000
9183
9546
9008
9931
1515
6442
5653
3828
9335
67
5281
5974
8886
647
1081
601
7061
5898
235
5814
7470
9685
7289
7399
100
4015
4267
5459
1174
2951
3614
5737
4675
8482
8510
4508
3962
8930
7931
5342
9394
8053
3482
5757
3851
2075
9810
521
1356
6519
8673
8373
4496
5142
2349
2855
1100
2964
7089
7632
133
7319
9475
123
922
3695
7967
6724
7661
5170
5927
4926
1374
7791
3276
6786
9756
9927
65
6506
5667
2906
6531
5712
5641
4150
170
7604
1865
5839
5480
6328
5474
6824
7615
5028
8240
99
1488
6175
1032
1689
2390
9728
2769
7993
8363
2236
3580
4271
2209
1438
4087
8332
7697
8817
2376
6194
5640
3413
4768
6863
1726
1901
243
1334
3071
6247
7229
7099
1226
3450
3995
2571
8259
5592
416
1358
5233
2539
1842
170
7537
7935
6210
6901
6939
8069
6255
9679
8806
2675
2085
7101
1303
7476
4556
6539
3748
2945
5644
9935
6255
7569
1611
5713
6667
616
803
6706
4391
4411
987
9915
9768
6480
5283
4749
16
9634
1799
4769
2590
4124
4456
6542
631
2855
964
269
8032
5513
1696
7758
899
8952
1856
5732
8712
8383
6137
6962
844
9991
6182
2250
9317
1421
7057
913
9641
8548
7565
6123
1065
2595
2272
2650
713
8221
9142
99
9548
6792
125
1908
1852
9106
2157
8233
7583
6623
8777
3243
597
9078
9437
4776
6822
9884
2413
3390
4986
3034
3198
1342
9779
6434
2045
4858
4941
184
1519
1335
1906
5791
2058
7625
246
2241
5307
6022
7911
8244
6315
3494
3176
7054
4072
970
166
7266
4984
8044
6725
6523
631
3085
1824
9765
5031
9176
8223
9539
2081
7776
8489
5573
3046
2817
4899
4881
1333
4298
4222
6187
4923
7225
1163
2624
8660
73
7417
7662
6854
6055
1435
5152
6809
3538
4288
7498
2464
7704
8998
7759
6545
9399
2477
1790
5164
9727
2860
8714
722
7480
7103
7653
4631
17
5052
481
1559
1656
1182
2374
2338
5665
2372
7376
8472
5005
6461
4447
9160
698
8609
6287
7665
5206
2332
9525
4141
9171
375
4947
7473
8361
1123
319
3754
394
8614
3610
3340
9813
5837
5084
9789
4182
8478
7536
6898
1331
6076
5723
1040
3262
4149
9770
5853
6761
1761
6081
7748
782
1339
5757
5156
3105
7540
7973
1088
4117
310
2326
2070
5700
2859
1583
5895
2830
8813
9435
8356
6024
4124
9434
9554
4203
849
722
9940
7695
4500
8664
9115
3452
160
1059
1718
7925
3471
7476
4080
6289
3470
3250
5907
9944
445
1780
3143
6293
1082
3229
4028
4566
5498
8510
8737
9246
2862
6078
7612
3022
3592
7264
9315
5063
2909
6158
504
4310
2387
5549
9685
2480
1790
4811
1614
2391
7094
3308
1611
8127
3703
2841
4645
4284
1717
6112
5215
4987
5491
2950
6297
533
4349
8578
7851
7917
5957
5806
1806
8208
7478
6381
3692
2756
7781
5216
2380
1785
3142
9120
2242
2933
2512
5525
6881
5835
8501
9592
1040
3239
3912
8017
7530
6730
78
2780
210
906
1553
6143
3473
7841
9775
7597
5122
6541
6102
1271
8884
1553
9819
5657
9770
9800
8742
100
9431
6786
1356
8930
2631
8557
6324
6407
7475
92
7663
5444
5807
500
7675
4378
4839
5460
1653
2264
1758
4631
9265
9217
3498
747
7600
372
65
92
2598
2683
3806
7783
870
8564
9216
6457
2016
5154
3075
7226
1136
9309
9979
9128
4100
7842
7439
1327
4111
8162
8638
4025
9369
3172
8633
8559
2177
2854
2183
7863
1208
9950
6437
6498
2482
1100
1611
6400
1210
9399
2313
1733
1857
8624
6297
6380
1987
4599
4900
4881
6427
5409
8418
4376
2477
309
6872
1949
8222
6057
7982
3753
1019
8763
9156
6318
9256
1777
8870
4395
4593
423
4222
8055
8400
8715
6363
5151
7112
6894
6661
5905
8377
9023
3665
5736
4817
4075
2106
4067
9295
8300
9274
8351
7581
7465
8264
266
1965
4458
590
3260
3689
627
7232
5979
6122
2322
9046
4167
2174
7966
5648
3810
2822
8599
3445
4181
6061
883
274
8101
826
3576
8762
9362
9801
8081
5142
8021
8795
2700
3148
9961
5496
5970
2498
7186
8396
871
6386
2259
7640
2069
3839
5889
147
5306
8636
1719
6262
2608
9423
822
4830
3894
2012
2443
4480
3819
66
7527
7312
5471
5592
7487
9111
2930
8712
6371
4883
5649
5757
8938
8448
633
7865
7332
3091
6125
8414
8927
5513
2100
4427
7904
914
221
4881
4643
4547
6537
2381
9432
4730
8908
9030
9618
3850
3199
3593
2418
5975
8800
2240
1697
2211
3814
390
4725
4145
9889
5837
6126
6958
5794
3100
7496
7305
7048
8033
155
2787
3215
5873
4691
9058
1037
3377
5718
1134
455
6116
3400
4563
552
7020
3250
3816
2007
9124
1679
9054
5239
2014
7984
4538
1011
9348
6526
7110
8281
2586
2788
6853
8524
290
5514
9232
8687
9076
8381
6141
4649
2253
9090
3237
9962
843
1543
4846
1162
8776
9509
5960
2050
142
2800
6821
694
3336
1262
7280
3090
2053
81
9846
3191
1314
2237
9025
2377
2920
35
869
6276
2869
1556
4055
7454
1578
9424
2957
5707
4568
8984
9813
1469
4035
4274
6796
1010
6176
163
5333
4839
7452
3722
1053
964
2190
6713
2663
4079
7221
1969
2715
7319
7737
8169
4598
8932
6182
322
806
6550
3355
976
2762
6026
7903
5450
6989
7584
9054
8689
387
6595
3181
169
1096
5069
8216
1169
9473
5955
4291
9290
9535
5408
2224
6726
6612
2536
1340
3228
1401
2936
2037
4028
2462
5075
504
5707
6412
5844
5848
6016
4455
40
6114
9031
1462
3460
5150
7357
9220
5764
2569
7964
4878
6676
1589
1760
6968
8858
9241
2319
355
1119
274
3020
6273
5722
4222
9728
4061
3252
9030
8178
6307
3371
9659
9069
7015
9166
3781
2822
5182
2608
7944
9104
3049
3400
2631
6706
4807
1147
3296
4413
7507
5694
2102
546
8090
5503
1409
8287
1849
548
3957
9468
4281
3994
7207
8615
6347
4339
6310
5984
3583
9039
5313
8295
3013
2764
5633
151
2507
2632
1979
9323
1139
8765
7395
5046
5967
2032
7173
9303
7694
7963
397
6587
3160
3380
3225
1922
1562
2821
2803
9654
1707
8166
2406
5786
957
3121
1810
68
8091
3148
1622
5413
8662
7787
1113
8880
9336
1867
9743
9147
4333
4715
5513
4925
7802
5112
8118
1208
3349
90
3690
6932
7698
6409
944
9452
1419
569
3921
9434
5566
840
8769
2709
9565
8696
7722
9114
3244
5875
9960
5925
5249
8789
1033
5556
1498
8417
1986
4543
8530
8059
6065
5428
3057
9015
5833
2496
9951
3361
1725
3493
9976
4868
722
2073
9889
8524
311
9959
8436
4707
8616
8488
523
8802
5173
2982
5440
2670
8745
894
2574
7738
5644
7300
8049
9452
7662
3147
3164
6793
1529
3864
5190
5525
2376
5722
5005
3588
8009
2035
528
4945
6316
3332
7465
8061
3515
5400
4422
9386
60
1446
4273
8165
9008
9313
9365
4689
6140
4257
845
8615
4446
9396
4973
4097
2722
5394
3399
9621
424
3432
8118
4293
9608
5340
2463
2498
5163
6620
9291
8920
2673
9819
4408
1805
903
6918
3544
6810
5762
1075
1995
9627
9319
7555
3807
9879
4017
7085
3235
3927
4822
8363
8550
6975
2128
5091
1954
5860
9810
4539
9806
4121
6587
6538
3026
3707
8919
656
3418
7148
2009
6609
8094
7139
8016
2391
1950
506
8087
5510
1836
5612
3489
300
1589
2980
3341
4164
8305
7950
7549
8826
5998
9120
9717
653
3419
6800
7207
3518
9594
5004
7223
9492
1729
6998
7999
7572
8918
6514
6137
9985
9814
6343
1426
2195
6740
2069
6498
2872
7974
7482
6844
7401
9491
264
4111
3853
340
4736
8902
252
5341
6221
9421
1163
7987
7973
4018
9965
3320
4231
8321
2655
395
9967
7063
2643
1005
4805
6130
9020
9628
8654
6886
3944
4940
2741
4688
5328
6853
3910
4018
3371
6307
8387
1007
4152
3584
543
5758
3824
1707
4765
2999
6745
3220
722
2937
9128
7460
1964
8782
5443
2164
4017
9758
193
5767
4802
2187
2514
2851
21
5392
2007
3179
7427
6220
2443
8592
7607
8262
5208
3828
6310
6006
1757
2408
3132
9383
1949
2178
4242
9301
1574
946
1528
1813
6071
6640
5148
5742
9218
66
762
676
9611
97
8164
2696
4642
2515
7121
2412
276
6850
1076
3890
9304
8898
6817
5112
4117
3568
8647
6694
140
6635
5865
2294
1488
3909
3335
6342
1760
9005
3772
9441
6924
5504
7980
6464
6923
4045
1439
3348
4801
6992
2187
2958
601
2953
9448
6840
9165
7969
431
932
1282
9159
5901
1315
5139
180
5598
7926
2670
3818
688
3371
551
4738
8038
6063
9495
2812
9597
6105
5446
2108
4782
7679
7158
5832
6198
9302
9134
4998
6134
515
7750
2388
3762
7980
6345
5755
891
5097
8183
6489
415
9256
2493
4667
1487
2878
6485
4698
9914
3651
8148
6700
1902
8981
9871
6545
3275
2886
540
1056
557
2316
8715
9197
3413
8151
3774
5748
103
2437
2895
3401
9755
94
8074
8310
8296
190
5503
5006
1739
5098
9948
8251
8263
6230
9111
9156
9956
6448
3903
4083
5511
4247
8674
3247
8609
1963
5195
629
9090
5714
7710
9044
7906
5744
4646
808
3882
1186
5532
3383
2108
5031
4992
5646
3473
3451
5075
167
660
166
2516
57
5733
4626
3121
6472
1923
2761
9127
2834
9116
221
3063
7014
221
2805
2210
9121
7904
1621
6217
6371
4377
3543
9789
1753
1584
1711
6998
9162
349
7022
3230
1285
600
8679
3472
8716
9494
3927
8491
48
8874
977
7792
6534
4775
5365
377
911
2210
7315
7461
4202
5289
1311
4920
5174
8970
8583
6147
93
9958
9298
5294
3686
2891
8030
9915
1799
305
5338
6173
5534
6553
2662
3910
2949
4752
5032
2881
6144
4927
2232
8766
7373
8332
8475
3867
1038
6744
788
5810
5106
4053
7879
1774
928
5495
424
9629
2975
534
1952
5435
1194
9549
6599
5644
75
245
6292
2278
2360
2209
1444
5073
7403
1565
8133
4846
5262
4350
1217
697
5938
3322
7346
4201
3061
4263
6576
4302
9567
4472
9553
3267
1648
4911
7430
753
3779
9877
451
9013
4633
6533
8810
2093
3002
5190
1993
6553
1415
7790
5819
4535
7975
873
6685
5323
2844
8393
5445
3775
2820
9462
2290
9299
5618
1693
9357
9132
1047
3919
5312
4136
9115
5944
14
3326
3064
3954
7258
9414
7295
4981
5545
2331
3764
3050
5681
406
3530
6869
8081
8594
1206
4874
5302
5880
9753
9917
9082
3338
3822
3022
4761
5727
9345
6634
2218
7935
6287
6159
7938
642
16
5314
7346
7962
7741
5070
6700
6688
3860
5867
3321
1554
9017
8219
9077
6337
1721
2440
2133
2598
9643
3892
7024
2841
5887
7132
5348
6535
6457
5468
9292
8767
7424
3366
3333
9796
8350
7185
8158
638
5891
7103
9315
5008
9664
9872
7879
2005
4115
762
9958
9853
358
3964
1368
2744
3031
2311
2416
2780
3613
9891
8297
5209
519
7441
202
9331
8869
7172
5969
4814
954
4006
2342
2706
2537
7583
8783
3757
4953
2426
7736
6769
8755
7352
6128
7299
8769
8031
7510
6083
3443
1441
3403
826
9242
58
4236
9590
415
3833
5792
5125
8227
8165
4672
1940
5586
8385
6098
6792
6406
3537
1900
6206
6139
2061
2656
7243
6156
8522
5355
3238
6406
2425
2810
5716
2789
1440
3888
540
1066
4123
7150
6471
9872
7563
6084
2447
8569
7587
4497
1245
4999
2024
486
1199
2761
4885
5345
5498
8482
9149
9925
8344
9626
4062
9568
4210
9134
2509
3315
3135
9643
192
1026
5958
4840
6344
1000
4815
6900
5105
516
1490
1068
482
6247
2484
531
3490
2931
6021
6605
796
4487
3707
7697
3836
4276
1653
3720
5258
2390
5271
25
7618
8909
1013
5791
3192
4971
4423
963
5181
7678
2364
7883
3240
7404
1994
8143
406
3279
9418
8836
3306
485
643
6884
3973
5154
4433
3949
5444
7390
6731
4489
3876
7677
3556
2480
2822
9596
3816
6554
9720
3212
1700
1926
8803
6857
3299
3947
3362
6887
7567
6767
9395
4722
2506
6079
2539
1586
7547
1309
8735
431
5203
265
743
8795
4767
2000
2809
321
3778
4439
6616
7156
7564
4713
5186
6443
7294
9236
6048
5629
1062
890
1809
1937
3465
7153
73
1762
4798
7446
1580
7918
6344
7084
658
7401
5134
1084
5511
1330
7198
4627
3898
5267
1742
8434
4762
4763
5471
6146
1912
2953
3217
677
247
1307
7586
9606
8129
8474
4703
2696
3397
6826
8363
5948
9606
7328
6203
1959
3475
2692
8704
9575
5394
9149
4686
6165
2439
18
1153
8000
6235
2154
7632
3072
7561
9494
7112
6141
9040
3499
1912
4734
6294
5040
4329
7383
6924
1534
2408
5673
6877
5880
673
2585
286
3490
8855
2348
7077
1930
2044
6684
5526
3816
3320
8323
941
7758
391
754
1826
6364
5688
5134
1079
5936
4838
4037
3847
2905
4294
6576
4789
9141
7803
3174
3648
8485
7664
3194
6611
6731
4177
83
284
7681
6788
2947
940
4231
7172
5315
8719
4751
7702
9620
334
3981
8696
918
2607
3533
644
9387
1676
2370
6377
6722
4201
4759
4203
481
5604
8404
2391
2569
593
9582
5119
4226
5002
5712
3803
6791
910
2977
5246
1257
6216
3588
7141
2766
9722
7659
5793
6133
4955
3004
4256
6408
7855
8185
2447
8959
371
6302
9775
4421
7341
5244
2563
9593
583
4064
2518
9483
473
275
952
6584
7164
5504
3743
7194
6900
2279
653
8506
3572
3164
2327
6460
1937
5067
8026
4459
3933
5019
1286
9190
9035
2859
5800
2613
1442
9187
4255
6734
2024
5318
3841
2967
4842
5970
3785
2747
394
1110
4426
6547
2080
5388
3865
8485
40
8282
4142
3609
7997
4943
6056
9083
751
9343
1692
5991
199
8031
2944
9574
8803
4105
6767
1503
6615
6689
6437
494
9225
9571
5079
442
3658
6325
5484
2437
1973
4825
1668
8144
2818
4338
2757
9515
9902
1905
6381
4147
5509
2150
9409
1431
4042
3107
8
5195
7741
5317
3091
4621
1084
8256
4141
4367
3480
7333
2924
3079
843
5877
3204
1965
4100
5812
359
6183
9915
191
2467
5970
7268
7253
4894
7293
5896
7555
4880
9004
7297
1946
3258
4590
128
196
7996
1324
6377
4050
9769
31
5981
5723
9565
2837
8302
9111
113
2898
3816
2607
2058
4548
8909
1250
4911
4471
5441
4822
1959
6050
4041
5187
4925
4767
3782
7765
7228
5691
22
3622
5419
2458
8706
464
3406
1001
8601
29
2598
4454
5185
8587
6353
8354
7555
3136
4835
7024
9297
5698
3586
4554
5399
8786
1218
3715
2293
5902
8466
6506
1349
7579
4388
5742
2301
2644
6132
2986
1826
8410
3192
3055
3735
361
793
582
4585
8465
7276
9360
6442
9641
1201
4647
6606
8327
3683
5221
6586
4370
3064
2039
2158
2214
8223
2222
5946
3599
1104
5660
6098
6797
2790
1889
7874
459
6671
3731
6999
792
5461
5451
7356
7995
3457
7920
6895
8178
9611
413
9449
7607
2017
5837
7854
9906
135
5187
5939
5659
7908
2345
8498
5388
5916
7667
4423
2017
6990
138
331
2174
4401
1072
5787
7329
3703
8679
8136
998
9359
4787
3925
7743
5532
7074
5269
5176
330
3670
9727
9419
1328
4316
2797
8838
4486
980
8585
7066
9237
2213
1864
4048
1562
424
2002
3228
5711
199
3193
9286
2855
5881
6536
1263
7395
6327
8574
4453
9260
7916
2218
2271
8806
5518
2178
5677
5830
1412
7674
3747
464
1857
5027
1481
6626
6008
2747
8805
8189
2387
3615
9523
9952
8741
3666
994
2952
5382
3326
2456
5032
6077
8128
4060
5541
5630
4794
7060
4953
6361
2873
8237
106
616
3547
3302
233
5392
183
8562
3826
1040
7198
9295
4246
2720
1021
323
7299
5503
6744
8501
698
5996
1514
8818
7747
8286
7441
416
7576
9504
5313
3906
919
8224
8856
7033
3601
7
4483
9291
4341
7476
3513
6246
7621
9747
1259
8126
9037
7607
2790
2046
3756
8206
3488
2509
8647
9635
901
982
2883
3484
1721
5607
2498
835
4932
4824
9013
6152
9203
8711
4917
1007
7678
10000
3963
7019
7274
5085
2786
9386
9101
2444
8697
4316
2885
3097
1420
6351
2431
2827
8847
5298
5429
8172
8582
7105
7874
8128
5446
292
3820
1076
4279
561
1738
4109
5538
2348
2713
3695
1149
3628
804
7022
1859
2267
4718
2786
1079
8429
1550
1782
980
2623
546
7313
2152
5958
990
1945
5326
9777
7250
328
8990
1143
1518
3459
6759
7481
9820
7210
3713
4892
4800
4298
9264
6605
6185
5770
8730
590
4175
2118
7247
8834
2376
2217
4545
2070
6260
566
8533
2461
248
2392
7134
504
2090
5184
2618
8620
7615
8508
4016
3394
7024
3207
2307
1780
1429
9851
2370
9824
2885
4950
6590
9294
6331
3357
3883
841
1882
9873
2577
9716
3021
8925
4845
6853
805
4393
5927
2513
6698
7150
9170
2912
6971
8062
814
131
2577
7713
5656
7438
8006
7445
6436
7861
3763
5742
4846
3269
7369
2860
7738
4898
4821
4208
3550
7622
8731
2011
2003
1408
3361
8307
6764
1330
1404
5206
5990
332
2908
259
4330
9664
1903
6342
6490
2148
5189
7632
1830
3459
822
4092
8916
411
4752
3916
2868
8357
2486
4690
796
9440
5125
8732
8916
2598
8507
5627
894
7717
2872
6955
259
9816
6173
7605
1973
9984
4995
1316
7622
5536
6064
7115
2513
1283
7823
7339
4932
9328
1546
2189
9657
844
4274
2858
7803
7737
586
7302
7315
1291
7082
5152
1643
6779
6329
467
6073
8612
1203
9095
6396
1308
3167
8103
1083
2616
3776
4339
8733
4209
1633
6002
5732
78
6178
1310
6802
3599
2508
7527
6706
1198
4902
4903
9295
3648
1741
4555
8834
521
9038
8170
1215
9109
417
9061
8829
8327
3135
486
2348
6637
2894
4331
4753
9736
2794
9896
5135
3091
7652
2857
899
3628
4704
1021
5537
1780
5499
981
3789
7280
8323
9996
6882
4161
2407
9621
3938
6072
8225
3211
2205
9451
124
2852
72
6527
5253
3994
8954
5359
7834
8093
904
4882
9699
9886
9109
7242
9493
8064
3423
3518
6295
9125
781
1806
7856
96
6011
1904
9845
1066
534
1142
22
5067
5568
6976
8966
3668
1646
4155
4508
3063
2412
1986
1265
4418
6584
6954
9491
6696
9911
2790
8413
7325
4761
2889
2522
5582
4286
5550
3514
2737
4447
7234
4109
3206
3427
2619
6809
9940
3962
3314
3448
6416
8020
183
9777
2776
5093
1463
1325
9482
2911
4197
5132
406
995
4203
2978
2905
5685
7973
6732
8921
5139
8659
382
1511
9187
9210
6121
1783
2447
5691
2615
8888
5788
6411
644
9843
4397
5742
1615
337
7900
1137
4632
5145
6520
5987
6569
6054
6216
7840
3478
7508
4097
23
8165
7135
715
5935
7960
9473
2711
6576
1990
4186
8650
166
5311
5800
6079
5665
7819
4166
8645
7832
5929
6166
2009
9542
2506
1377
9586
5164
7799
3861
1410
9947
3994
6881
6068
9831
4714
348
2855
4463
2761
9085
6039
2486
7323
6886
7724
2587
2268
8184
7590
8689
3651
5088
5472
6889
6276
3591
836
7077
4417
9711
3940
9380
4680
8809
9746
6650
4000
7699
7961
3193
2519
3077
106
7054
5032
2252
3100
3695
3089
8842
3327
9987
8360
2543
2684
9206
5822
2295
2856
4596
4730
3758
561
4723
9160
8178
515
5261
2004
4870
6633
4280
5428
5607
7334
1129
6242
3000
4811
8436
7992
8335
1904
284
5371
125
7733
3924
8229
4596
4807
9420
5769
7365
4927
5296
2568
3539
9300
2190
8953
8443
6332
9267
5260
7652
2889
3221
5291
5573
1651
8405
3068
9894
3843
3963
9552
9313
5394
2780
7092
8589
1331
8652
6641
4793
5021
1492
4704
2544
4827
8025
1752
6197
3592
2534
1358
874
9322
1542
8944
1870
3903
5973
1850
6128
8583
1714
3733
8728
433
5832
4468
4141
7300
4660
6365
2964
4877
723
672
4970
2297
5735
5087
4825
9578
3246
3176
4218
3774
5474
358
2608
9770
1095
9897
6362
7211
5930
6383
7982
685
6776
442
2393
909
4576
3110
392
2235
7145
9856
8446
3830
7161
2925
3112
458
3065
1801
1821
6335
3964
2888
4151
7122
3243
967
1886
9039
88
4340
9501
1114
9292
2400
8137
7749
9042
6867
8151
1260
7877
952
9193
77
8086
193
6604
5656
1737
5735
8735
2165
6583
3468
5169
7996
5747
8602
2222
5597
8741
8686
5537
3505
195
945
7434
5216
3452
9029
9986
8982
69
4699
5283
7641
9189
3971
8836
7900
6985
1245
5598
4897
2196
1928
7625
813
4774
4868
194
9032
7738
8802
1897
7675
7550
480
6346
139
4923
7791
3715
2711
8283
9928
4441
4094
7392
8324
982
3468
3017
6073
7981
248
9879
2866
7563
668
4173
208
2285
7455
9318
7885
6163
1684
9120
1482
1586
2266
6312
4226
7585
9289
5686
6591
7720
566
8876
3384
3950
1350
8613
8770
5948
4518
7113
7314
1702
9873
3687
6083
270
3103
8267
4200
784
7988
2004
81
5368
8685
5953
4794
1640
3523
2247
5154
3603
3049
5618
8054
6982
4328
5202
7234
2718
3461
390
7863
3374
650
8402
3032
1450
1743
8065
6671
1095
2561
7617
1123
4893
5903
7301
9981
2079
8327
1442
8833
1552
4266
4877
7158
6101
2767
4587
6785
6854
7691
6407
4492
927
9420
680
9231
4077
3166
477
6802
7466
1173
4665
7557
2510
3926
1873
6628
4929
6185
6745
3618
6588
1302
349
7571
4153
4681
9991
9939
7495
4996
5861
4826
6525
1274
2584
5493
7940
2520
2394
8911
9286
8246
3997
9060
6994
8318
5286
2139
6496
8448
2999
2789
9902
8522
2043
2292
1092
2613
1376
8601
1926
2446
8170
3959
434
5356
995
2938
653
4507
8753
4954
6435
9528
6418
6192
1578
2880
8295
5631
8591
4405
8538
6046
2723
8423
4475
2042
7714
1224
4197
4979
8464
3978
2320
7142
7835
1637
9971
8908
6616
5881
1434
8205
4276
4718
8488
1192
8881
6155
6498
2813
1962
7445
2036
6904
9805
4983
2938
5943
2213
8004
2373
3903
5553
4071
5774
9557
6711
3650
6463
4620
9401
7779
5305
2087
5856
9043
2189
8164
8852
3078
2199
6820
7534
3087
1222
7854
7686
5333
9694
7530
9498
2737
5478
63
9398
2759
6230
6041
3150
8111
394
3961
1258
6097
7008
3116
6435
3746
3119
6921
4128
6765
5745
9545
8038
3383
1909
1981
69
7855
4352
9624
1846
6453
6490
4003
4308
1243
1257
8403
2322
2731
1352
380
8075
4311
1630
4445
6247
6607
5538
582
5040
2508
9772
2207
406
9941
5028
4234
61
3723
2637
6752
4630
301
3782
5365
7623
5511
8667
2660
1026
4298
2429
8454
7495
5168
214
7697
8207
9986
6581
5886
6229
2110
4601
8439
6512
8548
7428
2601
6086
7293
4572
9686
6282
684
4362
6997
581
8093
5350
9555
4032
1346
8045
7871
7663
6235
2706
8239
6955
5547
2501
3828
7233
9057
1268
4083
316
6952
2493
8810
6140
7792
4659
4396
1210
4709
9660
9905
8722
9779
1767
2798
9901
9670
4355
1750
1931
660
8949
2979
5002
9068
4826
2059
317
1323
1413
6033
9340
7064
9769
575
9519
7229
9247
7796
5148
4568
7068
3913
3252
365
6150
4087
548
5298
8689
9561
6464
3278
1004
9805
4785
6673
6146
3547
3387
1826
2584
548
3601
2312
5194
3105
2881
3295
585
2824
4174
6489
7066
7250
9677
7528
3394
4812
1542
4274
9409
1754
2136
772
1677
558
9634
1803
5981
3182
5289
3406
2126
2596
4999
3322
6519
2645
3737
9227
6004
208
885
3681
2326
3296
2758
9806
4246
3134
4106
3230
890
8784
6551
1358
3517
8957
2397
13
7580
4889
3402
6740
1983
5536
2436
6673
3504
2376
3483
8582
7100
883
112
4367
5521
9722
804
2932
7712
1023
2037
7051
2327
7495
7163
4504
6431
5042
1019
1075
8827
9459
9163
5101
2679
6863
570
4359
1931
130
4691
79
2155
8516
3994
3953
58
9348
3907
7031
9324
6676
3091
4055
2700
1001
3158
4277
7776
3334
9004
5922
6664
7811
5935
6091
9792
7160
6727
3021
2425
9987
7642
7464
4664
1760
7353
5703
3933
7912
5366
310
8194
5967
5028
1443
6084
7717
8938
735
9203
1169
4623
9923
724
4305
4587
7998
861
7515
7400
722
3417
5895
6166
8430
1568
4324
679
8750
31
8725
8722
146
3367
2340
9398
1356
5141
465
8509
7097
660
3940
5710
3868
6901
7191
4639
662
6821
1137
234
1559
8145
5990
1234
5552
8649
5090
5093
2506
8432
1746
2848
7321
1920
4979
1061
8281
9989
1855
854
8164
7162
8980
801
5221
515
2274
6677
4461
3036
1952
8606
8526
7150
5983
7434
5711
1850
3727
2059
7714
4635
9972
9278
4346
917
8314
7489
3095
7612
3831
8276
9387
26
5486
4327
9436
4293
275
1192
7330
3516
9359
940
2241
2798
7002
2771
4709
3286
5370
3850
2388
3130
8540
5022
6585
8476
8149
2380
6705
3699
948
6807
3747
401
1676
9665
835
3137
6063
3387
5882
8681
257
2169
1407
2663
5814
7853
758
7753
9777
9849
3014
9851
9564
8616
6109
6264
6352
5693
9276
5472
1883
262
112
5406
1737
8602
7175
3022
363
232
5499
8906
7045
2680
9259
8595
371
4940
1466
528
2806
4410
805
6551
9533
4182
8350
3053
6454
3471
5439
9369
2842
8265
5772
2877
4658
7254
8512
2723
7573
5625
3519
6003
9901
2798
8004
996
1327
4328
6880
6345
2587
3341
9940
4825
728
6183
8822
4267
843
7730
3311
6924
9321
2657
5772
226
5672
6303
2743
5757
9510
1278
9090
4763
9640
1685
587
4306
9107
7019
9962
6392
5636
7728
2229
1989
7600
481
7540
113
2551
8721
3987
8016
2336
4777
811
6704
632
237
3928
666
7098
3370
258
3483
8291
7995
4006
5892
6302
9061
7325
166
2785
779
874
7132
6222
5354
1585
8490
28
5139
9630
567
5671
7547
9478
7269
4794
7821
1620
6569
5238
1057
4216
9607
3525
4581
7146
284
2100
6249
7129
7237
2330
6854
6793
8911
6104
4728
6116
811
5682
4773
1233
1579
4048
6615
5586
4474
6998
5495
7493
975
2252
2975
995
1511
3595
4279
9597
8983
5390
8573
5324
3271
8522
6064
3975
4857
8053
6993
2616
5261
4898
9356
3903
4432
543
2223
2612
1653
7942
5622
6063
5369
2922
3965
2957
708
5904
9815
5943
8432
2540
4121
9641
4777
5924
3440
3600
2429
4338
4246
9234
9098
382
4548
8027
7511
3599
6237
1500
9118
4258
7263
3578
8617
2444
1984
5256
4310
1158
9549
8464
2746
2964
4812
1836
9661
7878
8380
1182
9934
9886
9979
1915
6299
1772
8899
616
4181
8099
8899
2857
7640
4227
2762
2184
4539
5386
5348
9197
3011
5237
9983
4802
3007
837
4144
6699
2505
3247
5484
1522
7914
6632
3375
3524
4205
6887
3664
9637
3106
9488
1321
8155
888
2698
8958
7495
743
3131
3108
945
7029
5138
4636
3302
6272
7009
4680
1641
865
9466
7150
3734
9581
2446
2346
333
4604
314
5439
8226
7284
8941
6238
1777
8482
9058
2692
6689
9979
5678
8881
8092
6302
3320
3059
5200
5904
7193
5127
8182
7348
623
2547
6080
7066
9712
9492
1948
7290
6592
4349
3047
5366
9119
2606
3820
2836
6876
8599
256
6604
6647
2059
6372
2729
4550
608
4476
9225
67
1394
5826
1057
7673
370
7072
3240
7554
3573
9722
8537
7827
5598
432
5917
9453
1034
662
5004
6986
6011
8906
6381
443
5214
9581
3746
8300
6382
2133
4527
971
3268
5225
1494
5922
9432
8253
5785
6469
6877
3395
5325
2233
8660
3215
5232
3144
38
3650
3377
4261
206
4424
9572
6099
63
5688
6260
7811
3309
3471
7246
7646
3707
3535
7877
4612
536
5190
2722
397
9770
6125
5367
7635
6857
9186
2254
5694
5713
271
8316
7468
9327
3248
7763
2167
9827
5390
7379
1258
4638
4404
9230
8618
5198
142
1574
881
7135
923
2039
420
3448
5643
5738
6157
2897
5936
5555
7526
4891
3725
5896
8166
8391
3665
688
7937
9544
7750
6269
9407
7791
8826
340
3018
6470
1033
9264
2836
3258
1263
6717
7195
5502
5638
8424
7245
961
956
5806
9424
3238
6296
8668
4252
1302
5104
9530
6997
9185
705
969
5779
9358
5280
2495
4531
6009
9156
2745
6609
3969
9628
9755
9857
8075
3972
1798
1
3069
6158
1590
7034
3225
7451
6428
2964
2737
6936
7382
8843
7807
8281
419
4452
9149
5284
6971
5181
7461
3417
4667
6334
8894
873
4617
8705
5449
4327
2534
4871
98
3158
1538
4195
7066
1841
2058
5748
1001
5463
4976
187
1855
3082
2422
7125
6777
2673
5182
6065
7323
4532
7224
3580
4809
8441
9496
1033
6504
6287
3668
8962
9002
8981
7804
5118
2572
8164
6450
4141
5828
5106
9179
4506
7729
2133
6739
9954
3457
670
744
7295
5242
2588
2401
9788
8186
7217
2184
2831
4033
441
9100
117
2356
6620
4898
9964
5360
9130
2996
959
6964
7357
4260
6988
4893
5506
3857
4147
8955
9282
2493
8490
5245
3285
5791
3467
7875
2608
26
7617
5767
2979
3488
386
8283
6263
5015
6874
9601
908
6258
7570
1373
3580
8691
8391
8083
5710
329
8203
7451
260
2175
9100
8592
4923
6917
9051
8073
8198
7510
1375
5528
7932
6886
9097
2664
7121
5958
8942
436
5724
7723
2224
2865
2881
2394
3905
3898
3859
2145
2373
8233
5469
8061
9505
7377
7769
7602
5699
4518
7170
4366
7339
6165
3633
2570
6575
7520
1900
9888
630
6752
1898
592
6169
7390
9842
213
3509
5424
7303
3140
5854
9290
775
3967
2164
9814
5519
5597
8249
8230
5655
1724
818
5083
8772
3878
7769
4444
4928
8209
2748
125
4809
6663
221
5806
6123
3032
3659
8511
1554
6313
7898
6047
8321
2853
4457
7210
349
740
23
3712
1668
7690
7964
5751
7919
9434
5499
6619
3947
5035
6062
3579
5615
8909
4055
4257
4973
7677
5589
7008
950
4827
5575
8596
6647
2292
9451
7670
2986
2647
7732
7288
8721
6367
459
671
6092
7982
9491
163
9395
5780
9272
3953
2292
6741
9872
2105
5172
1328
9526
4128
6291
9472
8886
1090
8917
5477
8944
7030
8209
7080
5979
8451
1256
7623
4191
3445
8280
9902
7548
5296
8298
5373
8461
7481
3707
2661
1419
4592
938
5128
9159
89
4443
2283
51
3356
9236
3689
7216
9429
8904
7337
7056
9674
6798
6707
637
166
8179
4482
8087
2261
3283
5827
3376
797
7846
1416
9815
1092
5690
8951
1160
5250
4173
5164
2345
8185
5683
9521
3248
4368
2294
6024
8803
7217
1052
5748
3233
5045
4696
3004
2948
5312
9670
7930
6059
9986
9399
1142
6109
4949
1369
6947
6657
8389
4983
481
9866
8914
585
6843
1086
1545
1672
6715
5427
9785
4432
1774
7540
123
4073
5913
7598
3161
5954
3583
9046
191
5404
7567
624
9355
4781
859
2995
4621
4143
6998
64
3270
4607
630
1824
758
4784
581
5124
5558
9592
5869
5993
165
626
2007
3695
1010
5533
6399
2177
8829
720
1698
2351
9668
2276
4265
2426
4247
9221
8855
5662
2682
860
2826
9266
63
9299
7993
3951
8458
5221
8751
2338
5660
9803
2522
9086
656
9080
1738
2382
7029
3025
9773
613
7458
7239
6961
7479
9572
4787
7383
2827
1306
4027
24
6588
8942
5493
4730
7781
4067
5910
6168
5539
7590
3512
9570
2947
7809
3660
8070
7488
6015
4668
9986
2613
6838
4735
8057
9409
5979
7726
5695
5652
1846
7413
601
9129
6974
6329
7703
8000
5332
142
3972
2487
3425
5646
2779
641
5216
2078
4314
5533
2689
3633
9849
9507
6924
3432
140
3532
7858
5983
8480
7395
9218
4067
4317
7099
645
7437
8803
20
2965
8373
5695
2835
622
3076
693
1615
8016
3107
6588
2888
9391
3646
1133
7942
8994
128
383
9921
5643
4938
2722
6906
8723
898
6985
9425
9188
816
336
4010
403
8399
3783
3244
4341
3316
3397
1050
4419
1191
1947
1039
3830
7676
4693
5971
8284
7217
9078
6382
7595
6155
5912
4789
5298
4392
3471
6287
4068
8145
7962
5545
5458
644
7174
1843
2202
7433
6128
5874
7371
6361
49
1033
2560
5426
8541
1024
6291
7357
5099
3432
2304
3024
4252
1448
4398
3887
3048
9848
4387
820
3795
1317
3218
2463
2980
5824
185
5973
9631
9366
9771
3336
5389
2846
5134
4595
5693
4409
7891
8022
9669
1991
3859
7010
3297
1601
1988
9234
6634
1080
2986
1419
1236
8872
8287
3516
4984
4345
9032
6662
5870
439
602
4732
5380
4721
8999
235
4721
537
4598
1545
1224
7758
475
2665
8202
114
5025
5272
2830
3092
9952
7650
7654
6014
8867
6516
8167
4737
3004
8319
2764
5956
4132
1722
1083
7119
6586
5170
2487
832
8592
6212
3773
3983
8957
533
3370
2222
9239
58
308
6815
286
7030
5568
1118
3008
4765
4872
3922
94
6770
2537
5026
7969
8038
6834
4073
400
8391
7080
1851
1545
9136
5841
613
7931
4419
5148
7170
2453
1193
989
3314
5851
4300
7783
5541
5024
2695
8792
765
9673
482
6948
3937
3790
8683
9061
953
7636
2248
9140
547
3611
4291
1670
4557
9032
3902
8129
9748
3341
6630
6992
5027
1184
8051
7204
3923
9860
5319
3818
7771
3041
1902
8575
2111
7747
2525
1979
863
2035
8200
7744
6343
8479
925
2862
5709
7205
5420
4199
3231
3647
880
2245
2928
3235
8949
2346
281
8613
2726
529
6270
4838
5846
3140
22
5747
6449
7937
3553
7008
9113
6253
2457
360
9962
2860
3633
6816
2355
2801
8047
3455
1966
1882
3324
2366
4443
4218
4145
2817
6229
7520
5403
8977
5740
9141
8833
58
5231
1210
4673
7367
5393
699
1093
2258
3576
5659
9861
686
2711
8319
5950
4655
2753
139
9496
3029
1487
5505
5436
2093
8424
89
533
5211
9417
4135
9772
5806
5128
2116
3970
7954
3550
1705
817
7681
9775
8799
8497
7949
4001
9820
4798
6475
7272
9735
7655
1599
2018
5990
3760
1140
9701
5756
6215
1813
4316
2078
2244
3058
2380
5826
7526
7921
5403
3299
6414
8266
4289
1895
6085
442
9027
5814
4483
8970
3584
7612
9322
6957
2813
3832
8516
6924
5361
8687
1350
214
4294
206
1423
7976
2113
2089
847
1039
3432
6716
4399
8887
494
1636
3793
1503
2505
9486
2304
4503
1406
9835
9099
1383
5484
1937
694
9963
1607
1676
5202
9558
9108
6666
5344
9865
9540
6665
3636
9231
5956
5599
3234
7804
6702
2132
6317
169
7061
4046
5085
1238
8708
5234
6802
4320
2368
4643
2241
6888
2598
2065
6942
2286
2813
7736
4733
3788
9841
9017
3455
5443
3076
8500
4799
3191
1135
1828
6853
8757
5049
980
751
7236
9201
6122
8143
268
6699
1213
3337
6356
7753
4501
1469
7489
7258
9119
5082
9906
3803
2109
2672
8058
9491
1944
1349
3446
4597
6789
4346
156
1807
2188
9899
1012
907
4028
1605
3484
1578
8587
3547
3136
4465
3026
7427
758
2612
4120
6593
2166
9315
5895
2836
6335
9413
8094
9365
2492
6708
568
7977
468
8772
9298
4064
8917
1868
760
7069
5869
731
8823
7741
1575
8673
6253
8954
5799
1638
8218
894
3336
6487
4981
8469
8509
3476
128
5051
6466
8534
6216
9242
1892
7573
4482
7259
836
2773
2147
583
420
1504
6668
1522
8321
583
3187
6601
3996
2618
6933
9744
3544
3778
8282
4189
3597
3373
6925
4860
1251
6814
4847
5386
7948
1021
6237
91
8966
3799
4646
5831
3112
7447
1207
484
7649
440
8137
6820
9992
9447
7274
8418
5501
9543
5491
8088
5336
8718
4815
814
8829
8350
6837
5709
5292
8656
637
9781
3895
6967
6902
4287
9884
15
4137
4022
9663
8975
978
9009
918
2975
9604
436
1847
9416
9431
4403
3986
1364
9107
237
4858
5813
1297
2225
82
9086
2262
5195
1970
9049
4890
9265
1376
5898
9637
8656
4495
8132
9390
7857
9888
8526
6011
3961
9465
6454
8768
8447
6569
8086
4305
1654
1934
7940
579
4176
4466
2962
54
7595
5915
6815
3108
7277
9171
7304
5825
4843
7909
3024
1125
5647
1109
4119
7901
3226
949
9197
5854
6551
5063
3847
1123
4826
9014
7955
443
1717
7037
4674
8101
6412
7019
9580
2274
623
8788
127
771
7646
4666
4512
937
1995
2297
65
7141
9622
8179
889
626
8578
1146
7769
5045
5905
5409
8073
1245
729
8626
6026
2306
5880
5028
6644
3050
9303
4285
1585
2302
9996
7700
7604
6364
2750
7432
8901
2403
4764
1181
2971
9986
8690
2359
5410
9836
8540
7927
5388
7126
9553
6971
8135
5405
361
8699
8813
7543
3399
7214
8767
8771
629
8127
3741
9079
6871
3893
6725
6909
6083
4720
7732
9395
6804
8520
1431
5944
386
3103
3684
4686
4782
5969
4030
6692
496
6392
8778
5163
2066
9201
2357
3057
4566
5877
4257
2073
102
5868
4391
601
1728
9367
654
2917
6654
8868
7629
4006
1142
3359
2648
4022
425
7597
2414
9531
9150
4304
6270
6906
9104
3450
8517
7661
3025
6985
1650
2350
5900
9837
6213
545
5899
3606
6874
346
6385
3083
1736
6730
3928
5576
7795
2130
6794
9512
2256
2358
1719
511
3690
722
5527
6918
8911
3010
1355
4848
6071
6623
6065
7194
4708
3378
575
4686
7401
5827
5365
9431
1469
3862
2457
3861
1136
4555
1426
8171
7853
7196
2723
4095
7565
8325
4535
3413
1492
2983
4890
1137
711
2444
30
3220
2384
4188
299
4290
6842
2901
497
1551
125
3468
6260
8942
6202
8289
1418
1701
2791
9295
9582
2278
8191
3624
8922
9979
9416
9936
2920
3819
4993
9132
8781
6637
702
2968
1273
5800
9276
4719
8711
876
7470
9899
9357
5320
1843
5724
2572
8312
439
1745
5464
737
1617
1752
1385
669
1775
4092
2418
7718
1455
4263
3349
4586
3414
2465
2492
5218
1723
4946
3123
6852
3523
5970
7115
498
3650
5678
9544
5897
2818
4210
4072
3248
2021
5815
674
8910
8095
9146
9942
6751
9121
3620
491
2148
5250
5625
8063
3568
1890
470
8522
9310
2828
4884
2360
6148
8417
9733
4742
4352
30
4728
3181
1064
7578
9086
3379
2215
6895
59
8891
1736
3185
9048
11
982
8364
2500
9430
8637
7408
6088
8866
2783
4040
343
8450
7877
6819
6702
4485
823
7875
3510
7605
7535
7155
7650
7747
2669
6399
259
3716
7190
512
206
9031
4336
7454
9830
9794
2
7663
6463
3341
332
8965
2181
7621
5278
1058
6279
4281
3589
2607
5197
556
5069
2094
3661
5817
2017
17
8277
9632
4807
3360
2499
3574
1702
7614
4769
5220
7279
5746
2700
191
2137
6147
8130
639
1478
3467
4599
3623
7467
4974
1276
5051
5486
8625
9321
3020
9497
5775
4055
9501
4251
9529
6084
6216
8975
970
3088
2187
6741
2121
5878
6181
4672
2011
638
6777
5220
6174
8853
556
6968
3191
636
5493
8338
114
7968
349
5857
194
3919
7832
9143
9960
9221
7867
2649
4916
8124
7040
9176
3563
4839
3788
953
211
5863
5546
4556
7777
9586
2900
1063
4551
5787
7188
6783
4472
7063
4021
2110
6216
3860
9740
4341
3468
7293
7761
8899
1520
4518
4600
7010
2130
6640
919
661
4166
7172
881
1899
1071
4485
176
3610
4797
2938
3855
2375
7041
6983
8410
1615
4377
7348
8108
7793
5296
6311
1480
2958
3326
3120
7977
1613
6094
2283
8921
3548
5654
2995
4631
9294
6543
4250
6442
8309
2686
508
7521
7311
7015
698
9007
5308
8969
6243
4849
8641
9013
4481
3447
1874
7423
5944
301
5243
638
4542
973
2427
574
4350
2485
9901
1519
3230
7336
8415
8822
922
3660
5931
4602
1217
867
4010
96
3086
2540
9890
325
8361
6219
8143
265
6845
3374
1546
3077
1766
2182
628
7911
6268
7198
6089
2061
2787
1437
3378
8171
5108
8832
7128
3035
3450
1346
4983
5017
124
4210
5598
853
522
3495
9147
2097
1661
3587
2354
1988
4613
8054
5483
7086
2816
3684
3447
2939
172
4918
7480
8685
8686
6221
9175
9432
9467
2082
8276
3565
2909
1895
7829
9077
4871
9590
9853
3347
8006
9611
5774
5955
1563
324
8561
9341
8817
716
4596
8268
7315
4506
4081
3855
4685
2904
422
6237
3703
4951
1982
9620
8483
8930
4373
1997
3214
3390
9273
5556
5900
774
4519
3314
1010
6691
5976
9774
3403
1248
872
1720
1897
8792
5457
5313
9432
9946
9485
9613
254
8799
6654
5932
6195
2638
5741
1159
4523
8047
6895
8426
2984
1871
4385
9199
7513
6156
7692
2357
6167
9747
6263
5274
835
7995
9742
9310
1206
4328
6335
5698
1345
1361
7963
8052
4412
4654
5641
1444
3143
6938
2348
4186
7362
8831
5782
2771
3960
4638
6867
1414
3245
8817
4264
3048
6585
2659
3304
6564
6615
4402
5578
5228
4406
963
5496
6290
1646
7331
6674
1098
5664
1922
2620
6729
574
7403
3613
8330
8487
7836
2953
8267
7472
655
7781
9598
3034
1856
2545
5169
992
8441
6917
6989
7760
8151
9991
118
2259
7090
3062
5815
7579
7693
5849
4150
5425
8755
8096
1126
7719
7213
1425
3312
7975
1848
6800
7880
746
448
3464
5611
4936
3695
7022
9436
7450
4109
400
5233
4385
8275
4457
5029
4015
3699
1512
2982
8862
4887
1117
9840
4589
9977
9737
6108
1973
1741
973
4558
1471
1296
7003
408
8357
1547
4268
9908
6328
7093
1995
3695
4779
1714
9048
4521
5443
1256
1349
2092
1315
3813
5225
1201
8316
6759
8823
5207
2693
5637
1490
6404
7590
7073
4445
5306
2113
6194
1139
4649
2593
1863
6816
7479
8739
4099
8117
396
1785
5946
5995
7867
1559
1701
2547
7909
5936
1637
7616
1707
2643
4725
2704
2830
3931
3159
5980
6116
6355
6435
7083
9644
6343
2061
8652
6000
3121
9336
7656
4072
2940
4333
6431
9009
2278
488
5065
9522
8353
8813
7685
6749
4915
459
8035
7214
6000
8463
7827
1417
487
7167
9833
1159
8783
289
8864
6573
315
9841
410
9244
3989
7694
1901
1278
81
4399
7152
8557
8954
415
2831
2234
8193
4952
9509
9864
7736
7609
5675
9579
612
2313
9234
5176
2992
8200
5600
5041
4365
8283
9923
3658
1622
6072
4694
6003
9899
2307
9103
5117
3681
783
7344
8841
9866
2273
8737
9993
2005
4971
4818
3369
7944
6176
7853
7595
3023
47
3727
6865
2823
401
4091
2419
73
5028
1992
2237
3319
4891
4366
6956
1888
7048
4990
8179
9162
7053
6898
8345
3588
3655
1656
7359
6885
8510
946
6073
3242
1637
2010
1472
7773
3781
1688
5952
7175
3872
5754
730
3142
3066
9444
4806
2080
9073
8603
1783
3004
5577
4575
4545
8206
9053
6979
8684
8507
943
6779
3834
4912
9375
4082
7630
8441
7692
9243
2252
1244
5541
3272
7028
3637
2151
7385
3866
8921
9351
7874
188
3089
9508
503
2686
2680
7279
9382
7535
7103
8507
6461
7826
6943
2155
5520
7933
5721
4636
8447
5702
6932
1260
5267
7824
738
8729
6332
7206
5706
8826
563
7327
7748
3144
1494
474
5208
9045
8108
1317
9020
3852
9386
8969
9155
706
8325
5266
5855
9260
2570
5816
4650
7787
7648
9316
1451
2850
7164
1297
4803
4650
4322
2206
3697
3175
4867
7058
7876
4194
187
124
3640
2777
7329
654
3641
8772
7200
7612
4426
8824
2430
2857
7737
6748
3472
5674
8130
3868
5069
1521
4796
9744
7968
8230
1131
5984
5167
1562
1770
9012
8354
2979
2819
3388
3988
1548
7310
7345
9627
7759
9774
381
7165
6023
8571
2264
971
6804
761
4240
3834
798
1348
360
8520
8622
345
4823
1576
5162
3629
460
1759
4867
4722
9904
9657
8740
3144
9804
4180
2375
1803
6450
2297
4031
7737
4795
7744
5383
3518
7393
6540
9664
5384
2547
1646
4269
4145
3082
8746
5317
2827
333
9487
220
4252
2996
6087
1476
2628
5775
7190
8784
7758
2534
2778
2042
4558
9027
655
4392
549
682
1600
2397
4219
2776
2210
9197
2583
1152
9683
2569
9067
4153
6447
8137
2798
5444
7737
8552
3067
1759
2208
5951
6148
5931
62
2999
6432
438
7271
9635
3887
3645
3186
8667
5722
8387
6949
8145
1222
8646
2417
3049
9479
3876
2573
2096
3758
3949
822
7391
3968
5372
4625
1578
3642
7557
2279
2456
3739
5296
7221
7471
1824
6371
8723
3705
5991
4490
1991
1977
2172
3741
999
6070
1786
8607
718
8893
3408
7471
3575
3646
8112
4736
4860
7676
666
4682
7240
5275
3426
1887
9240
8916
5559
8138
1023
6347
5179
6045
8499
9349
2184
2944
5193
77
9137
9748
5143
6192
2474
5380
5473
790
2899
6311
8527
8650
6935
4255
2432
2688
4625
7173
1301
253
806
7393
9590
1556
5795
1011
2400
9053
6852
2296
8158
8137
9730
3602
8515
465
8793
1833
7087
3058
8742
8501
8573
2017
8546
4912
8906
209
4221
5027
2077
1973
6135
8263
3158
6808
4558
1698
740
9319
9088
2824
4519
1498
4472
7404
1834
2632
8268
8804
9707
4021
254
6621
770
8729
99
2184
1448
171
5122
6173
3372
6183
9105
7693
625
246
226
2515
7818
4415
776
658
485
307
9472
1013
5906
3367
1239
4807
6609
5652
2199
4404
7547
1294
2493
4219
6077
4707
6789
8342
3167
8837
5591
3564
958
7370
3270
2047
4798
1494
9781
6765
2589
6980
7271
8196
2486
5746
6625
5994
7742
1797
8102
2314
2101
4081
4328
2635
9396
7397
588
6697
1669
3488
6301
4671
5778
2930
7508
2270
7594
6027
6389
1335
1041
9140
7505
3683
3612
3831
3018
7073
3879
9103
3019
1687
2351
1383
4172
9914
2808
2389
9326
6398
4212
2831
6952
9107
6173
3234
2055
9004
8095
2150
8436
5605
9376
6078
2979
6171
6388
3469
3644
6716
9255
2030
9946
2847
3312
7617
9720
2576
9006
1575
7153
514
7260
2033
9120
7151
1996
9267
2549
6923
4033
9884
655
2547
8859
7168
2241
718
7283
8513
8391
4496
2565
545
5561
8624
1686
4087
6712
4328
4727
521
2446
6905
6718
2038
796
88
5957
7633
5251
6815
4928
6061
2467
3134
5736
7653
2421
6444
9252
797
5876
4718
346
168
9795
8347
8798
6703
2066
787
4321
9122
2318
3950
2543
8720
51
6092
6221
4159
9436
6492
1394
9257
1954
3357
402
1115
6880
3646
1513
3456
5692
357
6216
4109
4192
8497
6061
7702
3250
5395
5216
8290
2691
50
3170
7828
196
8093
8851
3269
5541
5227
3067
3348
1388
4664
2227
1009
5417
9326
9508
9323
6099
1031
3393
5754
9973
456
6599
4708
2839
8976
4995
5585
4864
342
8337
7974
1143
5635
4721
4837
2974
6987
5974
7994
318
4832
2145
415
6204
9915
7169
2156
1484
2811
2901
1294
903
3328
5710
80
7701
677
3592
5560
3279
571
8700
663
690
1280
674
5762
6678
4741
3195
1725
8772
3378
5700
6272
3329
8631
1487
1745
9188
6559
6919
233
1822
6606
1008
8453
8669
3546
6107
5686
4814
7655
8304
8825
6307
371
5409
9615
2297
2554
5767
4815
3061
9516
4305
3665
9044
1087
6126
155
3530
5798
640
9112
399
4944
8097
5284
4766
547
82
9375
2615
846
3572
2836
5580
9047
9478
9329
5047
5162
6210
6746
1132
8651
7470
3428
9629
2436
1916
6988
5474
645
9675
6659
5823
6532
8070
2810
6359
7244
9027
5647
3454
6509
7516
8369
3351
2796
9523
6441
348
5636
6368
3380
2525
2389
8655
9292
7003
9913
2926
2166
2833
5557
5591
6552
1381
8146
2260
511
6745
4250
8741
1266
6140
9499
9520
963
7168
2058
9340
5958
6834
8451
8565
4708
3422
577
8457
6941
1538
4158
1443
9532
9403
2897
5488
969
5593
4998
3078
6364
7523
4703
9304
294
2803
5582
5234
3352
3009
4652
9355
5048
8289
9511
1219
9090
5188
473
8721
4859
100
7557
4893
704
5631
7846
6674
9194
2614
4799
7632
9280
1500
8602
3311
844
792
7504
6842
6993
9081
8996
2256
1829
6650
1421
158
5631
5469
7064
1959
5827
3890
1738
8640
8874
33
7867
3857
8633
8137
9971
7701
6579
5086
9023
6734
1438
9264
8624
463
2790
1776
7807
2109
2615
8947
949
5633
1610
8896
6911
5083
9919
2428
3632
5950
9019
3435
4605
14
2580
7923
7691
9954
3294
1351
8170
1582
85
1724
274
4563
63
7701
857
3650
5441
3364
9086
8763
6170
3929
1936
3954
2463
5910
350
1610
2568
1377
674
7164
8499
8783
1184
247
3555
7189
7746
4893
2905
9894
5693
4385
5710
2815
4667
9592
9922
7387
1769
4481
4111
62
1184
7506
3627
701
7789
9370
1737
4410
3012
4975
154
1257
6741
491
145
978
1124
779
2181
6262
9970
1020
5212
1661
4212
9070
1875
9532
6682
6544
3035
6664
9207
193
876
9893
2902
2763
4940
4598
2688
3407
2955
8934
91
1185
2986
214
2292
925
8041
6197
5595
6468
989
126
6662
291
3492
2642
9508
6554
7957
8759
2101
573
6616
4954
6633
5661
4465
3515
2901
1144
9324
2138
7581
2923
7347
1408
3166
7555
3280
3836
9363
3597
2183
2842
6551
8125
3656
3880
410
8245
1585
656
6775
2484
2068
1945
8909
8811
9096
2153
2525
4656
1391
8663
968
4252
6549
3276
149
5140
1166
7761
2749
3348
510
6092
2654
3102
8773
5942
856
7037
9039
943
7
3743
6400
2561
7636
5096
2528
9037
4703
8022
260
4567
4037
8006
5288
1041
2605
8344
2149
5767
6162
2899
4685
3744
2154
5961
8546
2134
4512
8009
512
7167
5864
8735
9160
6361
8999
8808
7394
4331
5500
817
4365
9830
7968
5686
568
6388
2346
6831
23
8507
5884
2936
2835
5826
9984
4131
2340
6175
1063
8541
9459
999
7280
4885
9346
8782
8639
6127
4612
9022
6153
9032
5320
9284
3478
9430
2544
539
8659
9504
6951
7610
1406
2328
6092
3640
7921
9729
1854
7734
3263
6710
8988
5027
7246
3897
9272
389
779
9846
8936
8937
1277
3257
1243
4736
5617
1418
1278
4481
1319
6685
3303
7130
9662
5255
8868
5611
4512
6003
6053
4888
2733
9753
5870
4086
6265
9202
7828
6496
9949
6708
8965
164
9800
1941
6168
6103
8179
6526
2212
1016
4589
7069
5857
638
7010
7105
2510
4162
8430
8950
5162
7537
5384
3479
9891
9715
8523
9298
232
6308
1915
5501
1184
1623
1282
5085
2112
2073
9891
1994
5890
6846
3651
4602
3188
5071
29
385
2472
957
9802
4836
3893
6745
3316
557
4946
6127
3193
4312
4142
4966
7978
5609
8104
8309
7223
7746
6032
857
4173
4393
889
7650
7005
8411
1158
8075
6066
6723
1896
4432
1136
4378
6535
4906
2298
2544
750
2120
3836
1388
154
5375
6080
4399
9378
3009
5110
9998
4469
5374
3878
3704
6904
4072
7111
4120
639
7689
6340
1974
2763
8707
4393
7645
3523
6272
8964
138
6563
594
8332
4187
900
2438
4027
5508
5600
7205
8832
3458
6371
4275
3679
9925
801
6957
9143
8531
9340
211
4503
9737
9248
8186
6068
5962
2289
4991
7931
4941
4091
8361
6103
6144
9800
3860
5321
6997
4240
5820
411
4918
9623
2115
4704
7482
6610
4241
685
6333
1956
3322
134
8566
9814
531
3008
577
5872
3795
4787
728
9019
7235
4994
5914
5847
9492
847
1115
1116
510
7394
5971
4808
7402
1825
3081
2705
1523
1289
6985
4605
6103
19
4298
9805
2605
5880
4532
6366
3181
8566
3227
683
9400
3625
2906
8921
9120
3477
9339
8822
5437
12
5385
4744
4832
9370
962
5307
1049
2189
4715
5394
8898
111
3810
8084
9962
3238
3785
8451
9293
2986
6030
8189
2650
8859
8142
2498
2591
7582
2482
2298
4100
9158
9821
7671
4025
666
7865
8929
5210
5138
7172
3083
7693
5313
8488
4980
6870
724
450
2563
3748
9823
1853
5771
4691
7201
9518
669
9384
2600
3574
6818
2632
438
1174
3527
1539
5038
9616
4263
326
9190
3938
5546
8819
6211
2004
2042
5666
6149
9422
8624
1344
7214
4183
557
9833
3784
7282
2588
9707
1563
2746
8112
9158
2885
6134
1887
3350
2917
7265
1360
5063
6875
2713
7596
5445
2839
4061
4074
6895
1709
8877
8286
7367
1040
4130
415
6006
3915
9567
2205
6017
5753
5473
4635
533
9811
6915
8951
7457
3971
6880
3717
6331
385
6849
8442
9990
4168
1935
6096
6747
2016
1
7300
6440
3419
1582
7471
2469
5229
3667
9718
5848
2614
3207
4213
8420
9202
3951
5333
355
7090
9997
1037
7611
277
8348
9771
8383
3115
2585
1584
9891
7592
5799
1237
6936
7256
7058
6113
6256
8518
6
8425
5653
5167
4065
165
685
2062
279
331
1544
4181
8820
468
506
4081
7276
5641
3632
2347
6735
8350
722
5306
5283
9138
7971
2919
3354
512
4188
2454
2358
7338
7790
5039
266
2873
1808
7551
2456
27
2736
8080
5572
4900
7775
3270
1986
4838
7487
9484
8948
9296
274
6427
1101
2454
8076
2516
4236
1080
9370
4106
664
1575
6858
7554
2749
7302
2379
4348
5569
3484
5689
6027
5473
1288
6639
2324
4041
8207
4906
9996
656
5131
8213
43
5822
2469
878
6424
4222
383
8404
6747
3475
1112
5946
8790
1189
9375
2378
5495
8740
3266
7062
9883
3754
936
7691
462
1448
6494
9145
4198
1897
3081
609
7373
4519
9729
6356
6033
7439
5167
2942
9136
9484
9835
9796
3420
5084
6589
6013
993
7782
2195
1670
875
3120
4371
296
7783
8430
2615
1084
1478
4305
5968
9849
6250
2825
2858
9190
3151
3864
2910
6373
5399
904
9865
4065
670
3202
2870
8790
2076
2125
4510
3135
5481
7446
2593
1591
7706
831
6674
3283
8186
9862
1893
2060
3217
5549
2094
5117
2370
4169
3262
7905
5686
3096
7063
6358
8604
8157
4002
7948
4144
983
7745
5081
7752
29
7943
5178
6942
5103
9487
9661
1676
7528
5840
3020
3899
3004
7155
3606
9730
1483
5646
9167
7386
3604
758
6227
7761
2374
6293
911
9201
919
6964
8390
8065
3139
19
3569
2691
5793
8025
9250
2630
7369
7320
3587
202
3936
7264
3445
2056
6763
6201
8739
4324
4907
8464
7254
4755
7999
2369
6277
73
4828
5095
3818
9791
503
184
4240
4199
5910
535
5400
2153
775
6996
7736
8750
8482
3122
9067
6718
594
9772
8735
1926
8688
971
8730
7069
3335
8715
6390
4087
1998
4850
6864
464
5078
3747
4803
7056
1875
5741
9449
3728
6215
6046
6272
7097
9441
2718
2233
8249
5672
5597
3240
5832
3785
1412
1354
9467
9541
7225
7143
5572
493
9384
9467
8842
39
4718
392
6101
7943
4534
2044
1295
1545
7082
6502
7161
5660
77
6358
7203
8692
2538
2967
7904
6427
4100
6568
6181
5878
2357
9173
2400
9054
1018
8125
5680
2822
1227
9344
6628
440
8357
6496
9698
5297
3976
2739
8150
9834
4696
385
8291
461
8186
5652
829
2946
4822
8519
4131
5323
7835
9818
9522
1430
9343
3905
7636
189
2667
1354
780
8773
9187
6396
8634
365
5143
6439
599
8527
8049
3118
8504
612
1249
4112
6016
8809
2168
2064
8260
7443
3305
4445
6597
9367
4078
6299
6364
4029
9016
2758
4388
5803
4293
72
5728
6567
9659
2881
2081
5327
6705
6170
6163
7830
1503
7130
5459
2971
678
1465
7565
9006
5528
6872
9567
5165
2365
7438
3509
2869
5221
7771
6361
734
4168
7781
2485
8614
6533
1572
4127
8045
7098
9845
1622
2643
5754
1957
5416
6686
134
8107
8235
7211
2343
6641
1636
2738
191
2806
9125
441
1085
1733
4688
5499
5502
1451
1964
9338
3314
5914
9999
7774
4763
7487
918
3244
7076
8927
4410
2490
7405
1785
7627
9482
5676
8173
7858
9692
7258
3230
6314
5902
9186
1714
8095
9013
3645
7848
4679
172
262
8216
5518
6999
2256
6921
1657
2987
7039
7775
3938
7488
4260
4447
9605
4411
8221
4832
4777
4368
4196
511
5493
2528
6025
9967
5742
5178
3234
4845
1744
9072
3261
2486
5931
2910
17
4164
8557
3764
6262
3742
596
4736
5514
9820
9497
2997
2490
1119
6303
3082
4984
6495
4744
2611
9049
2329
8216
2995
3385
1656
8704
6487
5035
5246
134
7632
1546
9069
2286
4719
260
8685
3491
5802
7245
2063
2252
4277
4970
1373
362
6925
4436
6972
4567
2782
968
9303
1537
5165
4727
1649
3918
3761
1752
4891
4124
2832
7332
2981
6935
6963
7011
2126
3048
1325
4217
6337
7357
8234
5786
6683
2810
2118
716
2416
3703
8764
572
8636
611
5293
7170
2911
3028
9912
5287
2334
3952
1093
6261
7988
8483
9151
8613
6975
6183
7992
8275
8297
3043
8231
3936
5727
7646
3250
2884
8075
6269
1923
807
5011
4101
4508
5381
127
4605
4313
6131
2131
921
5968
5442
5720
392
8438
7564
6670
2443
9398
2698
3120
6138
2190
1069
209
5801
7696
3335
8076
6413
7747
7047
5530
4100
3830
290
5018
2688
5157
9266
3164
1867
5251
5242
6766
8612
5140
5510
2106
1999
3329
1151
2120
922
5976
5790
3204
7967
733
5372
8034
2393
2461
2227
8341
3425
20
5448
5991
7310
3867
5580
1827
1145
6637
8050
593
7108
3208
945
9845
1498
472
3906
5785
6100
2997
524
4012
1058
5270
6908
4472
5115
4354
9901
7619
4423
50
5447
3522
5630
5210
1636
7080
3164
863
4165
2164
7378
6866
9598
5508
5052
1859
1953
6355
4791
916
9144
920
8289
1486
541
9456
4402
4481
1151
8705
4721
8601
7538
6652
4689
9890
777
6531
2949
6220
5172
600
7406
3921
9169
5177
1060
1094
2072
6328
868
5961
7683
8962
8187
2007
4438
8651
7474
3745
5211
35
3662
5335
1118
2425
7014
3065
8927
984
4798
4814
8045
8931
9752
8160
2494
5386
8011
8265
4932
7151
9485
5660
4923
2733
4720
5499
9676
3397
9735
9075
7270
3097
5361
1845
9786
3978
7082
9150
9377
6683
3109
8118
6576
6262
1601
4543
7054
2302
6559
2812
3352
3557
1095
8959
2659
7887
4073
2036
2172
5854
1675
8253
5741
8575
8703
982
7041
8896
9628
9315
487
8459
5231
7702
8300
5445
1865
9207
8611
16
375
9051
242
1577
5832
6523
6775
5362
5107
1791
6316
6402
1564
4061
4932
9661
9870
7537
3742
7645
1381
7872
5361
2826
9668
6399
3719
8140
678
7313
1619
5336
4814
9219
6826
2050
5169
9874
5213
7374
3625
4788
4048
1121
4620
9870
8604
6262
1723
9169
2670
8602
2515
3139
6545
2312
3006
2165
2801
4672
4232
277
3382
9291
1463
2148
8007
6314
2257
9078
263
4586
3452
5417
5640
6195
6048
1145
9957
4886
8111
7382
7805
9720
3425
6551
2021
7620
1679
7456
3324
2155
1979
215
8145
7990
4913
7285
8320
5604
7897
2946
5518
2787
1834
7946
8640
1674
236
6597
1806
3257
4857
8606
8649
5337
4993
9936
8703
1377
8696
2552
6251
6927
833
4080
1801
4723
9640
2609
8066
9949
1157
3944
8395
8703
2825
1013
92
8047
8988
1262
5933
4566
5764
465
6426
8055
5901
9602
3109
8196
4226
8719
9937
1311
4833
6995
2732
5151
8231
445
2448
1179
2020
5358
3375
8910
4684
6987
7373
9701
5504
5005
3947
5693
8718
9863
7431
9038
6173
122
9869
9379
4975
345
4536
8370
9950
104
8201
4900
9165
9631
8553
3380
9570
6305
5329
5827
9767
3870
892
7614
2595
5847
2926
9331
5642
9359
4518
8822
4566
8951
4747
1039
9670
8081
8637
1208
9747
8718
9618
2378
2262
3529
7800
5188
2792
7816
7853
4096
6555
6086
3999
7002
1529
1918
3631
7587
7792
6022
3984
572
1282
8694
1846
7175
1345
3081
3234
6165
1059
7577
910
9017
1195
1929
2067
4606
6762
1527
8637
1817
9555
1949
8780
7020
622
658
8749
1192
970
1658
3336
8103
4590
3863
9468
719
866
4778
8709
533
5364
4304
7696
4606
6007
9307
6685
2757
1901
8774
6408
323
2996
9202
7984
5961
8741
7248
6596
1125
6659
9465
8292
2009
5583
7129
1264
5265
3150
8027
2114
6981
1327
6334
5827
6045
1422
6944
3196
3583
796
8214
847
3850
1657
8469
1072
9201
9532
7706
2852
2474
9283
3082
3657
3688
9568
5805
8734
8524
7548
3833
1532
2052
2991
2842
3144
3052
9755
4063
3433
763
9235
3716
1655
3127
5303
236
609
2454
3418
3342
9047
8734
8745
5998
3931
5746
5283
7657
7784
3029
830
9894
1717
7277
9495
798
277
428
5137
9893
7497
6451
9213
7511
845
8083
7814
4185
2131
3834
7021
9564
9750
6480
9659
9007
4991
877
8874
4787
6607
1805
846
9673
3006
7403
4447
7019
3590
2368
8654
8427
9195
8082
1202
7032
209
6475
8886
9632
2588
4066
4509
8391
3529
1242
9747
3583
7648
9831
6389
2671
3551
1035
7751
6985
1954
7530
1827
4530
1989
8829
3035
4880
8906
3423
7407
8016
8416
1769
9
2605
5888
349
6775
2459
2371
2861
1587
5174
7208
8624
2827
1670
7880
2246
9535
1069
4996
444
2482
4048
7319
2077
257
1668
3019
5823
7604
5557
5807
723
983
4391
3461
7817
2693
7435
6688
2911
4763
105
1913
2750
9942
2745
2301
95
8193
3160
3509
7396
1013
7722
2692
1061
4883
2501
8510
2828
1654
7912
8725
9557
4221
7095
6325
4042
2973
771
1041
7121
7067
8252
4225
8299
9595
7272
1420
2793
9955
6165
8027
4705
3641
4256
3442
7863
8728
8860
9883
6399
2395
8799
9409
4209
7411
9915
6938
4936
2808
7040
8799
4861
5027
3061
8035
8627
1489
5345
5495
9160
9411
3015
2279
5322
1287
4184
7834
2335
7039
5991
6778
8213
5538
10
6924
3912
8844
5031
5458
3281
8259
6583
6088
4035
2877
9545
5398
7066
8449
7029
6305
7431
9018
4867
1603
3715
4283
2414
7288
8413
3263
4407
3783
2260
3328
3228
9329
6676
5131
9054
5464
4935
4532
6623
3172
1269
5237
177
6904
5058
8181
4813
8718
588
860
8467
3301
1418
6405
9309
4123
4251
9654
1286
8436
142
592
2755
618
5326
7514
6050
4692
2475
6525
6146
8023
9727
8041
5622
7172
5585
6622
5987
5831
6554
5358
8108
9840
262
6431
2535
4239
8878
574
5303
5734
4736
2921
9662
1712
9881
6380
1919
8105
6539
2198
4969
6037
7528
2893
5698
6533
4874
4045
5477
271
1661
2535
5676
3071
801
7072
7017
9574
2042
5370
7840
7225
2675
997
3192
6576
5522
6491
7704
4245
5449
8309
672
894
5792
4514
3212
2426
3876
2152
5348
7186
7695
1356
5275
7551
3952
2470
9322
6520
5864
8630
3879
1794
1976
8760
39
6700
2261
4949
5462
676
7912
4029
4593
5969
6755
9473
9779
9180
9557
4803
3214
368
9100
8830
354
4417
9718
9803
6372
8783
8211
1275
578
8182
9068
9197
3152
7471
1465
7073
9931
7986
810
7752
7866
8582
2972
105
1322
6280
9390
8923
8821
6806
7469
3707
2806
8731
8318
1972
6516
441
4358
683
3284
1961
6808
5393
4936
5661
3945
5334
3490
6749
63
5182
3476
676
6286
4369
8077
2489
5030
4479
6984
1723
3213
5206
3756
333
2106
2696
7992
1125
5905
3603
4505
5473
873
5142
5354
9066
2452
1253
2998
2386
1080
3256
1386
9781
5433
2767
4349
471
9969
6142
1043
5592
5411
5126
4363
1448
3209
6340
2747
6007
2076
2270
6049
4299
8145
5240
5216
4723
4114
8033
4306
4014
5113
9224
5458
4324
6009
6605
8974
6381
2390
3839
3118
7419
761
4539
9105
790
1222
5609
6217
5266
6513
7964
811
354
3432
4093
4941
7516
5217
6188
2068
1461
1126
9271
6553
1143
4539
196
2501
2366
9459
8389
8919
4204
1506
3685
3459
2649
5145
4550
3816
7573
7387
882
5255
4041
2739
9329
1589
113
7307
1965
7308
8402
7505
4307
9429
8214
7625
8011
6619
6473
4883
1281
3504
4286
9586
5561
2287
792
4102
3207
7850
2781
3745
3107
5288
6407
3829
3645
8486
6021
3346
7093
6142
7933
2146
4889
4216
1068
8674
5349
8308
4932
7887
601
4790
2757
5766
5028
1025
5305
8046
5376
2298
7834
1526
2545
5369
9259
7190
2396
3348
708
3599
4596
999
2505
2575
4558
7933
4213
948
7357
8961
5299
8123
1166
2133
8438
1609
4346
5854
8831
5457
4767
7186
7621
9354
7712
9129
438
4647
9028
5392
4116
106
6158
4690
2487
2097
2316
8583
8533
5599
5272
2192
5023
735
2448
5678
9124
1024
2746
1722
3913
2168
4083
7793
7001
8956
9164
1312
1567
5499
626
3942
6108
4508
4481
6702
3162
1743
1025
3058
9674
2993
5181
7061
45
7723
4249
1498
4200
1706
6156
912
6069
5647
3229
4746
4616
986
2565
913
241
2182
1833
6365
7070
7254
6197
4927
7619
1612
1569
3014
8620
3329
709
7038
3526
7596
8641
5536
278
9585
7921
2716
5051
2969
7672
5963
5113
2006
1374
1838
4414
7206
9723
9975
2753
8635
8711
9404
9037
5849
7342
9790
7488
2952
123
5316
8782
238
9990
6698
511
5010
1127
2628
3440
9068
9779
9480
8470
6341
9498
1007
5345
6472
8727
1939
2552
1788
2709
2990
7519
3230
3171
7314
4303
2625
5602
1887
6462
4058
7568
3564
3039
176
8002
8998
5703
1713
8499
2094
1271
5276
9813
939
152
5658
7554
5432
6078
8235
5909
5371
3189
997
6543
8473
517
1681
9806
8051
4964
9149
6041
4224
258
3975
5496
6751
4860
6174
9007
17
7003
4484
2804
8366
4535
5378
2289
5538
9788
80
4135
746
6601
6754
745
6448
18
7156
7865
855
4279
2747
975
1984
4431
4868
4819
2390
422
782
9733
5543
7101
8649
3947
9498
7960
3204
8919
5839
5780
1481
8031
2162
3943
7230
5107
1848
5606
6188
105
1509
9635
5333
7312
5769
3122
8580
7887
5860
8476
4560
7610
500
2923
9563
7438
762
9728
6712
4387
138
4521
5279
7443
8453
1645
3597
6511
1088
3572
5490
2424
6695
5161
7032
9943
4067
9064
1284
4731
2170
8159
2353
8580
9173
4237
8934
2628
4150
4474
3742
7041
1089
6462
9283
2007
2291
2479
1295
4766
1429
3713
3569
807
8598
9526
3885
5685
5511
2286
947
1885
8321
1250
2600
9621
9723
974
4088
129
2439
7642
6569
2407
8655
9043
7258
2152
8123
4690
1986
1151
9944
8404
7482
2802
9606
3508
7302
4248
1613
6052
2526
3293
9132
864
51
1906
9129
8647
9514
9740
7539
9894
4798
1960
564
7650
4049
8904
4261
6262
4884
7047
8504
8176
6185
1274
8048
1579
7267
8963
292
3698
9756
3226
6384
3421
6364
2853
391
6886
6134
1387
204
3575
1815
8466
9336
8219
1575
2602
43
9097
9893
6099
4671
4737
4392
8182
4689
5931
7190
4980
8774
7681
5558
9662
5393
1420
8603
8590
3047
5437
9380
7650
4174
7360
9729
6551
976
2696
8198
7662
788
7638
6916
2632
9042
4514
4903
4341
4501
5085
1803
4819
931
3735
9432
6621
5807
47
445
1229
172
6062
6881
7294
3962
3229
732
1846
5133
9407
5633
3986
3052
6033
9454
1136
1085
1363
8063
2846
2740
2020
9472
5753
7469
3617
3192
7714
2271
9680
5295
2274
6548
5915
497
4012
2338
9069
8876
4003
8531
4547
1658
5335
5946
5296
7556
2721
9938
8440
1978
7960
8099
5358
4625
3589
3929
1003
2442
5166
6713
6056
8876
9316
4135
3231
6861
3636
7847
2997
9937
4216
8482
2337
4729
3804
4285
732
828
770
4241
6571
3747
2726
3725
5008
4318
1558
4202
6896
4118
5960
8308
8282
1297
6339
8521
8519
5348
7856
6917
7097
2596
6645
9570
9993
6202
7453
6269
6593
7212
6265
5646
2156
1714
9313
7896
2641
4967
4316
1472
832
3247
6776
2028
5424
9627
3937
1403
3639
2778
6348
8893
3167
8757
8345
3859
6638
2287
2164
298
7898
5189
9116
1465
3691
1690
2234
4932
602
1862
8926
8004
2701
3524
3260
4886
9314
808
165
5747
1214
7205
1015
4165
9031
5228
748
5015
531
2417
3024
9989
9967
5912
1289
86
7265
1790
537
5976
4103
1554
5190
9256
9777
1339
8481
558
2807
4697
1906
6974
523
1775
6310
9527
7667
3445
2780
8361
4486
2806
3473
5407
6173
6173
9150
7080
3468
776
5185
5676
2487
8817
7183
5385
5492
5312
7605
5426
3186
9651
2136
5621
4761
6982
4579
7643
597
3837
5818
3656
4496
3943
554
5293
704
7376
3498
9801
2771
8958
9322
6119
5437
4879
8311
4021
6997
5840
9832
3421
8696
8154
5232
5927
460
593
202
2322
8432
9416
5431
444
1750
4008
1787
9459
456
7859
8108
7190
7286
9047
3847
7917
5934
7612
381
52
5425
8979
4702
481
2996
2388
9887
3563
3877
5765
3472
5334
6638
789
3938
2122
3596
8724
4443
1410
779
8872
421
740
8392
2548
9603
4998
3524
4319
9313
4895
337
1329
543
8392
1652
2326
529
2691
7734
948
4820
5829
6770
7045
5262
8155
471
834
6366
7768
383
3394
5448
8624
7917
1808
3428
5549
4123
5653
8230
6011
321
4050
8768
3029
4868
1563
2851
7416
8127
2756
1809
5213
3668
3703
7711
5654
691
5834
4785
2713
3632
2512
1811
1629
6730
4755
512
1458
7166
6152
5847
3752
5524
7567
9717
4439
8482
214
7627
8056
9476
5696
208
1656
2481
9333
8666
3153
8975
9918
9330
1948
3338
6120
9391
2343
7671
9758
4579
1750
1697
6441
5703
5548
8498
5659
2656
6200
7885
7887
6464
9068
9132
1392
3636
2661
8903
4465
7673
3206
3636
4943
210
2461
9719
5096
4250
5825
2232
9225
7659
7105
8494
4436
4620
3745
2219
3392
6780
4210
5076
8097
5779
4198
7421
3993
4047
9931
3329
7939
3658
3142
1276
5040
9571
993
1197
9350
3740
669
428
7866
8110
2743
9587
5560
8031
1885
4916
9669
2651
4750
9430
7460
6886
8337
1437
4291
6482
7758
1883
8023
8721
1223
7955
9543
6809
858
7645
9805
4354
5141
9661
2845
9042
6848
4112
19
777
5777
7002
1107
5807
7471
6741
2530
5594
4620
7391
9503
8337
5183
5048
3138
1049
4494
6770
788
9566
6877
1210
2057
7545
6571
8642
6963
3621
4398
9293
5828
745
3165
1754
5655
2924
6026
6681
3222
6347
5711
5045
8816
6519
7147
6051
2057
1557
5488
8036
669
2430
1648
6062
7778
1190
2122
6043
38
4295
6073
4777
5436
9617
8567
4185
1682
3918
105
5772
8822
2200
2671
9031
219
5249
6168
1460
5762
1278
4619
5660
9296
6033
5817
6059
263
7960
9336
8692
7553
9705
3783
5038
6430
1142
7455
3018
744
3796
8827
9990
8513
3410
174
4198
1813
6865
4140
9642
5785
8837
9295
8375
8764
8318
3982
6926
4905
8717
4592
7368
1742
2897
6458
811
6034
6938
6585
2368
181
3424
8061
7386
4352
1390
5893
7713
9798
2092
3540
8512
8792
9599
926
2126
4104
8820
9823
5877
58
3609
8765
2750
4794
7116
4148
229
1368
7392
8261
9995
7337
3307
5227
8498
9694
4156
751
6824
3451
3978
9449
8514
1231
9383
9059
6806
6225
1167
6822
1063
3866
1867
6814
2607
3467
2731
19
5160
2498
4017
7684
3579
4966
6919
4844
2765
3281
1160
7898
5500
3388
677
8081
8828
6555
9818
7364
6497
6263
5403
5390
5876
3424
7677
5580
9100
6897
8879
4066
3313
5283
5364
9832
4151
2918
5570
8046
2660
2212
3700
5061
5374
9580
3626
7370
8294
4748
5969
1839
2498
9533
4311
3287
954
5955
1812
9614
1346
6960
6242
6487
4780
2220
4027
2080
6231
8761
8993
1316
885
7966
1069
1549
5452
6636
4900
4435
1807
9642
5254
2195
6123
1320
6078
2361
3543
8222
6353
1295
5310
4597
8666
6111
4938
3595
8155
7196
4192
2247
2289
5650
1355
6120
7610
9314
5742
8705
8125
583
2688
9853
6133
7161
7758
4763
8601
7408
6357
922
861
2070
6464
7112
768
3857
2481
33
8350
7954
2453
2467
8469
9293
937
2896
388
5289
6126
5455
354
560
8676
1376
9057
638
4535
8631
5375
8692
2606
3189
268
3192
6060
8003
8946
992
7437
2044
8126
823
2394
8004
8230
2234
2896
9423
9508
7
4509
9513
4954
6541
6717
7989
1230
6767
1218
828
9346
6468
8825
2215
9852
1496
1332
351
5930
3052
2522
1728
3959
2384
4504
6427
8536
6649
4561
4022
2886
3724
4800
5220
623
4888
1787
8670
6611
952
8007
558
3012
4153
1461
7796
4328
8579
2627
6565
9729
2851
684
6841
1201
5452
6216
7062
7476
9728
7793
589
2404
3520
7029
1126
5417
4121
6361
580
8748
1136
5674
9605
7719
1314
7769
4831
4825
607
46
7813
1740
4186
3363
4877
4429
192
9986
3746
2621
3590
1613
6258
7752
7087
7764
2965
6238
53
6418
5198
9366
2819
802
1985
3738
499
858
2089
6118
4360
3971
7628
7583
8455
9924
6724
9602
8831
8387
4090
6556
7777
7896
941
479
6531
2528
5051
2890
941
2413
3799
7498
3513
5550
9292
3589
1249
6329
7168
1544
5548
4976
6601
8480
1639
9307
5613
4978
9252
3247
5931
501
876
3332
3607
8434
8458
2636
8363
3883
6029
1668
1723
9262
7354
2512
3561
5200
7220
6138
4443
7845
7887
5325
2720
2053
7021
3566
5426
8289
541
2203
8896
2578
5317
3699
439
2783
9020
2202
2036
6206
6215
1623
4004
7426
8871
4165
174
6819
4699
6604
6219
290
3828
7104
4426
1870
9778
4289
142
5998
5938
1698
697
4353
6629
2708
9820
1993
1540
7107
8952
4822
1625
3335
4609
9896
399
8642
9815
3480
7311
1124
367
3237
6687
7314
7624
7586
4393
1507
6082
3860
5965
4280
3551
5041
6363
6426
5454
1375
970
7933
4462
7229
5890
5962
1602
7170
9754
1034
7573
3241
3145
5211
9053
2322
6271
4394
1609
7046
6128
3164
3144
5247
272
6031
633
7590
6992
780
1351
9747
8264
702
9178
9300
2746
1177
6096
611
3522
8353
2604
28
2084
1665
9672
6732
2511
3917
4360
4710
337
280
2141
2903
9447
931
2283
3367
4865
9402
6401
665
9704
6819
2476
9998
8768
4837
281
8871
7258
7433
6977
3014
2300
4287
1850
207
7690
8819
8116
7849
7855
929
9126
6722
3943
3467
3305
7369
4934
5411
1856
2661
6471
296
7039
8357
2374
1952
4698
2725
7104
4656
9946
1285
6831
1897
8004
4061
7757
2497
2769
2399
1679
8705
7267
8282
2199
79
4775
8354
977
2063
9942
4026
8264
5713
2605
7473
3603
2121
4714
5761
9288
2707
2285
9268
718
8787
2001
838
7686
7202
3822
460
4205
6079
3495
158
2268
504
1295
8093
2149
6986
5046
7837
4795
8087
4530
7280
7106
905
1908
4550
1781
661
3043
2683
6405
6869
6541
5855
7140
9884
6837
4555
293
7620
7554
8398
313
9963
5578
4650
1407
914
9857
7078
1050
7768
7737
5709
5212
5119
6674
1119
950
1678
1815
8296
4748
6123
5347
1852
8636
6028
8109
9806
4499
5088
7971
3620
434
2398
1324
293
9391
8564
9940
6012
5500
1973
6662
1189
3116
9041
9494
373
3059
4240
2874
6446
396
5271
8371
1720
3637
9998
8533
8734
1686
8873
840
3644
259
8525
2445
6419
957
6504
3044
7448
3099
4084
4523
5414
8235
8217
8422
6607
6791
6994
5873
6380
4316
934
7277
6671
6130
9575
4583
5270
6684
5856
8605
6881
6192
9356
5914
5946
3232
306
8090
2356
9209
8183
2992
2262
2957
3364
8889
2878
8502
2517
9024
5457
7148
6607
7729
4661
2621
2808
3411
7175
7722
6278
3827
4131
6741
404
3843
5366
6578
2939
725
8955
9891
1024
4082
5996
2884
3370
5449
2692
9145
5090
8727
9282
3095
7639
5905
7449
8129
7209
5555
8291
900
272
4256
2566
9372
6877
3388
245
6375
9184
3857
5042
6988
1081
1747
9011
245
880
2900
5959
1273
4331
6247
6437
4560
8416
4614
943
6555
1066
9791
3031
7677
4602
3502
1257
4201
9343
6059
6898
604
3998
1712
6882
5566
7698
7425
6909
669
5116
2112
1857
3007
2433
6319
7094
2419
4715
2370
6300
8356
1729
9742
6945
3016
8016
5984
6857
7486
8039
9471
916
8641
9933
7017
5341
7981
6507
2474
9850
4758
8985
1975
9054
8232
270
1076
8856
8949
3005
6271
316
3636
7431
5407
9972
5742
7473
4174
7783
6578
4346
7588
6114
4121
9861
466
9198
5839
4748
3792
8970
332
7316
9172
9626
709
905
4043
6891
2215
7637
9434
3108
9459
5885
6318
8559
8298
2217
1972
4648
2782
6616
598
7475
5719
9700
4557
4862
9002
4136
4414
9636
3574
786
6827
9321
118
693
5779
3958
4121
2920
1864
752
3788
3303
3936
3261
3551
654
7258
8100
2363
7834
9498
2597
4461
6073
1013
2250
7700
734
5730
5510
6202
1439
4227
7020
2913
4659
4633
9540
7868
2238
4521
5715
9424
8031
9525
6590
46
8467
4435
7423
3039
5223
7139
3811
2283
5326
1076
7372
1736
9653
6448
6942
1710
9546
531
1680
7095
6124
2378
7257
241
9951
8236
3033
1789
1979
8985
6108
580
9293
7342
8229
929
5684
8749
725
1949
653
341
2025
3698
6575
4418
8808
2054
736
7857
5151
3490
4356
2829
6605
6988
763
4933
3556
9209
8019
4538
5989
3503
4323
5627
5992
6691
6655
405
3762
4825
7172
4988
4671
5044
3828
2908
5659
1904
3139
2437
8835
6969
9994
3728
9234
709
3600
548
7213
6917
9759
1868
5066
9392
2816
7318
3987
7570
7606
6104
4888
1996
918
7669
7828
6735
6872
4386
8046
5853
7363
9537
3028
522
101
9910
4012
5010
5530
3065
1105
5310
4725
2365
3018
6665
6562
7216
7159
9434
8145
449
1435
3359
4156
9338
6842
2862
9836
6194
8212
6767
6127
5821
1170
4455
4239
7832
5877
4016
1988
8856
1479
7558
3681
3898
7638
6222
8019
2624
7363
6087
1323
2152
7098
1023
8298
5763
7295
2402
1647
8209
6402
7074
8095
7167
7473
8400
9004
9644
6182
630
6978
4976
9393
7667
6929
8101
9916
6681
4355
5684
1790
6201
5151
3038
1330
8595
2088
8930
7553
9518
7362
9340
4309
7135
1489
2269
3167
7109
8783
477
7350
2457
3513
8
8909
1766
1718
7438
5396
4393
5645
7313
6052
8468
9385
2834
6985
670
3735
3645
3159
8581
9429
2275
2481
3694
149
778
9486
9629
7162
5206
9222
2239
1040
6369
1809
5794
1339
5524
5015
2841
7714
812
8435
9195
1303
5679
4273
8000
7269
6672
8866
2768
5760
627
7969
3127
2145
3335
6975
4606
7654
7110
1388
5185
1232
709
9881
6735
7984
8220
4716
3276
8862
4808
649
1807
5495
496
8799
2878
6182
8636
5331
3427
6836
2081
6650
2482
4503
4045
8133
8796
4949
4728
298
9984
820
9909
9973
9
5457
4068
5410
958
2840
5950
8829
336
4722
7251
3643
8049
1866
9213
3992
8755
7986
2518
7975
4544
1915
4000
7090
1901
6803
5534
7928
7232
2680
616
8322
440
5698
9882
7805
9197
1079
6917
1517
2300
6839
1210
2316
4290
2855
4055
9882
3461
7660
9292
5152
7148
8422
8168
6546
7296
5645
5240
1358
5229
2600
8208
6671
1920
6572
2056
1142
8427
7625
7581
3099
3919
6828
6041
5021
7637
1335
5885
1588
847
554
1636
7465
8542
8612
6540
7440
3986
584
3231
9217
8613
4944
5799
7549
1062
5216
9034
683
7376
1629
1536
8219
6646
3510
603
3317
7989
1648
903
703
7722
6765
7868
1368
2429
395
1943
1257
1157
3103
8014
2717
1472
7536
2381
4255
8452
7670
8620
9623
2305
4712
5645
2015
3827
269
7494
2661
243
1232
7786
8323
780
3034
3683
8869
2032
3103
2305
4538
4267
9763
3217
7845
3422
7456
2642
6762
979
8746
576
7974
1798
1773
2903
1790
3152
8422
9558
9761
1675
477
5823
7795
590
2180
2078
6050
1734
7726
5309
3015
8601
8937
6443
3495
3973
7298
7825
4684
9215
2167
8642
9254
1602
4748
3753
5188
1073
8958
9501
7877
7411
1104
903
4208
8484
3353
7501
9756
6378
409
5556
9615
8144
870
5104
2497
2828
9349
2399
8598
378
3132
9404
1224
6620
3418
8828
6421
7950
4403
7490
7634
9362
8499
8252
3139
4686
3176
2772
3296
1978
877
6158
621
7702
7265
2048
6206
7186
9701
768
9839
5232
6775
2203
7944
2729
4351
5948
4390
5325
2146
9131
87
9431
783
7239
8792
1042
2970
5655
2394
9574
8299
7961
4001
3379
3196
8478
7212
9151
4737
5144
3110
903
2016
2865
1148
2808
8119
878
888
3597
8460
5517
4693
801
1832
7238
9291
385
2049
863
4960
4131
1354
6847
2886
2770
4803
8119
687
168
3191
2994
2918
6386
5441
4750
421
8235
8065
9860
8166
4478
2872
196
9057
3586
7072
6732
9624
7847
8581
4400
8032
2173
7546
2777
1218
886
1278
2890
6885
4757
6934
2607
4555
6647
6578
7471
2949
8956
9907
7039
6182
9917
3091
777
2586
8780
6334
7793
2613
5277
2088
9444
4426
5327
7153
9465
4555
2200
3695
8584
342
1545
8388
8889
9313
316
7567
5761
8470
9444
4077
1791
5700
231
567
2083
8591
3989
7632
2863
6845
1685
8772
8561
9867
6899
5809
1847
4901
300
2280
6607
4055
1746
7655
1533
6282
1649
5651
2056
6986
8776
6266
5984
6102
4303
5374
1517
1011
6570
4807
3327
6641
970
5880
4454
78
4052
5918
8750
6539
9209
7310
7281
8265
8359
2730
2987
5296
99
2629
6756
848
5172
8282
7859
7726
2631
2293
6122
7868
6744
2990
2464
1520
7348
1128
6603
5155
4488
7353
1312
4049
5580
6882
1156
1957
6152
2340
7759
176
3276
2679
7781
5202
6240
6230
9959
6628
4921
4382
1253
9120
2831
3527
9218
1130
105
27
5484
1911
1376
5073
2116
7628
7537
3936
4475
171
5806
5716
1551
269
3883
5394
8631
2800
8008
2117
4424
8293
1710
9519
6859
4045
853
4352
1015
9798
5183
3173
5392
8666
6395
1073
2950
8861
1610
8265
3803
5635
2526
4375
7235
4435
3272
7757
2059
9058
1484
3038
9090
3543
7405
1144
9728
6672
5789
5173
2772
6789
8803
4222
807
3667
6707
4695
5599
1240
1092
7534
991
1542
2700
2306
2055
3389
1833
9710
5006
9993
9551
4725
7772
5916
1764
7153
9879
8582
8442
4647
6288
8015
6902
673
4102
1933
8721
112
6688
7878
6228
9972
1184
2197
2581
6649
4478
5787
634
5183
6363
2263
8344
3493
2487
9330
4475
4800
1851
9426
8617
1731
4246
4951
1859
7251
5374
1679
8131
9541
5831
5519
9011
1722
2075
5067
1765
7789
541
2865
46
3186
8621
5825
5300
1870
3079
3505
8717
1343
7223
3040
5229
2610
4914
4106
667
8485
6685
5773
1095
8111
1501
539
558
6377
9350
1071
1510
5575
9819
4672
2137
5811
5657
1661
5130
6097
9837
930
6597
1098
1737
2173
6904
9637
2443
4674
6577
675
9363
3893
3055
2692
7469
6709
978
5010
4007
959
2949
528
3147
1260
9757
3724
5174
5353
2716
9795
2294
3125
9431
4114
1030
752
6202
5367
9147
1252
5542
2796
8513
3249
6344
8402
5710
5152
4254
653
4873
7005
6557
4056
692
5275
9161
6832
5540
4968
3659
5758
9838
7000
6173
214
3736
6841
4944
5657
6150
7250
3343
6626
3088
6244
624
2021
5292
3373
6800
579
8804
5251
8626
3104
4500
6933
5585
7708
8816
5934
4198
9694
8244
6759
2838
9951
6207
1100
1780
8057
2469
6167
5114
6075
3790
1712
9297
1413
6236
6781
9396
9880
171
2065
9239
8696
7210
7087
9227
7444
6120
4526
971
9736
4962
7741
318
6396
7973
2785
6061
9021
2660
1393
7270
442
5073
5643
6144
1241
5420
1982
163
5058
2572
3100
5413
8051
5069
1626
2478
2930
8784
630
4890
6987
4780
7441
9217
2853
5696
8551
3611
6706
3704
4652
4902
3482
5023
3088
9247
5692
3219
4575
1414
5901
2456
8082
1622
2448
4817
7692
401
1674
9824
5722
8771
6272
9761
6750
7836
2800
1912
6287
6520
7805
6100
9458
8585
1028
8262
3471
9151
7478
2573
9514
2365
3165
1789
3944
9364
9562
7024
2793
3446
718
37
2555
5206
9529
131
2691
1642
1373
1865
8427
1076
48
5435
6133
9359
5474
2773
4887
7953
4903
2089
6976
7021
6424
3258
6947
3651
9700
7281
3373
7196
2721
9322
0
4206
8625
1765
430
2745
2766
2569
7837
7586
3152
3932
7863
9411
5201
6138
4880
8926
2634
1845
2866
3393
3184
6486
4309
5327
4449
5796
4748
8917
7937
9984
5404
7067
9431
9305
3435
149
6523
4576
5591
418
3800
1112
6569
1576
2835
707
3650
3146
3810
711
7064
3609
8784
2685
9007
4955
7316
7396
4497
490
3898
1702
8930
7263
8588
918
8775
4114
3745
3151
4620
8269
7581
6360
3724
2382
4151
2684
9135
5205
3656
8802
7512
7433
5490
2903
2559
368
3135
7637
7773
9879
343
7392
7979
490
571
1503
8357
808
9945
3916
5902
6918
7083
5745
2545
8167
8589
8715
4579
5606
5775
1396
5870
8835
3723
9876
4110
3091
6769
4489
303
3629
8790
7660
4994
5501
3642
1070
5171
2863
9174
866
9430
9472
9193
5523
6934
6348
9796
9823
6056
2305
5626
4434
7021
43
7683
4204
9846
6874
9052
1481
5208
7928
3723
9542
4197
2381
1042
3819
2741
25
1234
1802
2197
4324
5938
4587
6236
718
9641
1184
9578
8214
881
6261
389
8007
726
3931
6228
5292
7455
6015
5602
4479
735
5964
2566
969
5438
9440
5144
5815
9414
1674
1383
5364
1057
4477
3578
3896
3323
1269
3531
6786
4226
4880
7777
5116
5002
3445
7510
6032
6377
3214
8686
9874
3677
1349
4350
5754
34
6296
9731
322
474
1398
7377
5890
7691
2998
967
7133
1431
8365
7693
5542
2814
8388
5714
5767
4488
8843
902
803
7192
6187
1307
6044
1856
3225
6195
1098
7795
8405
7157
6958
8049
6471
788
4632
3282
3027
5219
1823
2245
3100
3501
5104
6569
1807
6083
3756
9295
5063
3745
7662
2263
7365
2427
1448
1741
6053
7652
8552
6982
3053
5312
1425
4543
9487
179
798
4212
4733
8390
3953
9847
9717
2701
7047
4375
5690
2235
8463
5832
2511
5005
7532
7131
9439
5928
8592
4641
1256
6104
6284
7837
6116
6183
8259
6400
1527
7716
3618
6640
3606
6397
8765
6557
921
5940
3101
2251
3888
7979
7108
2586
638
9114
9467
9268
8149
2755
6404
4554
5858
8087
2076
7690
4132
2365
6800
6001
420
8483
3056
4127
6126
3608
9950
5034
5057
7284
8744
1875
3013
8162
7705
8856
7452
3727
2063
7012
4104
3985
8336
4995
9981
1853
7716
4739
4036
6895
1107
7770
173
6580
1197
485
9679
407
1749
9176
222
4588
4105
6879
299
9078
9333
9275
9256
5206
4139
6240
5299
5944
6160
327
1305
914
9305
6491
9619
1077
9174
5130
854
6303
8773
7253
4839
7154
8680
6460
5856
3626
3032
4127
9987
1448
6136
131
8315
7542
6086
3649
6328
8180
2789
4887
1311
1159
2775
3859
7896
1994
9591
1662
1187
4813
9682
4886
4777
1564
7953
942
7477
6588
1786
9657
1523
9086
1987
2972
4982
2448
3825
275
9540
9804
4254
6528
7476
8542
5759
5940
273
8147
2503
1025
5239
3162
9145
7811
4777
9165
1402
5410
3590
6417
4244
9978
3931
4748
9970
1321
8384
8464
4303
7452
7614
9984
7387
7969
8858
4251
9415
7533
2397
8353
1571
9055
7912
9223
3621
5661
6519
7778
7506
312
3483
3916
9005
8234
6614
4554
404
7471
3937
5879
3545
6453
5663
9088
6436
8072
3595
3698
7512
9223
8462
7012
6120
9699
9584
3299
2617
5800
5265
9383
6882
9510
4148
7041
1574
1164
1122
9725
8128
3562
8666
8331
797
8249
252
9579
5999
7620
9014
3247
4294
7304
4463
5529
5828
1635
483
1836
3457
5939
2944
2308
3757
5029
5518
5767
1226
8766
7371
5574
5062
3501
7426
8223
969
4517
5000
7277
528
5396
1615
8793
5720
8797
8946
874
425
92
2764
361
9563
4912
4707
1084
7782
6034
6111
6331
4259
3245
5142
336
4151
1980
826
686
4415
6969
2228
2971
5802
2760
9472
9403
1722
5154
7431
6972
6994
9035
2955
9848
3507
4244
5646
4869
6870
5514
6939
3877
4410
4937
6879
8182
5455
2900
9095
312
6852
5927
8636
5988
5265
3533
9429
9817
2720
2531
9752
5996
6789
7706
3693
5698
300
1786
7983
9421
9359
8413
3278
9563
7807
3511
2696
9587
3858
3463
446
8495
6353
4525
1484
777
6996
8527
1638
5991
3696
170
5506
4358
2488
137
8122
3470
3210
9617
5480
3620
2384
7818
9632
5426
8109
4225
5981
2024
1747
1195
3746
884
565
1719
9965
5685
7005
1840
5091
5140
974
184
5342
5253
7960
9219
1633
6574
6877
1297
4252
228
9279
6520
1466
1374
8099
2265
2352
8607
6046
4289
805
5573
2506
2041
5224
8111
2237
1170
1712
9206
5066
1126
8550
438
6466
2322
2143
6224
1205
2569
429
5338
298
5395
8463
4193
4488
4145
4688
1668
2109
4011
7461
8609
6460
9910
8036
6752
6637
8072
2686
3985
410
3547
6942
5249
5380
6075
1493
6047
1004
7688
2964
7646
7648
3946
9333
1116
2362
7651
8496
2298
6416
8965
4027
6456
5045
9384
4566
8906
3176
3805
3303
1900
9
892
7893
2249
2977
436
8393
2232
8397
402
664
8851
8339
4520
1062
566
9948
1111
2565
3249
2283
3984
9598
1189
457
2347
7053
5684
1098
5803
40
1174
3018
2812
4509
8232
8240
1340
6448
1165
5929
1150
2626
1208
7952
3945
3817
517
3010
6523
8761
2832
7581
6971
6857
5426
1197
2070
1944
5566
9202
5916
9383
6995
8467
7355
8327
6373
9987
953
9414
9101
312
4529
8488
8026
8319
3256
466
3453
591
2799
5154
6080
9723
860
1786
5838
3732
5876
6986
5613
9142
7178
4366
8013
9821
7769
1970
5828
1086
1702
7971
1154
3572
1844
9740
9959
8477
9193
5246
959
4326
3878
7911
8370
3221
3434
9694
5681
9876
2246
2060
179
384
4658
8681
9473
6928
425
3566
8010
3893
7589
7890
4567
9713
9920
9131
6094
9872
293
3697
560
378
1320
9395
2821
4456
6244
8725
9642
3142
894
2077
6873
3053
4333
5451
7469
754
2125
2614
2467
5429
5111
1434
6219
2806
3095
9632
2044
190
6468
9944
1258
1907
5068
859
4277
5551
2609
6685
3211
2293
7446
1667
5740
5865
9523
7624
9381
658
6569
5568
6302
2747
9603
8712
6831
691
6469
5804
8764
593
2825
8062
8185
3357
2139
8183
9038
8500
1865
3022
4807
3084
282
78
844
3051
1626
8706
7885
8707
3713
8181
7622
9561
8196
2568
5623
9044
9168
7441
4637
2121
1911
2200
2042
8610
458
9747
5378
8732
2168
6327
7662
251
6810
9760
6097
4426
8214
9329
6767
8523
9933
3456
6180
5805
6407
8389
1942
13
9402
7031
2563
169
1639
8022
6336
4665
8473
6481
7606
1296
6480
2485
5956
2943
8421
1505
8071
5858
2921
6994
3367
7461
5747
5565
3964
246
6650
2538
5450
9134
8488
574
9464
3312
7021
8769
9534
7460
1905
7418
9617
3738
7452
5798
8850
3539
676
6260
5134
3427
1988
1841
8602
3390
4810
8030
4869
2459
1773
3765
4479
8922
5745
2311
8205
1262
1885
6412
8423
8942
612
1086
5997
900
5762
4887
7883
269
7766
7103
8640
8349
6425
2022
9194
7072
5853
6845
2371
9256
985
2792
1819
3441
830
8748
3741
4
454
4553
7979
8691
1543
8777
425
7068
1774
9334
2105
6360
8522
425
7862
6251
9799
2317
9600
1971
1542
9313
7165
8588
2240
3383
1799
3287
5940
8933
2298
5350
5883
4876
8633
653
2875
3695
5549
4578
3027
28
5732
9492
9438
9024
7706
671
3970
6576
5373
9727
3417
4830
9116
3870
6795
9226
4832
6462
6547
4950
5985
7304
6843
642
4751
741
4633
517
6844
3430
3375
156
8988
6467
4940
2582
8456
3598
934
6146
7827
4614
8934
8832
5100
9163
4146
5358
6603
9586
4590
1563
7848
6505
6744
3532
6059
6610
6141
8772
1043
4527
4230
8873
7133
2317
2206
3850
6046
4367
4246
1460
331
9131
6695
3822
9336
7203
7594
1306
4433
9792
5106
1998
9847
71
470
4048
9611
4724
9422
513
959
8357
9117
3582
7452
5191
9966
222
3598
846
9337
4873
4567
7936
9871
2835
5950
7434
3528
8641
162
6842
5889
8694
1186
8370
8004
7979
6437
1928
5758
9242
6828
5123
5852
3112
2759
8690
5751
6830
9454
706
6068
8767
3327
4359
5875
8070
4015
7670
5862
5161
7261
1611
5552
8919
5521
3104
7462
8550
4951
4127
6443
770
4535
8134
2299
8116
4791
2481
4774
9557
5005
2424
2285
8913
6424
4871
5520
9653
5986
452
8828
6295
8609
8390
9946
4362
66
2035
1303
3036
6661
2639
5479
5658
662
3824
8094
287
4461
8530
8299
9484
125
5449
6164
8496
2621
3622
541
4990
4593
3359
3527
3911
9481
4447
752
9025
5883
2789
3622
7131
7128
306
5203
2213
3994
8061
9
6064
8026
4115
5989
4363
2394
9505
9359
2239
3515
388
3105
4937
3508
6383
514
349
3464
3396
5226
7833
6659
5520
3850
4468
9833
7186
9798
7592
9448
3871
3306
5317
219
7370
1842
2427
8925
3428
8031
2472
8434
4943
104
8649
6114
2577
7474
3545
388
4792
9479
2630
8181
8955
2437
7959
3505
385
5956
6144
1663
4580
8084
2668
3978
4704
113
616
753
9917
5949
3258
6485
2650
5312
3251
3151
1594
3630
7300
4463
3161
2607
8320
9063
8562
8214
5749
8892
2922
6810
1775
5749
7001
9673
6849
1972
9738
9167
7324
5849
4345
6789
3486
3612
8030
708
7896
6225
1923
4977
3553
2188
5323
5727
2402
5242
912
5727
1269
9145
3854
613
6057
2404
5698
5150
175
1980
7162
3686
8508
2858
4918
4604
1747
9225
9509
9794
6238
9710
5154
1830
7189
5563
4633
9640
8274
4525
3203
7456
3558
2658
7623
4666
3035
9558
93
1588
9214
1409
8784
1005
7793
705
1447
3180
6585
8
5475
121
4298
3413
3476
7347
8484
7711
2671
4441
5140
2573
4239
9679
2315
1796
967
6879
2606
4636
8158
3283
7260
5608
940
5963
6884
8185
2170
6285
1664
9153
8861
7001
6186
8784
3326
7756
9848
2278
2466
8174
7303
7857
1167
96
9061
7444
7330
2435
594
34
5656
9259
5819
7996
6323
5722
8898
6836
6807
8530
6014
2622
5502
4208
2891
564
9012
932
915
3074
4389
413
4829
9878
5474
9709
1582
2794
6720
2585
5876
2174
7264
2117
4084
5297
8599
3497
254
5562
2814
2922
4351
7565
1467
1081
5037
9427
5148
812
6126
8956
2829
4949
1210
9221
5423
1292
6702
8561
1246
2867
1887
795
7792
9837
6656
5412
4832
1369
810
9282
3045
5987
2763
6453
5408
8250
7603
6346
6003
2693
7005
8083
4234
8607
3525
1629
7386
6496
3590
5744
3652
233
1764
1912
3933
6498
4485
1937
3951
8366
5015
9595
5893
2026
9979
4755
2508
7933
9900
8967
3819
9967
3309
9203
9827
5309
944
3588
6656
6809
1847
8264
2846
7236
4041
8632
2497
6515
2829
7407
9989
8060
2492
5353
3710
1227
9617
5538
7091
3931
8570
748
5134
9845
5510
6351
5318
6677
7155
6822
5092
2247
9301
8112
650
4387
3355
653
4780
4963
8087
4482
1300
4867
5839
2446
9812
9967
3769
8363
8886
9270
3263
4634
9961
6312
1466
3722
8895
1540
5138
53
5666
8718
8328
7112
9086
4130
9985
4686
9129
5498
1038
7664
1772
8138
1188
5644
5776
6866
1261
8232
1889
98
9521
3553
1159
2949
9398
5136
761
2508
7435
1313
7962
0
2202
7942
7740
4642
629
7784
9902
6274
336
96
6637
7626
7482
2607
6861
3322
120
5621
8590
114
6395
6200
8882
1066
8765
1197
9424
6602
3446
2597
39
4917
9231
6323
1923
4069
2130
2002
6259
1311
5160
2468
7778
6734
6704
8874
352
2117
3313
9664
2565
6596
5319
7929
2987
9555
7939
786
2627
5981
4892
2404
4047
3791
1455
9954
9116
8955
95
3263
3460
3317
7794
7440
9634
796
9535
3347
7456
2803
2685
1433
3428
6414
8790
2497
2280
4510
1555
629
8907
9891
5956
650
3172
9705
4043
4927
4772
2295
1923
2478
9865
8534
5387
3021
8347
8259
1013
7428
3072
2204
5920
3815
4216
2398
9629
3017
8517
37
6314
9853
7039
1738
9698
6199
7595
6529
6764
8140
108
6318
6502
3800
3697
5163
5397
3429
1992
5080
128
9776
6840
8041
5373
3928
8677
5091
435
1432
6186
1186
156
5082
950
1582
3832
1031
8443
503
795
815
4826
4143
5959
5227
4658
9022
9899
4830
2756
9438
5139
6176
4933
7041
7029
3568
5832
5833
3576
6771
8595
5604
3594
6398
1436
5319
9447
4755
4754
3740
1791
9090
3870
2915
8756
1246
9421
2797
938
9792
5493
187
4731
8372
722
7994
9042
3720
2695
7106
5654
2907
1418
8415
9726
791
4007
325
1625
9435
7634
9607
4692
1505
7843
4563
8656
3946
6293
4712
8104
2487
262
7396
7976
9043
6521
701
1449
807
5279
3668
1901
3577
3852
4395
7033
2394
4800
2913
3416
8449
4305
3052
5653
5267
8977
5593
6559
4861
5467
4215
73
2433
5507
1888
2227
4595
7365
6998
738
2500
7024
5773
8845
2364
1893
7953
4193
417
348
5320
1622
7038
6470
797
2204
4637
3044
964
9145
6262
3513
2289
6484
6158
7047
162
1123
8147
473
9260
2386
2046
6538
4384
389
5042
3333
9056
1157
296
3782
6354
8146
7950
4825
1306
2090
1303
600
7796
467
6971
8693
3408
7764
8199
1955
9432
2559
643
9589
4095
7630
9590
3028
4858
90
5766
2525
1198
7581
8140
2337
7947
6968
1951
5452
7271
8348
2396
2383
1405
1257
7104
8985
5689
2896
6601
2909
4703
1016
8200
6966
2052
3188
7269
4741
3145
5306
9380
905
7169
9119
9425
4910
4255
8337
5984
3989
7977
6617
6576
5624
7545
8650
183
3350
2839
179
6578
3155
7680
4169
8183
5518
3144
3477
3149
5549
1063
7490
871
8871
8654
2582
1520
136
435
1747
207
440
4128
9807
7693
5193
1114
2339
9221
9963
1745
9529
5375
3514
1783
8703
6998
7693
3876
4083
3993
4548
6562
9153
7917
5867
6844
315
8617
8093
5894
3062
5628
1118
5437
7937
5185
7796
2376
4931
7272
409
4075
4895
1436
9883
3821
7794
4345
4146
3071
7540
4727
9358
748
3259
478
2944
2597
9671
5164
7470
6236
663
8944
3858
5058
7582
9723
9217
1258
4769
1108
5023
6006
5
6885
3321
2075
3491
4048
4623
7829
931
7303
9940
8725
5935
2634
3822
3226
8235
7949
8383
5636
2792
1997
5568
4835
2155
9432
8577
9484
3120
1087
5090
7495
5750
2456
6302
3271
8450
4415
8657
9998
2353
3656
4559
4414
8397
1511
8949
3036
356
4463
2409
690
9914
3872
8716
6866
8682
9673
319
9737
9599
6922
6038
9142
6407
3858
7300
3141
5734
2009
3188
9481
6072
3618
1246
6403
7911
9570
9745
1698
7686
3520
2067
4597
1195
3414
2928
1742
9469
2038
9886
4051
4764
4126
857
8291
869
7868
4909
2167
5978
6973
46
3740
9715
9057
4954
7680
7066
6094
7935
8539
8522
1905
6826
3921
6897
6640
4844
5095
5378
9543
4326
9316
6860
7259
504
5669
174
8616
7303
3134
159
6403
5825
6129
2152
2408
6414
5274
5721
7554
4681
2409
7737
7706
6597
4535
892
5833
879
9764
1621
7408
1988
730
8311
3123
4134
4385
2099
3893
3989
8247
8023
3792
6630
9462
6901
5024
1728
4633
5281
5568
2298
9279
5922
2635
9648
5176
981
4876
8440
8042
4651
3101
3755
1448
9924
981
9093
2705
7463
8626
7344
632
3529
9390
4829
1358
3063
8297
3609
9788
8513
8059
9643
4441
3874
8532
6981
6714
5298
9734
7091
9414
2950
5802
1760
2114
2276
9077
4697
9326
9051
8132
8854
4190
4878
1264
5154
4906
2478
5080
7202
2325
527
1815
5456
1919
9449
5914
1078
697
6791
5550
7806
1762
4853
8034
6281
1504
9656
6435
9140
1037
4889
3448
894
2383
8409
9744
1264
188
1073
9182
2716
9482
2292
7807
9548
7577
9104
3194
6714
5310
6363
3534
5941
9943
601
1563
7826
3867
3510
7885
5871
5830
5347
2723
1160
2155
194
3523
2188
206
4747
2846
3053
3115
5392
1851
498
7679
5151
7595
5428
7745
5571
3246
8304
8663
1323
1953
5622
9618
3610
6398
912
1381
8987
6232
8426
6158
6473
6134
7340
8949
5730
351
5418
5258
1262
1363
538
7681
6179
7716
4876
4383
1300
2919
8983
8273
2236
3340
3469
5884
1088
2707
5011
4360
2546
4901
2117
9017
6397
579
5656
425
2590
752
6979
4173
4788
8297
8833
1257
4117
6356
8533
7359
5180
3325
1313
105
1167
7076
8021
4595
1506
5507
1874
5631
1287
5873
5486
198
745
100
1149
9526
616
6873
4146
5505
5994
6543
4455
4756
9966
9165
1907
4773
6688
5211
1463
124
1604
7713
9323
9952
6362
7680
3761
8718
3318
2793
2932
1873
582
5132
4700
7758
4512
8321
9734
1061
2401
6254
9844
940
9406
2397
3232
9341
9199
4819
4060
5044
1140
9580
7180
4316
7665
1177
3268
4252
5433
8590
195
1552
1683
5026
6354
4153
7136
3108
6870
1356
4196
2060
9757
6324
9772
7991
5908
456
380
9455
1768
9088
9294
3156
4529
8589
9663
852
4159
593
3955
5799
698
329
2956
4843
363
9723
6040
7592
8585
9044
8496
1833
9589
1519
8832
9578
4575
2065
543
6900
7572
1793
7976
4737
1515
4764
5107
6873
678
3925
967
6979
2376
358
7651
3924
4459
7203
4362
9417
7123
8455
287
9620
6336
3390
3863
1894
6356
2826
8170
2255
3141
4111
3066
7904
1694
6593
8987
4236
4794
1683
9592
4651
8820
2591
1997
6307
7981
8014
5706
8808
8235
6199
81
231
7276
4181
7376
5406
8370
9846
6201
4359
3668
4290
9573
9155
1169
6358
4813
1204
5058
5129
5900
9527
7084
890
9343
4771
145
5778
7551
3895
4877
1010
8832
9566
5845
121
4562
6446
5696
1319
5443
6621
6893
8462
8741
9692
398
383
3366
448
7368
9080
9349
1215
9387
8407
1150
5854
3445
2887
3155
3729
9276
2480
4845
2635
5224
2526
6366
489
9823
1354
4325
7155
4771
3538
3499
5256
4953
1758
3465
9236
8664
8983
6903
4389
8903
3081
4968
8667
2355
6132
6391
9442
1028
4371
1515
5751
366
4497
4866
6175
8916
8193
4770
7829
7501
9921
3106
4978
4759
958
9009
5628
8315
7917
1782
2695
7620
5265
1487
1804
6948
5151
569
7908
2675
9196
4850
9096
284
5252
102
2320
7718
9720
5874
5213
2259
9520
1874
6769
1548
9893
7835
849
2443
5650
1984
5278
1127
2713
3888
8578
1656
6134
4063
1009
1563
5149
1392
5071
8580
9611
3904
3052
6833
580
7779
8915
3020
3846
1378
1286
8127
6046
1833
4882
1210
4884
3773
8177
2054
605
4953
6215
2291
813
4488
9471
5507
7499
9135
953
8873
868
3491
8648
6117
2272
1508
4406
3668
1887
1827
7354
6443
1016
8912
5179
1691
3280
1655
8814
1426
5699
710
4713
9747
1397
5970
2568
7146
1586
6801
6940
2349
9275
881
7113
693
7166
748
6400
4370
4297
7927
3663
8280
2724
7775
6870
8433
7668
356
2616
1473
9489
8356
1721
1011
168
1968
3380
9360
2258
1435
5622
3812
1761
6585
3855
5506
5723
2123
8492
1238
810
6566
6538
4358
5168
2144
810
2783
1067
8433
670
5792
3634
3612
2780
2828
8148
2249
7614
5611
7655
8189
5082
5009
4489
2642
7609
2675
1880
1469
3285
6344
451
7398
3946
37
3998
9219
3872
7187
1408
705
8467
8943
87
2072
766
471
6463
5028
2968
2236
9444
4876
9834
8438
712
5260
4699
3405
1973
9002
5327
190
6444
4755
8739
728
5874
353
4220
1911
2352
1537
5747
2732
4990
1258
5395
606
266
4256
7830
5983
3228
8026
2692
5359
4749
8461
4975
7377
6052
2357
7251
2708
7538
1825
1059
9995
748
8741
9568
3469
5443
2682
6258
8560
2065
6117
9896
6521
8976
6519
5102
6154
7280
4874
472
3937
4376
9698
173
4866
6672
4859
1865
4466
1927
921
5329
5870
5095
2674
4405
6547
7896
9293
9295
3508
5681
8110
262
2618
5513
5695
8914
1741
2537
1298
5623
9093
5839
8931
5380
3696
5370
949
9268
152
7934
1092
2082
7659
7658
2978
5416
3616
5883
4981
6891
9901
1027
3875
777
8643
5633
5993
3557
8507
3217
3054
2368
1071
2319
2424
4636
7880
5710
8667
995
8958
7118
5158
1756
9476
2481
3706
385
4561
2991
638
309
542
2012
6958
675
8767
5157
6053
1987
9453
3685
4248
9974
8095
8606
1026
438
5180
2496
4195
5581
2469
6707
6554
4960
9625
1374
3780
2172
1965
2065
1781
7817
626
8142
6768
1959
2989
5120
1746
4441
5572
3825
8713
4620
2997
9819
3499
6021
437
4770
5629
4209
7833
6639
6653
3317
6535
1676
7400
4815
2738
4406
1960
6147
2158
8702
6476
6045
8129
7613
3613
1408
3442
6572
9591
2434
5264
1932
4204
7970
3428
1644
5885
9957
3739
365
7048
6041
1381
3246
9973
443
5402
9753
5941
3159
4105
5143
4519
4584
8828
9877
4123
4512
1735
913
3442
8536
406
2345
7594
8456
1547
9586
4162
6026
287
5335
6754
2028
5649
3518
2466
541
6100
3061
8551
4719
3407
1102
5863
3457
8836
7637
8971
8715
5382
3819
5779
4714
7093
2102
3735
970
6139
6404
1092
7081
2434
8036
7589
9460
4530
4037
6861
82
5036
2157
1077
5011
1304
6681
8919
5898
2060
985
7720
5977
6067
4803
4882
4336
9297
9655
8479
8318
3683
4909
4378
3085
4818
705
3732
4941
7375
6270
6400
8634
4378
7856
1313
198
2974
1099
2037
1216
9336
9214
8156
7458
8765
7385
5392
7051
7824
2472
7650
7091
7377
5719
687
6858
9304
7371
7567
6903
7742
9269
841
610
8574
7700
2506
1112
7015
9559
674
6650
7578
790
9942
3864
606
2181
430
4714
8761
1636
7425
999
1885
3313
6464
2926
2237
5145
4778
6387
628
7161
7593
9470
57
5167
8057
7097
9251
6779
4199
5589
6286
4293
4134
7554
1910
3910
1200
2297
4175
3132
6455
2475
5411
1864
5201
1278
3002
3272
5972
5897
2177
3249
446
3783
6067
7710
9705
4502
4164
7624
5133
8041
667
9216
9405
8889
3090
8317
2543
366
441
6565
9165
6825
861
4498
35
1060
4298
8178
3465
25
9049
5710
4969
1592
5509
8344
4724
701
2814
3264
7741
64
6137
4250
7537
5767
6165
7871
2252
8279
4157
2145
9229
717
23
4608
3983
112
9379
2401
5793
9920
8465
8218
3445
8138
6437
4422
2554
3540
5425
8964
8542
5208
2165
4384
1758
5407
9829
5941
1
5834
8890
290
892
3198
9848
7285
2960
6057
6011
4238
8206
4091
5353
9454
7694
5799
9030
3204
2846
7504
6280
7956
5974
5228
5723
529
4331
43
3110
4450
4092
3025
2589
2422
2505
3245
4851
6184
1703
1591
918
7536
5558
8069
1117
7480
5821
5425
1397
2070
4331
1957
5331
3984
7690
2475
7892
8095
8250
1165
890
8774
7803
9102
8681
5888
4864
3098
8130
4372
5770
5549
7269
9973
2780
4234
5682
4333
5598
20
4338
1257
5884
4563
4153
2387
3313
179
6318
731
823
533
335
8703
6314
7606
5286
6919
998
4112
1330
6627
7347
5755
870
5710
6380
3537
7858
343
9177
4306
6163
8609
6942
3818
1992
2451
7235
5449
3043
6515
2736
1059
2077
2659
3873
1889
1509
192
7816
1682
1026
543
5869
9106
4509
2339
8072
9033
7155
1247
2465
2475
3975
6935
957
6542
2021
267
7929
4614
5694
8887
5069
1984
970
4550
4720
1342
6871
5566
6370
2732
7671
2977
8099
2179
6441
1626
1955
2031
4350
5403
7939
159
6484
5836
9095
3782
1625
1712
5624
4764
2652
8582
9260
2175
5140
4307
7758
2722
1801
265
8492
7617
1491
7708
2908
6323
8300
3792
8404
4396
9617
1096
5775
3303
2258
3361
958
280
4508
7153
1280
4284
9302
7068
9216
8577
3966
6691
7600
7180
7591
3122
5623
9115
8678
2075
2798
5046
1244
9148
8383
9417
6241
7704
8078
4027
1665
8667
5278
1728
5572
222
1777
7460
7578
8780
9676
4742
3011
2671
8579
9418
1929
4802
8271
2469
7225
3789
1454
7626
2778
7472
4116
9928
1860
5282
3879
4091
1966
8380
6358
2825
7847
271
5576
6742
1623
341
2075
3226
4
6389
543
6192
1971
7150
7671
6900
2234
4661
1
3120
5113
3597
8110
1700
7646
3268
6965
2643
100
9357
1856
4926
3794
6343
90
8221
1330
8620
5866
5103
4773
7042
8653
77
2633
1566
1938
2009
4987
3582
9220
2881
2670
7186
3605
9623
3181
6744
8028
7336
841
906
4808
5520
2889
8299
5729
3870
1484
6764
8601
5258
6625
358
6334
817
248
6888
8593
2953
6608
7752
2170
9029
1669
2006
5342
2781
3607
4374
2120
469
6494
917
7730
7819
3447
8956
6915
528
9053
5668
393
8313
169
1782
4338
6527
6615
4584
7520
1569
7688
4085
9435
2888
1020
9022
2328
1057
7857
5224
7215
8971
6622
8896
1919
359
7370
2571
5430
3195
7094
9870
9878
1106
2377
2641
7712
1952
4466
7243
1850
622
1831
5449
4330
4554
8631
1989
1992
6802
6945
7743
2280
3175
1879
5587
5898
3409
8914
6140
9613
4736
7521
520
2777
3506
4491
6699
6951
5434
3439
2936
6825
847
3499
5224
7059
6399
1605
2520
2278
2007
3351
1378
5861
1606
7250
824
9361
1156
9986
8227
1734
7704
5953
755
7204
8559
4708
9972
9675
541
7840
6874
7464
8265
6337
4295
3892
7870
6948
1687
4086
2752
2268
4707
9392
8106
2865
2660
5689
6754
8718
3123
5238
2677
6857
5380
7549
9072
9276
48
8100
1520
5938
3961
2474
7007
1593
2606
5177
592
9576
1415
8381
1146
4450
7081
9082
94
3603
2481
1856
3151
8028
530
2825
2494
974
7396
5085
7307
9868
4673
1389
2251
9040
6028
401
2071
6061
6248
1083
8128
975
8104
8825
6537
2436
9472
3614
6936
7743
4234
5580
8707
5282
5674
2054
5969
1531
1266
2165
8463
4170
4884
5006
2587
6853
4346
8872
5001
404
9975
1566
1526
2822
8902
6385
228
9660
1249
4048
3075
7719
431
4277
4077
2592
5034
2498
1059
1306
969
4901
933
180
2392
9723
277
3711
1613
9922
8370
1834
6949
9195
8889
4526
6169
4964
2490
9886
6413
7506
5096
8565
8413
9102
5847
9839
6668
5664
68
7757
3352
4054
4727
488
7691
1794
5834
3571
2085
8462
3536
3959
9148
8512
9900
6195
7417
152
8168
5714
4770
5641
7908
9456
2281
9618
7298
335
8580
5827
1525
1575
6446
9250
5384
4794
4708
1808
3809
4904
3605
2536
1440
3396
7163
4020
3363
2689
2819
1595
925
9707
4742
6343
3122
9447
1316
2302
8848
8939
171
1032
8495
4929
321
6332
8531
5053
5411
5012
863
9504
1482
9405
5376
3470
963
568
5857
188
7186
5026
3969
622
1489
4636
9974
5706
4524
6844
3638
840
5238
5775
218
8612
9995
418
4799
7628
1217
5357
5657
2505
4740
5338
8823
2400
6276
8921
8317
7899
8324
6031
4442
9968
7572
3802
3337
1422
2836
251
3139
2484
7846
945
6601
7668
8757
6272
6678
6672
987
9176
3566
8428
1672
2595
9775
2897
7357
7403
9683
8357
5413
9491
1154
2700
6292
5960
304
7000
406
6901
1509
2566
9052
9663
4298
8203
9825
9195
9212
1639
8619
8105
1082
1292
8527
9842
2921
2286
3996
2160
1109
2912
9744
3592
2806
2562
8872
8753
2232
2696
2223
373
2445
4766
2467
23
1453
1241
4216
8076
1344
317
4463
92
6349
7106
587
689
4871
1053
8215
2084
5817
2705
6892
8774
3546
8282
2260
8033
6316
855
9589
4205
9455
9555
4549
1147
5749
1824
6442
1337
5851
2760
864
477
209
6658
9285
7370
6929
9154
8210
8443
8493
4041
3937
8156
4509
7167
9204
9060
649
1829
8539
5945
7866
6082
4043
9587
6401
586
1678
667
3872
9956
4825
8103
3039
7271
2004
968
1220
7300
2188
1764
8421
1174
8214
4915
2185
2967
5524
838
78
8621
8882
1517
6024
6567
5654
2677
525
2279
1607
8960
2388
6139
3373
1620
1445
8435
7124
9355
8823
699
4388
3163
6648
3867
8046
8967
1629
1406
3448
7337
9025
4047
9359
921
3509
2556
9959
8870
458
2622
1111
4162
8174
3787
4803
5051
3602
6459
6658
4696
9422
6702
8311
1061
481
4857
4138
1644
4974
4207
2921
4892
3165
9032
7157
6044
6717
6303
8904
2645
4641
5760
1134
3653
8221
556
1957
2106
2825
6015
6687
3240
2912
5501
9095
7044
158
8343
3078
7296
5539
7867
4507
5637
9497
2966
7772
7332
5103
8674
6180
7479
4379
7955
5094
2474
6078
5611
8416
7094
3718
8633
9666
380
5342
1061
804
190
1283
5001
1989
1829
6685
8055
5276
9246
9367
4002
2259
436
935
3314
4928
1038
7909
1056
9109
7346
5322
2992
8842
2965
6103
5591
5037
4883
9294
3132
5969
5528
759
8396
5769
1271
9772
9774
7916
1606
125
5863
3257
8984
6324
1575
4501
6267
3438
3632
8294
7924
9750
1015
6049
1093
8142
5040
6909
1784
2965
6875
7870
2739
7279
9171
7913
4353
9444
8132
5378
9073
6901
7631
4983
2531
7453
9862
8171
2758
8180
2878
167
7462
1362
8587
2387
999
4140
4043
4688
2065
994
2529
9645
9990
4363
694
355
6838
4998
2156
7962
9382
739
7214
4522
4484
8728
7857
542
3171
1735
2729
9206
6011
3042
1190
6170
2244
278
1823
3616
1139
1524
2929
3458
2659
9088
8471
1772
3110
9893
3091
4432
5971
7726
4252
5800
5331
1451
5061
3637
9744
9353
6849
3710
6544
4335
2377
4995
8253
4342
2752
2289
8214
3801
1295
2837
4713
2749
7191
4161
6063
7320
6976
2000
9276
7667
6489
723
4544
3218
9540
5109
8491
6438
8786
5243
6701
4975
9296
5036
4037
2080
8078
2774
4856
2495
1236
1116
5850
2957
8987
8012
321
4770
796
9811
7024
9406
9178
3192
888
8628
5703
8878
4755
6026
6810
4436
7525
66
5468
8773
9230
5522
8737
6837
1710
6939
4364
8488
6156
307
6054
8136
8210
1314
7190
9905
4211
1527
9974
6686
7935
5511
9213
8257
3144
8926
4605
9771
9191
50
2965
7885
9450
7722
5446
7830
4482
5192
5647
28
7933
3575
2633
3254
1705
8030
1931
2101
2702
6951
3579
9982
9846
1697
9994
3234
6428
5881
2106
2332
1410
6222
5289
613
7382
2058
824
2299
3183
5905
7474
1316
4812
8044
1950
8299
4191
1510
5642
3901
2379
3714
9718
7732
5263
8054
4356
3836
1068
8728
4068
63
1451
6453
3314
7397
777
7073
4536
8316
2010
3823
5425
3805
4197
6570
1523
375
6363
1210
3822
3921
8394
3129
9456
7754
1211
363
193
3145
8299
3787
35
3040
3332
8892
3589
3522
1758
3456
5557
7567
9800
6044
5758
4704
4354
3401
2611
4124
4644
9087
5337
5736
2781
8138
8885
1720
8875
3895
2912
6197
5309
263
1671
9015
4707
3177
6022
9514
9876
2346
8103
4022
7680
313
9225
3721
9918
296
8567
6446
6880
8304
5273
5208
5498
6740
2010
7362
5363
3208
9994
7322
1639
8594
2252
5586
8376
1006
8137
6699
7920
1599
2035
5838
777
6498
9596
346
3975
3356
6236
2821
2123
8133
4445
887
6905
7586
6470
6766
1247
4175
5592
332
5768
5296
1125
7187
6345
7622
7557
8553
8195
2915
2800
4271
5819
2594
5349
2099
126
7666
8189
9059
1103
1304
2906
9091
1318
9831
7876
6717
9093
89
6694
8419
8580
5034
296
1385
7088
5944
6200
4652
6423
3516
9780
7089
4744
5030
8940
4580
4934
1670
4802
1589
6577
9659
7032
8916
2782
5770
6080
888
3839
2890
8755
2793
1732
835
9493
2162
8838
4518
6307
5037
8474
9176
4015
7382
4707
5308
6477
471
7811
6876
1662
2785
4671
6594
4565
9222
9581
6068
1954
691
3771
683
4591
7906
1556
7084
5096
5746
6414
5173
9920
4378
2337
1215
2209
1257
5736
8182
8869
5399
8457
4582
5958
8859
9152
1225
5151
4320
9169
6095
4653
6301
5834
4440
2252
4378
981
929
268
187
7498
6053
7416
266
1928
6236
9023
2172
2765
288
4798
6881
9043
5396
2145
1817
6332
3227
6886
3936
9448
2275
1071
1778
7737
9048
5183
5990
812
6334
590
798
6173
2825
2653
7943
9770
9529
5840
9504
5225
2594
2667
7684
2342
3162
436
7599
5729
671
4565
3447
1424
6991
3745
2557
9728
3150
90
7246
4676
5356
4929
3075
9033
3505
8951
3377
4332
5462
7887
618
9466
8568
4165
6820
2407
5933
6700
7730
7870
5754
309
5733
1842
7794
9033
1130
9229
5107
6607
1149
4422
3882
7568
1382
5269
1314
389
9698
6881
4776
6310
774
7446
6997
902
1396
7797
1290
7147
4648
2286
4840
6886
2288
3520
7851
8064
2890
6012
4503
2378
890
8876
3375
8536
6657
3791
7583
4604
2576
1175
9228
1350
1998
5437
9191
5914
8977
8707
3823
7730
9290
7835
428
5565
9646
5435
2552
1114
1980
8685
6936
5473
8032
5927
6610
6774
4952
1107
4426
7416
4050
8119
6616
1985
4436
3664
5311
4496
1433
9714
952
8690
301
4242
4593
8529
7157
6171
5009
1113
5327
7491
1163
3222
1116
2834
8784
8555
8523
966
4888
4869
886
8262
6848
6973
1081
5376
4963
9085
8564
7183
5876
8225
6919
7913
1925
1741
8811
325
3131
3927
936
621
7198
6485
8702
2444
142
2540
9069
542
6062
2205
6019
2446
4079
6997
3891
6057
5819
9099
5145
7393
1378
6582
9105
9864
6452
1862
8587
6197
9866
1431
2808
1121
4016
3278
4510
6143
2547
1887
509
1950
9727
9634
8457
2506
8100
4562
593
2843
6628
5712
6463
8869
5124
9112
8850
8426
3088
641
7098
6933
3638
2406
115
5048
5617
7011
5766
1887
3570
6625
5250
7526
4457
5758
9443
7908
9708
2319
1714
5695
3662
5345
9002
4015
8047
5869
362
3157
6447
8226
2394
5416
8818
8265
2495
2784
8120
1156
8940
6813
571
6146
3164
529
4870
1841
9520
3662
4439
6453
6727
6177
7003
4542
4125
4806
3012
7020
678
8620
1599
4481
9884
128
8011
5382
91
7802
5223
8180
4302
668
6184
5172
6066
3471
4044
4188
2842
3856
883
4085
6493
601
7380
2799
1747
3018
2787
6109
5898
1063
6957
8313
2085
5603
2611
1313
3067
4507
8179
239
4611
1470
6586
4446
4078
88
6708
3245
6676
5007
4908
3735
1441
3102
9029
779
2676
517
2833
2656
1470
8405
154
9270
9324
816
6978
4900
7384
12
58
334
717
224
1716
8736
5570
1889
5611
4775
4705
2934
1423
6126
14
5740
4198
2383
9520
2440
6330
5731
974
3428
2262
3783
5810
5500
7378
2024
1428
117
8669
3940
846
4463
6493
7838
4474
1952
3925
8362
6073
6637
350
4245
9489
907
174
4942
558
5856
3153
4559
3156
7750
8360
7344
9624
4839
7997
5510
6989
4812
543
2477
9183
4034
9685
3500
7262
7060
4401
4870
5685
2996
9802
4571
9867
6198
9982
1219
7427
5769
6619
4898
7978
8267
5432
109
4311
3223
2161
141
3327
232
3555
1687
3382
5642
9194
154
4307
4131
1246
2792
2771
1788
6147
2967
3502
6097
6959
1755
8143
5650
4527
5609
9645
22
3832
9556
3153
9132
7455
1225
7702
7327
837
3225
5850
824
3623
4293
3612
4391
2037
5441
6350
1487
565
8857
288
4069
2560
1684
8260
9609
1682
1178
5032
2326
5072
5752
7777
6966
6388
724
6094
5378
6082
1120
291
5055
8296
3881
734
6165
6359
9949
2987
7348
1438
5501
633
9448
735
9224
5865
3439
106
5900
2461
604
3374
4208
1985
9321
980
9040
7394
9710
5623
318
6866
6408
1226
9371
4261
2448
6836
6112
4210
8150
5513
4967
6044
6662
5848
5394
3354
439
7775
3426
220
2494
3890
9708
2620
9794
6300
6193
8064
1432
1815
3466
3153
5694
2270
7260
5203
44
8980
6400
5158
2035
3174
7336
483
8107
6780
8802
8493
4366
66
7343
4235
2378
4028
3983
7217
8742
8961
6818
7200
4492
841
7108
9790
4833
7588
6603
2180
2431
97
36
7570
9794
131
3396
8251
7968
3812
8966
6194
1590
1049
5335
6443
7811
5109
2635
7852
5620
7123
3605
4778
1433
2613
6702
4805
6647
8103
7457
8696
4610
4223
7827
5028
6791
7553
314
17
8176
2092
1573
8765
649
9040
9411
6816
2657
9615
599
2277
7517
7809
5920
6033
6851
6321
6391
6195
5013
8809
4584
1636
1577
3265
5617
9912
7435
8039
9895
8301
2295
3831
2287
3725
954
4879
6253
3380
1429
5863
7256
2851
1799
5752
2688
6224
9245
7295
2239
4733
9727
9509
6727
4585
9969
8057
5159
5317
3127
1215
2826
5746
1638
2797
548
3576
1756
9050
1287
9655
5818
4205
750
6221
7597
6257
5386
3773
8714
7323
250
6454
5739
6035
7943
2138
5993
4675
776
1832
5426
9287
1261
1472
4817
3635
3734
6444
5698
4315
9768
5030
623
3790
1573
5180
8201
7222
9623
1192
8464
7940
5516
3339
1195
6969
2792
2487
2005
7826
3108
3479
247
6323
1227
8257
9272
7764
2577
5671
4052
6398
4761
7340
3577
1573
9851
5321
3514
8529
7384
4306
457
515
3915
1593
7354
4652
2881
2474
3275
248
7382
5120
8233
1954
6467
2106
7095
3732
9060
9307
251
7440
6364
4067
5495
3532
911
6083
654
5784
9626
7660
9791
6138
7621
8310
4370
8984
401
8834
5020
5643
5304
7098
1428
8280
3567
2083
6832
8173
800
596
8538
6701
5201
4836
2553
8194
6027
89
3948
1964
5945
4065
722
1763
6368
171
2656
4138
3505
3677
8353
7067
9008
1695
4049
695
7202
8179
9225
9954
6941
2027
7783
1961
4325
2526
2585
7536
4348
4898
4044
9378
7188
1392
4577
3480
5972
2929
2466
2763
9119
4741
452
1789
6299
5322
7877
4651
8377
6704
7461
7258
9270
9335
6847
7517
68
6172
7316
7459
602
6049
85
9880
5695
2443
2574
4046
5774
7002
2950
2740
8915
9927
7980
6887
7100
559
4884
5758
3661
3689
5964
3061
9628
2919
9099
8090
4779
6143
4481
430
291
7397
7138
8745
878
5472
2270
5240
7116
1268
7825
8485
7917
9144
4980
2381
5093
191
4537
6300
3984
1437
4570
3103
7810
9767
4764
7564
117
7516
1485
51
6052
399
618
4947
9687
9987
4720
3751
5123
2093
9918
8873
6899
8418
202
2712
9876
5411
9957
5445
1598
1573
2650
1097
1843
4904
756
3997
6429
2403
808
7045
395
2820
9506
153
644
716
5204
6090
9589
4913
870
2651
7837
4521
2940
2933
8497
4693
1068
4153
6908
1538
6394
1185
5187
1233
9680
3485
5516
111
3651
4297
8808
8340
4314
3097
3588
1321
1451
5478
1148
3146
2704
8715
146
4318
8072
320
1322
5774
3955
3609
4004
1739
9450
269
517
6126
2444
458
3431
1800
5016
1726
771
7199
3431
6581
9174
1901
5386
1914
7520
4815
4725
7674
2788
4375
6237
8160
9
1995
7526
4521
9473
3046
4779
8080
3560
1674
9651
9669
5880
3945
2491
1746
2103
5232
4690
7290
5320
7750
3985
3292
4432
7614
4097
1750
1453
9597
5761
1210
5188
8123
4347
1553
9653
1389
8401
3345
5874
5320
4096
4672
1176
3716
806
8236
725
7437
7456
1753
3289
3120
3396
4269
4133
2883
1126
1090
4590
3864
5605
1397
6886
6403
8588
5155
3905
6166
7523
4499
3725
6047
8701
6494
1067
2098
2616
4363
7332
3705
4608
3799
6113
1924
6067
5073
9212
3096
1040
9592
6928
652
7108
2293
8586
1959
5479
8842
8263
7135
481
2855
450
8092
9725
3417
7742
4487
1463
6530
2507
625
7947
3240
8863
8414
5263
1541
6661
734
4211
1061
7901
270
1048
8820
8176
3925
6340
5947
9841
7669
9789
3226
2494
7172
3418
2145
4562
2564
1758
6417
9390
4802
4460
1305
2376
8973
9618
4202
7179
5611
2144
4740
6556
4145
7343
2849
9272
524
736
1227
8560
4332
4069
9747
965
3303
4953
756
3487
8353
7296
69
8863
881
7996
8648
2824
3103
5548
667
1727
303
151
6652
6172
7287
7929
5972
1458
9334
3786
7414
482
8080
753
9517
6412
2120
2264
1276
3685
1767
111
6814
7768
3854
5308
8046
4261
9988
3112
3611
8296
4016
9447
4029
5603
3674
3457
5070
7113
7976
5121
5655
7352
6411
6249
1105
1303
8999
6325
3659
6453
8710
5504
7519
8387
420
3899
387
4249
8809
454
5029
5200
6279
5872
3001
7975
2322
9892
9480
4679
8121
456
2278
802
929
3217
1290
3249
24
8725
3559
2201
4133
6804
8907
9035
3801
61
974
4546
4016
6723
2511
5752
3975
6801
6408
3526
6735
2298
9490
1816
3334
2285
4214
1150
2979
316
4973
3840
2334
9947
3216
3975
4826
597
9152
9604
4917
9518
4248
9245
5681
6440
7891
5737
3052
7435
383
7579
9734
7925
375
5534
4369
7480
2969
7012
1743
3549
9592
6710
7939
3881
7623
556
8654
2060
1668
5842
2922
457
323
1469
2543
3345
80
3698
5226
922
7786
4811
5211
4347
2029
8241
4075
5195
3608
3288
6450
9660
8950
2138
6012
4240
7630
8052
8148
5227
1379
8544
6582
8641
9996
8846
8182
7773
1826
542
4963
8773
7748
4177
7033
8116
2184
7074
6671
3632
5010
8673
9063
1135
1401
4495
3481
3085
992
2240
8613
5746
9556
4880
429
4225
4100
4151
3524
139
8169
3960
5912
2112
3614
1477
2888
7750
5722
3342
7416
8368
8758
2997
6134
4821
5024
867
5020
1078
1035
2939
9985
5926
7491
9864
8251
4893
8048
2535
1848
7337
6339
7956
7703
7605
8534
7599
1239
8572
7517
9178
9055
8636
5138
5738
2573
9759
8739
4306
9611
9876
9703
1583
4966
8539
7034
1354
1388
6063
3613
363
1018
7343
8426
8454
3215
5133
1437
5643
9304
7056
6572
8170
9964
2970
6463
4575
5090
3286
9725
6314
3332
8425
9432
3904
8960
4276
5630
6465
9194
3651
9221
7729
1938
342
5334
6703
9018
2770
6485
7086
7214
7310
4707
4767
8941
5026
1779
2604
8320
127
3557
8637
879
4329
2165
1293
1057
7377
2278
6307
847
7871
363
6165
6899
6472
4797
8694
337
353
522
8413
966
5183
3635
5746
6372
1585
3510
1842
3762
5660
2393
8046
870
2647
6203
618
58
6973
6367
5156
8472
485
7642
2029
2848
3765
995
3041
7332
5987
5718
6394
990
2158
7115
1912
3536
3698
8597
7532
3964
6965
435
2992
4279
1152
3383
8524
3597
5505
6881
369
8910
9198
711
5458
8072
6561
4359
3534
9284
9624
3555
3090
8087
6380
1366
3368
2956
9871
5693
1846
6442
7546
7339
242
6190
8680
6656
9716
7626
1179
9322
3475
9049
9123
6109
9174
1658
8657
5187
8558
2465
6867
5075
5954
6271
3543
4191
7406
5277
5067
5791
1711
9536
727
2045
7396
378
5556
4731
7499
7284
8363
4815
2145
8581
3361
8848
213
4773
5700
6743
2944
9236
3259
1639
3051
5976
4514
6361
7738
2553
727
6921
3784
8092
3079
2183
4610
7674
5236
942
5406
2490
949
3779
8826
5954
1795
2960
3488
7482
7526
7919
5009
7179
6938
5482
534
72
130
75
7660
2601
7177
1932
159
7175
2867
8648
7489
101
4476
3129
7970
2324
2050
6748
2543
7585
8357
5995
1009
7762
1901
2838
5313
2921
4889
2881
668
1342
1435
8082
5236
9469
9729
4554
6979
6470
1921
4543
5421
9112
3264
8310
3322
6065
1114
6185
2278
9295
1913
4336
2079
1592
703
687
1884
3176
7565
4055
3367
108
3921
2926
9445
8441
1938
1447
9451
253
9088
6358
8945
5820
6836
7121
5524
3513
5451
2504
661
4720
252
5299
5865
399
8257
222
7161
8889
8787
2320
2995
8036
1976
5455
1055
6622
446
1700
6209
1139
3232
2049
1869
7224
5553
9814
6094
8208
9462
6593
6983
481
4545
2469
495
6763
5893
1748
9678
6406
5230
4497
6759
1426
8218
2253
4591
4587
399
8609
8672
3612
9489
9189
2387
8571
8019
9306
82
1830
5372
3922
8699
4246
3043
1633
5917
2909
3443
5798
5319
7299
221
6563
7249
771
4266
8806
777
9904
2606
6706
2509
9853
9159
9603
4358
7069
3821
2516
7637
8080
5847
4123
6162
9930
2229
3703
7828
8104
9961
3604
7782
6267
8896
1930
5807
6175
1261
8512
8441
4530
9163
9896
2418
2568
2847
4650
8606
6436
9827
3553
4196
3403
4885
3790
3675
5818
1723
4726
1113
8402
2531
6420
6899
3669
3531
8208
3577
450
8018
9241
246
3408
3231
2877
9198
3018
1309
340
5011
9282
3112
8808
555
5341
2135
4461
5134
939
9819
3274
4957
4467
4846
5347
8763
7610
616
532
6913
5619
4560
4249
4524
2942
8574
5489
8756
3977
9387
394
7998
8274
2627
3109
2294
101
953
9395
8244
8773
2761
2534
3570
2023
7750
7468
7737
4262
4332
490
7399
1562
2891
6902
150
6676
6168
2817
6017
2833
5232
8827
5528
1818
3917
5001
3887
7960
2543
7581
7989
7121
7431
1317
4676
4617
2488
8704
3409
27
9258
9270
3408
472
9565
9593
9367
9273
8254
3214
9391
1778
1749
8589
8892
9066
8347
476
7974
2299
2792
1925
8824
7832
705
2354
9077
4104
2724
5171
9954
6555
4780
3156
4607
5829
162
5141
3926
2639
894
3157
8563
9829
902
5089
5489
3433
4561
173
6147
9886
7153
2713
3121
3333
5430
4971
3867
3700
9846
1490
5324
3525
4386
3978
2488
3346
3437
5901
6684
9187
4749
7053
8405
7919
9870
214
289
1405
4697
6270
613
4523
8128
1883
7404
4483
4863
8254
4289
4409
5477
596
9717
143
1870
8516
7345
4426
2212
646
1021
1656
781
991
3500
5245
7563
3506
846
6223
4552
616
477
9453
8886
6347
2304
1687
86
235
1652
2874
9279
8666
5362
8051
6848
7895
1652
8734
879
7039
7194
1877
4025
5947
1260
734
8991
8858
6029
4929
5835
3941
2225
3598
5085
2448
3551
7291
6965
7754
3900
9258
5082
3261
4826
7213
702
2465
3543
4240
288
7854
3201
679
3183
9693
1091
9233
1652
9009
4445
4610
2320
575
9336
8960
6297
6175
7489
5808
8015
3628
9297
5759
2620
1257
397
9012
1935
5833
5101
6160
4704
1712
5697
1079
7278
7213
4266
5944
6780
5562
725
1111
5749
9517
4551
8007
3685
517
1337
9076
6285
1615
6085
4618
8602
4359
6805
2567
5000
1133
1294
5794
6709
649
1188
5760
3943
2753
8813
7557
1654
2761
7134
9660
3607
5588
5244
1732
6800
6486
9708
7101
9205
2639
3588
4485
8657
1987
2299
7347
6857
8055
3839
2571
8069
2697
441
9375
534
4477
1132
4740
5675
9409
6564
6134
2450
7692
5626
1913
2877
6085
7091
5152
6751
1086
1511
2036
8944
6260
3896
9614
8546
438
9657
3164
2747
3250
5880
1752
1607
9151
6972
8634
7833
1952
7049
2683
8617
563
9151
686
6233
3987
8595
4497
7632
3471
2771
7143
1641
3252
9482
7745
7613
3707
3560
7138
7291
1945
7294
1319
2769
2398
2286
7110
4300
2913
2863
4012
3550
6874
4593
9935
4195
2214
8537
4279
6844
4145
5544
8237
7913
8171
9514
9574
6674
2358
899
2022
5473
8177
4088
4752
18
5659
2331
9414
4339
3248
4749
6760
2988
7838
2007
2314
9716
2699
4992
9536
4866
7703
8278
4867
9590
1962
4971
6714
3968
7139
6921
5095
5594
4612
4568
6236
7222
1628
5144
3371
9137
3972
7180
5204
1163
389
685
3433
6994
2288
5280
221
5547
1967
5716
1280
2344
2039
4030
9042
1607
10000
1263
6216
8618
5552
1702
5932
4096
7372
3355
1428
2561
3957
6839
2566
9155
1939
9267
6033
9196
4810
1021
791
8707
3087
708
2069
6208
4039
3345
692
7634
8333
3394
778
1150
7952
277
2950
2280
961
9053
2844
1982
9010
6621
5790
2613
1879
6871
2655
3438
9913
5047
1499
8373
9622
6421
2124
1521
4277
4467
8247
2469
6324
6537
5281
1209
4353
8144
4457
1161
1242
7592
1182
6565
7334
3548
9239
9440
1143
2989
7311
434
7022
5345
4368
2372
2986
6081
9574
9041
6479
6931
8749
8680
8045
597
1905
3807
7465
7788
7213
8701
673
906
7219
9198
9570
7809
8872
3883
1681
3666
8698
8921
6286
4974
3941
6905
967
8353
2629
6743
3564
1182
7549
9120
3458
7268
1112
6545
1943
8661
330
8774
3836
3863
3008
6439
7849
2935
6070
3774
6258
9781
7184
8410
3425
611
2841
3513
2309
1992
6306
3630
8362
1540
7424
4996
5232
2496
6411
7596
9112
8329
6710
284
6990
1293
7497
430
3353
6579
6725
7177
5825
3737
1796
7355
1362
299
8738
8454
1562
2836
3852
6655
3953
1286
8063
2729
9789
1715
6658
8868
8649
8005
3075
6192
7443
6987
1678
5525
7898
6744
9523
2772
7843
8600
7501
6122
6433
7505
8776
8973
4014
4959
8586
9885
8729
9135
6402
5276
1142
4746
7287
7296
3755
4566
9434
2094
2313
1657
2106
6771
9734
3244
6296
7816
438
2556
8709
8043
8981
2794
8051
5087
2136
2586
2084
1062
3264
8713
6723
8321
5776
7293
3827
6567
8951
7694
2573
4899
2420
7459
4386
523
8397
1785
7024
5781
8777
1957
6620
1297
1658
1460
3849
85
2209
180
7085
4695
4469
6235
5390
8258
832
942
4105
7280
3438
4900
5108
2972
2449
3211
6826
1455
1133
5977
2517
1489
8080
4190
6835
4191
4623
3303
7985
1903
5681
3553
5338
6594
7503
2394
7678
9439
9034
6412
7284
3764
5921
1156
8660
2305
1980
3403
9940
3911
232
1039
1212
8848
5979
2669
2196
1973
5733
8856
7115
719
1177
146
3088
9434
7117
2178
9703
43
5935
8174
1141
8424
6174
4314
8386
7020
2251
7350
8587
7690
4310
1368
712
695
8712
2760
2225
2806
6172
2742
1258
3361
8944
166
3347
502
8433
5219
1968
897
4580
7255
8038
4246
7027
3274
684
8307
4266
3902
2800
7185
2157
5628
8162
1000
7732
4143
7630
7490
1235
6581
4947
1797
7571
6802
8036
2356
7020
8219
7273
1798
6263
6010
3693
6044
1121
2994
3475
657
8975
5652
2723
8717
6578
9050
5302
9066
454
7270
8719
4966
3875
3943
7951
1441
7813
4038
3186
9794
9039
818
4894
234
7164
9137
2984
6546
3695
516
2831
2960
5258
570
8939
1972
4669
5843
749
8730
9507
6254
8513
7040
3170
5209
2651
1210
7105
8115
405
6517
3235
8379
8054
1460
9674
2099
9990
7540
1527
1141
6894
995
7502
2043
1129
4484
9586
6348
6388
801
5481
9363
5679
7887
5126
8067
1937
590
1572
5857
6008
9562
5124
9373
2780
371
2722
4951
1080
9071
6496
303
6688
989
8969
8034
7009
4286
2067
7605
8551
5596
4071
4945
8130
2247
6664
427
6018
4161
827
9251
1096
2469
7107
5940
231
1587
4447
884
1453
862
5990
4585
2070
6471
5427
6836
7839
461
2829
3719
610
2711
9780
6862
35
6632
5882
5525
4181
3221
7505
545
9909
6067
6578
6484
7098
9142
1505
9377
8735
1914
9256
4231
8866
7286
58
6771
5825
1846
4284
1840
6349
5268
4782
8318
3235
2534
4932
5153
3635
7329
5638
5333
5864
983
1141
2634
3259
1695
8229
9635
1310
7585
6210
4380
6242
8216
7122
7897
6704
6373
280
6474
3152
2120
6623
7397
2084
1602
3898
4545
6779
1945
6223
7071
6529
7541
7573
3659
8677
6830
6347
3952
7751
3164
3676
9041
3779
4994
3569
9297
8087
4096
4538
1571
6649
4654
6831
7483
1451
7546
2135
2842
6353
8038
7740
2187
1077
4870
5372
9042
2522
2745
7917
929
9122
2955
8530
8397
6233
7282
5009
7511
1281
274
2415
3268
2329
5311
6012
4763
5007
5517
6608
5129
7227
986
8883
586
5321
6857
3237
2440
9851
3115
2220
5404
5268
1770
8983
2720
4765
6289
2314
1488
2708
3791
3116
8641
8454
3505
97
113
7380
2086
3326
2423
3960
6773
6363
9594
5454
6098
9526
123
9199
257
9150
416
3139
4732
7310
7526
2793
6592
175
8324
1812
1045
4057
5927
9153
7535
3067
2613
3696
3270
9205
9856
1488
4555
9708
8630
8258
4301
4046
4600
5104
5645
4467
5421
6297
5354
6281
6221
3074
8556
8169
9865
3897
1660
7099
2355
9801
2771
1257
635
201
6599
1891
880
8833
6082
8925
8863
6097
8768
5799
3320
4713
8404
9959
6486
3235
5130
4678
1838
5625
604
4593
9165
4285
4082
6821
5903
2494
6097
6181
2965
2351
9323
9841
4455
3550
2026
3735
660
6574
7485
7309
1123
7330
795
6480
5376
5728
1220
666
420
8701
1278
7304
4601
70
9669
7783
9732
2224
3041
4736
1100
3980
9292
3384
709
7482
9596
2942
5452
4841
836
3093
1616
8120
3361
6487
5764
7483
7214
4282
9997
6555
475
6730
477
4920
9036
9467
8953
6106
6976
1332
8900
5486
5309
2319
8936
3728
5212
7927
4678
2225
6707
5808
6175
5863
2399
4014
6229
3557
1357
2417
2018
7456
9324
6254
1775
4474
2550
184
6222
565
1513
4682
8991
1710
8547
5970
541
152
9464
9230
3387
2571
1831
853
5093
1909
2961
8967
2954
991
1337
8675
3170
9616
6569
793
8310
394
9469
629
1532
7174
7454
8507
2329
8375
3839
5165
6994
2903
1636
7286
277
7074
1053
2757
30
5387
5000
138
9155
7496
4143
7102
2302
7387
6997
8296
3516
4308
48
5578
6347
2717
3825
5514
5523
4364
6681
8608
1195
3451
3369
1380
1405
6018
4420
2202
9965
8657
4031
8380
8798
2014
7606
8356
3951
7440
7648
4592
5828
5255
7324
5571
9228
4242
2201
6037
4159
8663
2269
1168
9526
340
2487
1256
8629
7253
513
1653
3729
9421
2306
6654
4495
1150
3539
6114
1831
7539
2278
528
2290
5300
4915
7120
9571
8804
6142
4670
9743
9591
3867
9513
5299
9017
699
1186
5140
2350
113
171
6855
146
4938
7335
696
3177
5124
5492
4241
7033
8819
9691
3557
8977
7037
1725
4812
1969
1530
9773
9769
2117
4145
1958
3885
973
656
933
4363
1265
7226
5465
9408
7725
3093
4122
9561
397
3165
4240
3758
5887
8093
6812
4649
8178
5860
5493
7045
2463
8191
4266
6073
8118
4347
5747
3929
2804
8856
7953
1753
3815
6467
4526
338
2351
8907
2408
1278
6674
3678
1361
4847
7867
9214
3507
6905
6355
8519
9649
8990
3313
3059
535
4086
6389
4639
7955
6180
1648
803
447
4340
9510
1339
738
9443
7738
7390
4097
7391
3664
5736
9055
1691
515
6975
7135
1402
1177
589
9735
8584
1117
493
7455
2762
389
5179
7727
5324
7028
7239
2399
150
1774
7885
6211
7181
4077
4699
359
5217
648
2807
2918
9056
1413
4521
4620
5897
4929
1239
9555
9736
2769
2649
6763
5173
765
5954
959
7451
7329
4650
9056
1505
3384
1894
1035
3541
9291
5563
6764
747
5939
7199
9065
3135
3423
4303
4409
6942
7617
8019
5248
7481
2284
7111
5086
981
43
5779
9519
6683
7156
297
9644
6338
7675
2669
4681
2565
3615
6125
6176
8030
7870
4691
4175
4945
4005
7108
4030
7410
1769
2942
4229
2560
2643
4631
1693
5685
1234
7879
2813
8552
8357
1566
1531
4509
9753
1653
5397
2281
2197
5492
4800
1707
8684
9840
732
2471
5306
6093
218
5845
4612
3951
9003
1058
9148
5827
7114
1253
9198
352
2916
3260
3929
3629
5497
6301
255
9202
5598
2316
8498
9319
508
4772
4840
7634
5389
6834
5345
5279
944
4708
898
8957
6418
1704
5069
4064
8639
3493
7367
9964
3436
3712
3517
1878
6633
4879
766
2900
4942
5671
438
3709
4292
1969
2149
1848
9960
7687
9553
4909
9119
1471
8616
2854
9346
5142
411
8476
3266
2275
5737
5407
4216
6793
4258
5812
763
8775
6108
3460
4889
8133
336
3939
4359
2537
5116
1502
8276
5847
6169
8404
52
679
2473
2495
2819
7610
1647
9419
5258
7274
9239
4871
5979
5417
9408
6593
2709
6035
3249
2009
8169
6669
6505
2227
5025
2886
2135
3344
8761
6946
4521
7722
5004
2213
6000
7367
8905
1985
7563
8992
8252
9044
2157
2024
3550
28
7788
8769
6524
5118
7226
1022
8441
4288
6797
9463
3321
4311
6917
2148
3023
1217
5603
4230
5382
3261
8403
6009
7596
499
4568
9450
7395
4626
8914
9505
6697
3495
7919
9018
8533
8710
3689
5800
4056
8170
323
158
627
7766
6056
7999
1571
5069
3399
5082
6342
4659
5925
6513
1085
4996
6482
6739
4345
8127
1085
1566
5352
540
8310
3974
9357
9404
6129
9182
1680
1265
859
2308
920
4840
864
9478
7066
772
6317
5453
9679
7507
13
9744
3827
8545
6561
5530
2950
6352
2760
2947
2897
5749
3813
2366
9444
7498
5210
9496
7339
1085
9139
5063
6033
3904
6156
2539
3162
7260
8275
3093
7089
4863
3280
973
9630
4220
1913
8531
5055
1154
7752
4927
6362
2346
5195
359
7533
7344
4257
8591
6441
4321
7783
3571
3381
2570
7756
9000
8349
5606
5021
3560
5701
3826
3486
4347
5803
6130
1555
1226
6780
2360
1636
8343
8344
5830
872
1808
5044
4663
7891
1311
6700
1862
356
6828
5700
5423
4102
3163
5072
2325
9119
7720
1596
7920
4970
6723
5541
9215
6795
1401
1200
7725
9194
809
8580
7469
7839
8167
7451
6757
6706
8124
2531
1532
42
8276
9434
9513
7758
470
407
1778
1950
9647
7208
3555
5581
1850
9895
7829
5803
8708
6815
1610
79
5726
1484
3474
9383
1435
6966
4670
6156
7235
5181
5548
5157
6435
1353
9888
1746
624
5964
6385
7277
2447
7767
6372
3646
2753
3503
1668
6341
1845
2566
5890
2761
6284
373
6836
7276
1617
7046
5298
8084
6695
9584
7652
2894
5333
9921
2260
534
7243
6673
1282
4241
4303
8120
4087
7345
2317
2713
3097
7964
2087
4162
3440
6695
7453
3869
2493
1624
2137
5907
7305
6628
4748
2614
594
996
5802
4619
6378
967
4705
1121
9771
3716
7589
6913
8472
6406
9581
7799
5685
7239
4381
9752
8312
3442
4766
3125
476
7765
5286
3031
751
6738
2956
6231
1548
8398
7620
6834
5567
8850
9669
3337
194
4464
9856
4872
1129
827
3308
9418
7822
3763
8534
922
6979
4187
1880
9268
8840
8818
7552
4967
5307
1016
2796
8784
5208
1799
7184
6417
9201
3236
522
566
258
6046
2651
3721
6876
1639
7695
9093
8070
5188
3069
3513
6299
4233
8513
8672
3799
4550
2351
3817
4948
96
6620
3413
3686
9093
7807
5775
7423
2363
3833
5260
8067
7705
5308
9305
3584
2686
5436
5428
5130
514
4024
1413
8285
8074
8450
9826
4156
1375
9028
9642
9676
7822
6767
834
8590
6195
132
4719
8927
6421
1303
3745
2044
3673
451
5133
8259
4092
3029
2547
4591
6432
2307
9321
2421
9788
8343
7740
6409
5081
7956
2337
4262
9574
2256
4856
4639
6173
6598
9860
4340
9943
84
4237
8467
4581
1703
3945
6909
6415
7258
5503
729
3724
7577
4108
507
3783
5743
2787
626
7323
122
5458
244
2992
8676
2671
6980
8405
120
5130
9106
3698
7053
7727
9130
0
9675
370
5040
9316
8566
774
3897
3620
264
4144
3444
1043
2068
4167
6428
4049
9025
9857
6778
8235
145
6045
5886
1428
5056
9414
7413
8130
233
7061
9078
1066
1438
5308
7510
442
9067
1629
837
6216
6394
2772
4412
6480
9102
8175
950
9038
9274
3771
2474
2615
7321
7909
377
533
8356
6595
610
1021
2355
2221
2704
2034
1874
6132
7493
9005
7935
9357
7923
617
2586
6609
8614
2588
3983
5566
8539
5445
9941
7241
8021
1585
1286
6906
8965
7574
599
8338
7754
3061
3496
4989
219
9199
6254
5196
9301
8824
8394
975
5444
8859
1684
4473
4642
9491
6306
5535
8087
2747
2558
399
510
1548
5239
3751
8549
4124
2053
1156
7436
6189
6552
2616
9426
7272
4675
4863
3381
219
3156
7646
4836
8977
1637
9214
1592
6178
398
7846
1211
5179
2950
1092
2622
7789
3278
8050
6764
3893
5265
1310
1850
7540
1786
2184
3360
7858
5584
7051
3866
8039
5489
4594
3428
3241
4461
1629
5550
4070
8439
7561
5675
5070
9349
7295
6246
9219
1101
7239
5381
2896
2242
2224
1562
6405
565
9645
5108
2977
98
6765
4636
3664
9564
1350
7386
3454
9726
7402
3811
648
4863
5914
1265
3128
581
4631
4949
9849
3346
8381
4515
1952
2207
886
7676
9542
5662
1521
4589
2177
4186
8448
4996
2894
2920
2653
6035
2603
7617
2738
6694
5276
9737
9314
5290
6490
7244
7540
2763
5697
9547
9759
3176
9017
2290
3127
7380
3026
3431
9969
5049
7757
9430
4137
3580
3143
1843
3357
5655
3057
659
1114
5362
9489
8226
3603
4423
390
6904
4966
3820
6668
566
8448
9347
6878
7393
4172
2558
3770
220
1738
7560
586
4434
7399
6723
1873
3474
5017
7153
5147
3394
8901
3768
5551
8620
7172
1577
2376
5101
6085
6381
5879
8387
9270
313
6927
6172
2238
214
1050
465
2874
1322
598
1822
1516
6178
9187
119
6270
6628
1314
9142
9544
6497
3573
2803
1505
4053
3726
4046
5720
8445
6462
6988
2765
9679
9622
3425
9601
8696
8982
2422
3524
2752
5838
2853
3371
8403
9765
7844
5134
1087
7264
2638
5551
6065
7298
8286
6465
8675
486
9414
8549
9657
6379
5562
5262
4871
8302
4408
495
2272
3227
1136
8071
6286
635
3588
487
2525
9409
9444
9535
6476
1142
1373
5400
5571
3064
3564
7928
3615
1932
1200
2960
9136
7944
1248
8461
4097
6150
1697
68
9316
2847
7838
2633
5949
5675
2345
3923
4980
8228
1314
2867
3227
6619
4330
5299
4759
6758
4766
912
5982
1551
9774
6445
4720
7669
6908
1699
8579
9340
9343
177
9470
6266
2932
6748
6461
2412
822
3403
7562
3185
5276
6336
4246
8082
8416
6801
7113
4456
6817
9782
7915
7833
3543
1133
2262
1465
9262
7447
8797
8078
6992
2645
7346
8082
8745
7625
1154
7734
2836
611
4048
2633
8550
1226
4126
8955
787
6238
1196
3995
452
6650
3939
8887
362
297
4358
6717
9902
7299
8542
5582
8527
1464
464
5060
1810
344
5273
1472
2405
6819
5332
634
6876
4416
1041
8988
9546
2597
4735
3752
1395
9450
2197
5527
9627
9876
9485
396
2037
6101
5129
786
9597
1233
8213
1608
4522
1208
1157
2224
8080
1868
1954
2293
4156
3517
8673
1458
5170
9293
8295
408
5158
8707
971
6721
1757
8532
7544
2912
3682
8892
3864
4744
3608
7739
1420
7939
7610
919
834
705
5302
8201
5162
9701
7884
4102
4812
5261
1597
1424
5890
3934
1647
2245
570
8044
887
7558
4665
770
4826
1725
8904
1805
3741
8214
7121
6114
6056
2479
9460
3638
6188
4316
6621
4663
9856
6721
8462
9408
515
13
8397
3641
6693
1193
2334
6054
5441
6207
8038
6854
1904
9811
1145
1000
2095
3486
2444
1590
5405
7324
1546
4050
9857
4923
322
2059
9881
3009
3013
7519
8169
8587
4538
4191
9660
2581
9909
395
7159
3686
8538
5620
691
6526
2544
9910
635
5363
3003
3221
6013
9637
6267
3726
9385
848
5273
2060
2853
6475
7393
7613
1689
3575
7569
2763
9870
9679
3034
7123
5082
6870
9738
3686
2874
5994
8035
9236
3290
7692
1089
3906
1148
3760
8640
9953
475
7185
7241
6836
9505
7205
2147
709
7488
2511
6528
4395
8043
6808
8035
3659
4102
6279
1223
5636
7631
9030
8593
3650
4786
9751
2827
8284
8295
1081
2788
8095
1578
2934
9819
3030
653
2564
3361
5468
1597
7031
7602
2812
4647
864
6386
957
7050
6972
8237
7007
5109
8996
7085
9805
9583
31
2115
7122
3086
196
717
9301
1192
9499
9484
3360
7136
4728
8517
3469
1969
6189
5960
3846
477
3486
6718
8411
7412
5815
2706
1586
6057
8196
2342
9265
2792
992
7735
6008
7878
9275
4956
9740
8108
1491
7837
6737
4042
9401
5721
2881
6887
165
2179
2117
537
1764
4206
2623
6705
2401
2432
2094
4155
6326
9812
2434
6980
2517
7821
6199
373
7819
4445
6347
4738
5540
5430
6200
9073
9041
8998
8913
9744
989
1750
7614
9427
3789
1660
3458
1193
5358
5628
1924
9239
8083
370
5070
4156
7631
1266
1754
3182
6194
7087
8547
2421
9514
486
3432
539
8080
4326
5697
8114
7688
3820
4048
2288
9881
2525
5257
768
417
4021
258
6260
6765
4448
4718
6190
9631
2073
1490
5044
108
4743
8345
5140
3231
3013
3541
4532
5379
980
8749
9634
3265
488
2249
3146
3958
2537
6241
5265
3254
1405
8353
4242
1830
6455
8834
5789
5481
6002
394
1224
2468
8721
6371
301
1861
3872
1946
4775
8004
9142
9699
2338
8105
2873
8773
7526
6241
1387
7234
10
1608
9348
8985
9067
8489
5563
5624
8175
2475
2196
7750
1906
8344
9375
6795
6315
4293
168
3152
6094
7901
8951
1995
2807
2106
4148
3059
5036
1999
5118
7737
5422
4669
2151
9472
6311
6913
1227
7537
5848
4498
3735
687
1699
7659
699
4159
7494
2364
2403
8740
9893
315
2638
9602
7058
6573
3584
8232
7961
4574
2581
9186
6502
7937
1010
1118
9773
5476
3090
2135
4012
8591
3500
6630
3258
4172
8107
4849
20
6732
2942
3373
9836
7349
4077
8421
5676
947
309
9238
1683
9606
6937
1451
1826
6706
8435
2537
940
6726
7567
9406
5075
9498
4821
1207
8261
3675
9849
4138
3164
5919
5105
6564
880
9670
1623
4554
7411
291
5050
1589
8454
2063
4934
4042
4248
851
2197
8441
6733
5830
2866
5676
6958
8112
6835
6562
9452
6592
269
560
7206
5179
7640
7517
2715
5067
8233
6785
3631
9257
3368
2328
321
1997
2707
2415
2594
1859
4088
7836
7810
4648
1236
7849
3182
6333
2378
6830
9166
5373
8075
7743
7460
1609
7800
4551
2335
1827
9976
1736
2277
9131
6048
5381
235
3946
9090
3150
8867
3898
9251
3736
3515
396
6517
3596
5309
9997
7582
9240
3394
2104
2872
8740
2330
324
6017
9062
6585
90
5728
2846
454
5478
2452
6317
762
6691
7476
9375
3085
9146
1011
1022
1579
6870
7275
4608
4390
53
8353
935
3248
2641
46
6825
4436
5544
9321
6490
1836
1624
4699
8606
1674
3440
379
6969
2462
540
4775
3002
3958
1681
2628
4470
7133
1137
7178
2413
9912
3253
1132
9119
6201
5696
2993
3716
3942
7066
6959
9831
8262
2820
9611
3391
556
2634
6946
3904
124
4588
7752
9847
18
3261
3492
1431
1512
5791
7852
1363
6716
7079
5222
421
7502
3380
7171
7345
8521
948
2430
6771
646
6967
804
9578
6978
8689
3478
2180
6417
5992
3090
7207
1032
3416
2935
7081
869
8183
3433
1976
3075
9929
9073
7652
4257
6239
1660
9486
4331
7791
3893
2985
2701
7680
7885
2246
3561
9807
3083
9538
3349
2133
7234
6923
5609
5962
9020
3747
6943
2757
8594
6476
8301
2184
3656
8534
7216
3805
3123
8062
1791
6220
8381
3516
3486
3194
9737
5823
8527
9892
9700
7836
4418
4854
3007
1846
304
7773
3987
1555
130
4206
1100
8861
5257
9775
2399
2628
2707
395
7522
628
9375
8769
8851
4416
4546
3601
8678
6725
3838
584
5524
6857
2853
3333
2121
29
3693
7944
4774
7212
904
3240
6476
1783
4322
2441
241
3256
9615
9540
1310
8366
6330
9944
6360
1538
3009
7559
1653
7609
3420
5360
8461
9110
1993
3400
4728
8388
9271
8921
4374
9404
1134
2227
1860
8279
9055
7438
8619
6685
6377
1795
7991
6100
4688
9273
6511
6129
5449
8378
5606
3305
8222
2039
2535
1934
3460
4250
2053
7435
1895
5701
1857
9935
3622
1532
3776
6620
8278
461
2135
6826
4062
7058
404
8913
9422
3207
8750
1724
4681
4337
2159
7498
9157
7514
1611
6486
9599
9506
5652
967
7998
5710
8565
9166
4415
113
6162
2227
726
5045
2590
2427
7239
6376
5418
2729
7394
8031
610
8124
9380
9140
6620
7212
1671
9772
889
7884
9832
2588
5372
4770
8497
976
1976
7794
5512
5960
7063
2752
4389
5321
9780
2301
1803
1629
7924
6932
4252
380
7918
4432
1646
8425
1846
7294
9085
9428
3278
5389
5334
7739
629
5250
119
3070
1894
6026
7915
334
2946
5771
7118
960
4866
7764
5979
3541
4562
4699
2929
2772
1935
8089
5667
4629
6964
3214
3777
6127
5630
2563
274
1525
1834
1179
9986
3259
6745
2495
6453
989
6096
4345
7815
3156
32
8927
9730
975
3025
5925
4934
850
4933
7440
5373
8494
1199
3215
14
1647
6925
5091
1434
1298
9596
4124
8688
8187
1711
9284
5527
115
5685
9620
1520
7352
7419
1659
7295
6035
7683
707
4066
62
9498
4744
2695
5030
2481
5183
7920
5403
2989
6945
5153
4024
7857
3557
1477
3716
2290
2564
6731
7273
7090
4195
7310
3357
8308
3095
6460
119
1243
4078
4555
4619
4453
8732
1258
6002
5384
9199
457
728
581
907
213
2816
2922
7030
3072
3723
8535
9590
3253
9895
6315
4409
460
1936
7500
6350
5152
2815
1101
1140
4961
7722
3493
3778
8134
8231
4159
4333
6330
7334
12
8506
7842
2990
7217
6567
3307
1701
7335
595
3660
1573
2688
7292
3155
8894
1373
5561
7443
7463
651
1591
1100
5102
3649
7474
1628
2429
1958
5122
6666
2841
7878
3110
3400
1303
6965
8241
4554
4719
6154
4630
6159
5186
263
8579
2346
102
3577
5651
7161
8159
1989
5870
2999
6747
3995
7730
8082
4487
1381
7025
3125
3266
3325
7898
5652
1940
9104
147
817
1653
340
3500
4181
5395
6182
3631
8684
7881
7902
7297
2369
6076
589
7179
6011
3806
4919
7148
8651
1856
3814
8692
6074
6782
996
5756
773
2862
1225
3067
2527
157
6522
4274
1839
2864
1797
8589
8395
6622
9187
1880
4849
8980
5312
9342
4689
9960
8780
3257
2164
8757
2255
917
5546
147
6675
9976
2340
5573
1760
557
1043
6743
9145
9573
8666
1566
9378
3782
2440
1974
2899
2328
6981
2640
718
3203
9743
3916
1592
5084
2038
4474
242
9308
8405
2997
8305
7559
1133
9656
7695
7475
7326
5827
2964
9714
5585
6926
9437
7712
8089
5724
7984
599
9802
2079
4494
6336
3013
804
6597
4410
3142
9110
3660
4744
5654
5356
7845
6223
1706
2939
71
6385
6626
8134
5503
2600
8320
4356
7391
2103
1620
3750
7889
4814
7015
7618
1794
1303
7167
7442
8028
9653
4619
1974
9420
7207
3538
7828
7114
1991
2900
3108
3449
3624
2752
8776
2641
1090
9017
8351
8305
6908
3277
9972
9018
3012
5552
6099
5075
7955
8697
9514
416
2520
3616
1284
3719
2766
6589
1175
2537
168
2599
6391
5230
3058
1344
2108
6176
6133
3274
7452
3998
9335
1607
5123
3553
2027
4765
6427
2062
1068
3114
327
7990
4393
244
6675
5393
2657
1316
3157
9009
7459
1443
4106
3419
9135
2854
5155
623
420
8532
6189
2237
8136
2792
3708
7312
5611
7593
5669
7800
7759
3868
4974
4315
1823
2897
36
8060
4980
4951
3125
7299
8376
7531
5203
8611
1478
8605
8160
4675
5269
8463
9953
6864
9106
4100
6405
1435
9529
5199
7109
4340
9796
5760
7296
3587
8489
5238
8131
165
3078
192
6810
699
2277
3804
4059
3894
5291
60
4130
664
7724
2329
3943
6989
8123
1847
1431
4453
8104
6187
3186
4343
4371
1355
8202
8750
9937
7135
7421
1112
2095
917
4016
853
1396
7702
5421
7698
2092
3155
4089
8649
6932
5014
9831
7668
773
7525
1739
8310
3993
9699
6518
3261
2408
3996
149
5708
8992
3040
3491
894
4239
507
709
9827
9473
3883
6129
6107
7138
2470
3259
4506
8318
5885
1747
6946
9584
2648
3351
2494
7113
9690
4444
471
6748
7273
7077
9659
2007
3682
1607
1359
8112
1945
6561
2368
5575
9325
6557
8989
553
3830
5901
9891
7311
4419
1304
5155
3876
302
1541
4867
4712
1633
6102
6864
3487
2272
1073
4174
8419
4972
586
4471
3929
5214
643
1046
2887
2064
8802
2187
432
1451
3428
5818
3933
9512
8210
7533
4233
403
7569
1547
4869
8529
1054
7748
6091
2185
7290
3221
9572
6436
1919
4551
293
4938
7914
4081
9371
3883
853
3663
4274
6542
8513
3818
9805
1216
246
3909
8604
4157
5046
3540
4890
1934
7213
110
4707
2873
111
2380
6949
2547
5351
4293
8825
4689
5494
3044
9220
6281
6100
5210
1853
6530
6951
2959
4627
5022
4073
1249
9740
9949
9033
8766
6662
5659
8064
6097
5210
9652
9414
6723
8206
6898
3603
3781
2597
1095
6006
8554
5952
6803
267
5285
1692
9993
6074
4668
4250
186
3873
4993
3433
3185
6017
1278
1283
9830
3600
161
652
2717
8026
735
9998
9048
1061
8389
7539
2702
578
2977
1887
5926
2475
8897
3800
1231
2511
5408
8826
9980
7218
4170
7304
2705
4913
1314
701
4443
4248
1875
9797
6513
6089
8790
522
307
7527
4143
6064
3227
4079
4384
9977
7933
1570
2725
1936
8511
9657
7256
7473
9597
2432
2590
2554
7929
6515
6326
245
3250
1568
8038
7738
3269
6091
9898
8098
1595
7992
811
2019
2504
8476
7238
538
1553
8994
8451
3604
7858
8109
5262
4867
8983
5558
4413
8235
5726
1602
289
6683
5498
2221
5830
6479
5220
5820
7623
1560
9302
9489
2666
9736
3029
973
6901
9197
2480
1471
4588
7265
9512
3807
712
5545
3053
6567
3106
3393
4401
3020
563
4227
9266
7185
7891
6074
1153
9989
2020
6068
6975
4465
3863
3973
7897
4675
396
2423
4694
9361
334
6234
9286
612
7779
3074
7616
8008
6179
2526
5142
8820
4247
1226
2540
9317
2366
7281
9956
1384
7727
3302
8646
5453
6723
7934
9977
4676
3837
4797
7993
8031
4760
7936
2902
6328
1594
4302
8116
2275
6475
5984
8250
3767
7532
5993
475
6028
7785
9040
5042
4699
3219
7422
3233
2288
9556
6037
6116
2181
7384
1110
938
6109
852
8072
2395
2655
1728
5866
7703
602
4581
3107
8299
9266
1167
4849
1744
4402
2962
5159
790
7119
158
3956
8974
3722
3376
9540
6112
4040
1862
3578
8670
5167
2506
8531
5457
8982
2386
3054
9604
3395
3940
2403
5628
120
5912
9749
1177
2892
5415
6119
5441
1020
9305
7783
4865
7704
658
6110
2150
270
7883
8839
3211
6650
796
9025
7762
9899
8
5974
757
4983
8506
2291
2141
11
9329
9487
414
2070
977
7001
4465
9003
9098
584
3650
3051
3535
7729
3262
2015
1446
4337
4975
6718
3261
4482
3961
5575
9311
1538
3336
4433
1710
8014
915
3617
600
2447
3305
3842
5897
6808
8695
2374
6349
1374
1953
6263
7150
3602
1959
6257
5176
9025
6636
8978
2313
5442
3832
234
4056
2282
3305
9326
499
4686
7981
7728
3219
6964
9618
2498
9848
411
7114
680
976
6678
1989
4272
3440
2163
3050
2028
8150
5157
7619
1817
4793
8358
7602
2961
2691
7850
4306
4961
4655
5724
6256
2711
3245
9846
901
7191
9478
2938
165
8534
2209
717
1440
3717
8485
7301
7462
3777
7618
6841
1079
2636
5097
2836
3835
1192
1135
6058
9659
7557
9049
2646
4833
531
9365
3364
6206
8872
3201
2521
1613
9139
3448
8199
7842
602
5933
8721
4537
5424
3278
5832
1536
4196
7252
3923
4385
8575
2078
4963
4466
5718
4403
1137
7035
2394
2317
4580
4244
3050
9891
2483
7802
3540
4981
5867
9210
1013
7734
737
9755
5176
6592
6506
7991
5319
3652
5763
7990
3183
3333
9979
5230
2567
242
6853
3712
7
4301
4075
9686
692
1455
3407
9011
3012
6236
5580
8126
1426
6700
6285
4126
7501
8010
2605
8208
7107
5785
9785
4642
315
81
7019
5660
5894
3815
1347
8235
2197
6704
3551
3623
6603
5329
1419
8175
5657
2790
7537
1340
7926
3905
3360
1391
9881
3236
3726
3797
9746
2290
9907
767
3264
9748
7138
9151
8141
6503
8632
9341
417
9307
664
6194
6200
3581
4504
7118
3338
6980
8484
9741
9736
1480
8983
2730
3256
1854
9586
7076
5173
6485
5708
9668
2550
9353
8854
5713
7435
4217
7199
6096
9877
1067
2002
7484
952
5693
1631
6005
6857
2781
6445
7787
4658
725
4375
9852
8194
6888
263
7395
4551
1622
3544
9392
4816
8605
9618
5420
644
3947
5740
7859
8342
1011
4257
8679
1053
1039
395
2157
9492
5758
9740
5104
4515
8753
7518
4928
819
7667
4923
1918
7171
9565
2289
2280
8102
8346
9154
8718
2788
4270
7445
6963
534
9890
4472
3205
6048
515
1305
6252
2578
8561
957
7406
1578
5568
9434
452
5078
8996
4281
5303
7996
4951
8577
7314
6707
558
7766
1184
6044
2690
8499
2550
3149
7990
6324
7630
7728
1961
3579
5511
3772
1545
4440
8195
6725
8634
5434
7296
3631
7129
3945
2576
818
1368
6694
523
7894
9746
6731
6047
4042
4330
1105
6253
9920
7691
6659
8694
5945
5499
8486
2470
1830
2571
7151
2711
2507
5605
4581
3029
6907
7460
9837
1293
4027
584
7828
4458
3753
847
4857
7550
5784
6957
3593
2408
5719
9269
2437
9427
6947
7425
5306
6546
24
6687
2529
2741
2783
5001
8898
2645
7716
5337
5395
3475
8532
3279
7507
2766
1907
7206
6130
8790
410
3038
5681
2648
1333
8067
9889
7375
4135
2384
8458
2322
4952
3170
5408
5138
8325
2628
3975
9964
2472
6992
5293
6065
9992
9584
7159
6013
9846
2099
3271
6482
5166
3601
9626
8076
8697
8670
1034
5151
2583
1952
7373
6981
8931
6910
1397
3435
9513
2732
9163
8532
6060
7762
2963
6085
5763
6915
6598
2815
2166
1405
2639
413
1638
9659
4829
7020
47
6617
9572
8815
3132
1030
6984
7237
7734
6173
9971
5867
3429
422
961
9325
7659
2708
1053
2464
8178
3246
9522
459
8360
7033
4225
7035
9373
5201
7392
9372
4647
8686
4607
6627
9677
3355
5483
443
9493
5481
7870
9384
707
8827
4944
8839
2025
8638
1189
6093
2132
848
4890
4295
3222
2758
2265
1913
6132
3204
6546
4063
8211
4024
3702
3139
7981
1796
766
5089
4843
2989
666
5058
4797
6175
515
6943
9899
9650
4224
5135
6814
7120
2512
4764
3627
2668
3734
6189
5348
623
8963
2445
6602
202
8509
3140
2064
1944
9425
803
7596
6091
8465
4618
6825
2201
7550
4500
95
1093
7284
5303
2514
855
7370
6116
6602
4521
4489
6694
7017
1487
5523
9144
2693
2868
7084
5661
892
5140
2280
3137
338
7085
5983
6805
9455
3349
1060
9758
9458
1666
213
4133
929
338
5365
356
8515
4907
9533
6087
3483
4675
6017
7735
2714
6200
6786
895
7405
8854
0
5545
6862
497
7003
1187
8997
4576
7309
523
8057
1649
9573
4008
5386
767
3358
6506
9937
3572
3358
3253
3735
7292
9798
4888
2451
6361
5199
8262
1853
7466
432
2147
2712
8051
943
5932
5439
4123
1717
4398
3365
5956
7592
2815
7099
9340
8955
1321
9113
4326
4586
1879
8020
631
9448
2691
6091
7256
9211
8533
509
7877
5555
5742
5168
4093
6117
3269
411
4780
2694
3222
1394
2213
7701
6508
5063
5466
2442
3913
1652
3007
9724
586
7084
4868
2167
4223
1421
8893
5885
3369
4064
579
5528
114
8280
1406
6067
6050
2067
6110
4527
4222
208
1408
1625
4706
3017
2741
2223
6975
3365
9754
4010
5733
7091
3802
6339
1706
8967
4805
6461
3387
5752
5235
6197
2565
6009
4706
2120
3540
4330
545
2765
7223
7188
9091
487
500
1234
3223
2933
7509
9524
4720
1283
5529
1512
4644
9448
8206
6059
374
1505
533
746
4645
2670
7688
5601
578
9020
1591
7387
4810
6467
2040
6593
8603
2769
5090
5353
9623
5468
9034
5076
2348
7352
3548
4649
7303
717
8964
3413
9753
5087
6570
2404
4418
786
2990
153
8381
2859
9161
6958
9684
7021
3680
7540
4541
1601
5062
7748
6837
8880
6062
1207
3688
7918
4393
696
5545
6919
7520
737
4536
4443
7117
7999
4209
5279
6210
513
9600
7495
7222
3990
3057
7736
9389
8457
455
5351
3585
1636
3361
7431
503
6761
1887
1942
15
6124
9854
1555
1008
4938
9342
1834
235
2354
9582
2050
246
2718
2788
6362
6239
7049
2510
4448
1508
6719
3191
8855
7431
9767
2315
3306
5680
6972
2043
7919
6269
3669
1255
2396
8037
9885
2322
9355
5026
5436
2752
9538
2031
4806
9960
8273
3434
4334
4188
2041
979
4664
6487
6671
6585
1636
1986
2868
3851
1124
490
8540
5376
9557
684
1100
4751
2589
5433
1532
4914
3135
3352
7007
2153
6765
5951
6593
3141
8481
5288
5855
9275
8831
4301
1779
98
6104
2003
3669
8908
6937
9301
1816
6264
4785
6887
9717
6413
3002
6857
7276
7744
4023
2327
3121
7282
9529
585
3189
9387
4507
5035
8511
6397
9325
5044
497
54
7068
9002
1476
2174
6980
4711
1526
4279
361
48
6905
3530
4118
8899
4959
9362
9301
7795
2997
5249
211
343
14
8844
7269
9620
7095
5789
8683
2095
4380
4915
4097
5668
7238
3253
4334
4342
5532
1788
4894
6639
756
6099
6716
2165
7132
4655
6919
4937
3771
6342
3019
5805
3853
1447
898
834
8328
6918
4737
4063
295
2045
8490
25
2596
5566
1152
9415
2458
7046
9163
4554
2333
7940
333
6873
2239
9695
7168
9736
6803
311
7354
6650
4458
7646
4703
9868
7500
6452
8279
5111
8216
9246
4847
3655
9999
5671
7557
4714
8035
3074
3175
6179
2564
1699
2545
4885
8758
6475
2577
5179
8988
5254
289
5954
1261
1302
7427
8931
4910
7530
1819
396
9249
5065
7316
1530
2935
6144
2276
641
7718
1257
9834
9538
8311
3460
4824
6669
369
513
9860
2689
6512
4554
3574
2145
7701
1122
2827
3437
8181
972
8650
9034
4504
9506
832
9819
4187
284
5069
3098
5881
3647
5683
6452
2338
3425
12
3757
5229
1556
55
1707
4824
1232
2720
6630
7474
8225
8472
564
5991
3345
6388
4206
961
3709
4735
8063
4729
1312
5723
9931
8906
2238
4261
9754
8857
817
145
2856
4323
4177
1252
7257
6473
1796
5505
129
9926
4960
1538
3905
7323
3967
6199
7164
2771
795
9576
8312
2711
7527
2706
9063
4717
2125
1218
4627
5417
3210
3227
6055
9984
970
5911
6805
7225
6383
7810
3579
3940
1254
8348
927
9475
3232
4162
4247
6483
831
7229
4427
2018
1166
4708
225
3951
7445
9020
8558
3369
2950
9417
2240
7552
7840
9932
6865
633
9178
3438
1063
4362
7163
7523
3213
6577
4231
8524
709
9984
919
9209
1940
5053
2431
8187
1842
4031
3715
7485
2157
4005
3213
8461
750
266
1348
5546
2099
1094
4089
6333
3787
2686
8973
2885
9339
6051
995
7583
5956
2709
2371
7280
5031
219
5553
7139
6107
6801
526
5972
6206
7543
1946
6367
9542
3096
8526
5886
4693
3557
1724
2651
1835
6260
6158
5036
1193
9450
5066
6554
7321
1352
2692
658
6887
1776
701
7205
4723
3372
493
1579
8367
1885
6906
7860
4157
1748
3712
2099
1255
2261
1272
1002
4120
7183
3715
6395
3251
5883
7268
3040
8768
2750
808
3693
5884
427
8133
3101
4722
7471
6540
5069
1779
4964
3872
5897
6959
2232
4440
2749
6147
5336
3354
3164
3506
4988
1562
103
281
8162
8566
6029
7853
4470
8103
8576
3693
2027
9398
7938
3538
7066
8588
2848
3372
9393
8783
5029
9746
5061
5067
4131
7301
8058
7932
9674
2627
9752
2597
9988
4990
4980
7750
5461
9977
4589
2989
8695
9565
2227
7302
7797
4410
3233
6379
1482
8160
5024
3582
4093
2257
5806
3105
6672
9896
2588
7547
9958
6852
9872
261
2638
6834
3069
3954
3673
7470
275
9018
8460
6567
7321
9388
3448
4515
2644
4662
752
8700
202
9131
4820
3885
655
259
9157
351
1806
3071
1734
6342
9798
8439
6596
5458
8273
7510
2044
4056
9032
956
8447
248
3046
2131
5580
766
8684
9051
5670
6350
4455
6487
8723
7196
8344
2454
6161
5092
6644
9610
7670
9437
5173
5928
769
8383
4617
5833
2779
1788
2038
7550
8604
4423
8355
8876
2612
7240
6978
4886
9772
3782
2060
932
279
3910
2770
5552
3344
4144
8283
7121
4589
8397
9433
3423
7435
9452
2182
8411
827
2528
4907
6445
6032
8260
2257
3124
7990
2360
9122
1244
4672
3409
3480
3710
1157
9508
4439
7381
9164
7000
641
554
7792
6215
4388
7513
5241
1112
8715
4616
4821
202
6787
7486
1595
6981
6541
2002
3908
1857
7713
9088
1859
4061
2071
768
1753
8507
6402
6727
5004
5208
6961
1306
1860
3498
7975
9961
9116
4894
6377
5275
5391
557
3862
9972
8586
8093
9953
3005
8429
1243
1125
3769
6389
216
7955
7982
4957
7878
6661
5743
7334
4489
4641
1505
5938
5789
9057
205
5040
6705
6121
619
9389
4467
7891
2973
9056
5965
9861
7441
3307
1884
3838
7639
1668
7947
5530
8350
4959
9949
5634
357
7954
5575
2315
9097
6945
2693
233
7047
1122
5557
8419
4813
3631
4800
3394
5790
809
4274
9694
5265
7187
9291
9629
8419
5757
17
8876
1644
2251
8018
5873
6207
6448
9651
6451
5765
9051
3165
8214
1445
7008
4253
7896
4334
4588
2274
2320
270
176
8603
124
1701
5992
5558
9657
9114
3873
2495
9664
251
8353
2601
9971
2516
1454
2432
3361
2251
494
1510
6775
9330
5249
7506
5488
600
6915
116
2346
1986
6070
6900
6174
6330
2156
188
4333
9517
3176
4321
8213
2610
1418
3078
1992
1638
6850
2749
6702
3656
3645
9616
5439
2120
3166
2038
1824
5214
8083
5249
6464
9890
5602
6081
5486
2094
4702
8075
5553
9879
2688
2323
1005
3017
4627
894
234
4426
3178
6334
1419
672
7291
8820
9379
7955
7809
3412
1874
5831
9305
8464
7845
6496
2128
9150
3176
4730
666
9689
6376
1937
7716
2490
5052
1815
1750
3591
3364
5344
1499
6106
2691
4768
5176
1732
8393
9749
6047
7376
7354
1533
1633
6472
1213
8296
3521
72
3065
4991
2718
7914
9268
5511
809
9696
2750
3910
5694
9549
1746
5745
6527
1830
4079
5988
77
9217
2544
1603
2781
5482
3116
4373
6614
6297
2869
9952
2350
3810
8123
6777
5497
5560
2599
9949
6990
4243
2061
1016
1652
4482
9093
1083
1749
8094
5670
1038
8820
7071
2678
8218
4065
6689
2504
3946
1975
3612
3856
2620
366
5166
8563
4486
1759
2134
2585
3466
5655
2702
5824
2101
8467
1645
2601
5938
3812
7200
8367
542
4719
5696
4816
9939
7763
8670
3282
7143
4810
7383
1237
2391
5587
2885
6975
4444
5899
8006
3446
6201
532
7829
5913
6920
1151
8811
7398
2594
257
8051
5644
877
8402
7178
4647
3701
6269
8628
1443
8386
7262
9457
7223
5986
3294
8326
5105
2876
96
7656
31
2425
8640
1108
8287
9849
865
887
8733
7301
8055
7797
2095
1857
2019
1352
6871
8698
7218
2871
8729
4563
4260
1460
8462
507
6915
8838
3446
7702
8716
9828
3336
9474
5375
3539
194
1668
9942
2947
2046
3784
6388
9635
8295
4855
1966
6795
2808
6505
9604
6536
199
9459
5856
354
9247
4129
2981
1793
7475
5784
2403
3442
1048
4728
1123
2081
7043
5493
9827
6156
2940
4878
6798
1813
7072
9467
6711
4979
401
9315
2336
2489
5223
2229
3940
197
8329
4679
4578
935
5443
3836
7718
1403
1287
1649
2919
4450
2294
8930
9375
1911
8623
8996
6821
3838
7080
8355
7987
910
6689
6007
9602
6316
856
6855
8937
7616
1943
2721
5349
4512
5336
6505
5712
6379
4749
8302
9233
4119
6791
1130
5365
3921
2175
128
3113
1893
9762
368
4192
5775
9925
3880
9119
1305
4516
9300
5349
3233
1103
2166
9496
1058
4970
7827
2747
9017
2073
7718
2022
7006
1449
2624
3433
5093
4611
6459
9450
6703
7762
8599
5639
8749
3167
8487
9791
2967
4487
7616
5963
2788
8704
1249
2471
9199
3035
3130
2698
9103
7072
8383
4512
1469
3106
1272
4731
6798
1182
7620
5297
5856
4380
9266
8775
906
2417
3290
6476
6950
5244
3385
6321
7351
3258
8669
2332
7715
2715
3668
505
6004
3234
2074
2220
4092
4045
2363
4178
2953
4220
2441
4803
1385
3528
8367
7453
312
2333
2738
3832
2230
5526
6363
9442
6939
8176
9672
2944
5226
4602
9375
2570
4775
3020
1151
7674
1000
2605
1611
5610
8547
1624
1959
5391
9168
2725
2398
8641
552
9782
9061
5960
1857
5267
9377
7113
1685
8179
9681
3847
4778
5786
908
8400
8383
8444
5302
8288
3092
1431
7842
5444
3187
1219
3793
1355
91
6485
3236
6675
421
3952
2044
4412
1519
5669
3744
2840
5779
7313
9
5062
6967
7881
6404
7362
433
4339
8993
1151
9826
320
5540
8176
8174
5745
2152
2391
7542
4523
4565
3235
3211
7013
6212
9020
4934
1872
8518
8947
5433
1707
1724
1422
6915
3210
7299
4717
3525
6690
8914
9102
2497
6405
7291
791
4748
8771
5754
8600
6587
4163
2930
9514
312
3559
7137
1163
4666
7682
2872
1063
8427
6928
3298
6103
4605
2923
7844
2480
4174
7585
9318
4669
713
132
2697
4709
3882
2828
3073
954
8116
7407
1146
392
6779
6433
7707
2373
3740
4154
7585
2827
8094
7066
7289
7097
4002
6080
9674
1866
4586
3806
1596
4123
9703
9751
6154
8016
752
5051
8534
2645
3535
793
8417
3872
1560
896
7334
7044
7546
7737
9833
2479
9884
2930
899
3455
911
1077
4727
4413
2319
3792
6630
1682
3553
3946
1122
5342
512
586
2703
3389
4223
8453
8824
3465
7593
5061
3721
596
6519
9689
9453
2483
5864
3528
3910
5350
7924
6217
5834
1583
8985
8924
3326
4576
9433
1986
1795
5076
2420
3461
7406
4515
8969
782
4299
8944
7277
4942
4240
2626
3637
3963
7
2407
7254
9899
1054
8664
3882
6105
4759
2675
1319
7176
2794
8821
7881
4368
4285
7232
2827
5432
2138
1678
2407
3336
1403
9447
6142
6849
2016
1735
7416
6061
100
7402
2380
8290
3856
8054
9157
9744
8955
1711
2548
8390
8798
5721
6284
4853
5011
4819
1778
2770
239
9660
4915
1313
3038
5864
4255
8693
1047
1182
527
7141
5777
98
8259
6508
7098
8735
9929
7221
5138
8939
7584
1699
222
5227
9530
2548
1793
3976
6904
5344
1754
1601
3667
9235
8367
6760
8090
918
6499
7678
4797
9081
5016
2710
7993
6207
4732
4645
575
9040
6252
1933
2179
6260
6991
3170
8083
8844
6901
9623
9804
1396
7757
9491
2448
169
4392
6466
5334
8640
8393
13
281
868
611
3522
1179
6410
6680
8045
2306
3492
5556
1506
796
8271
9974
6759
8288
6261
270
92
8189
9263
6660
5911
9538
2628
8963
1433
126
6468
5486
2328
155
8526
147
4382
4302
3732
6357
8418
1691
3459
1659
7586
5260
8342
5697
3191
6834
4236
8110
9543
5388
6279
4945
2153
9726
9536
3806
2846
8787
6324
1535
3541
4249
8310
3795
5637
4180
5752
6509
324
4923
5695
987
1164
8765
6205
1743
3447
5285
9929
5027
5893
1399
9821
7192
6453
583
1938
4298
8762
3125
2393
9931
7928
986
8126
7733
5137
6105
6883
5593
9852
9164
184
2016
6990
4784
4221
7271
9658
9575
1361
1351
7271
9500
1768
5234
2723
6061
9578
2309
1423
6866
4302
6246
1372
5246
7699
5433
4511
5220
6246
8885
9419
9815
5171
8218
270
1501
2232
3779
4504
2651
6768
6103
6193
3929
6688
8671
7136
9639
6976
665
8043
6857
944
2076
9618
7133
9815
7650
5884
2293
3879
8625
4953
8357
2042
9762
3865
6323
6148
4423
3395
8466
469
6564
9375
6578
8575
7665
7048
5830
3121
8574
5494
137
1183
8347
9382
7907
8865
3212
1173
813
1774
579
256
4549
1233
2007
6453
2078
8167
3569
4944
830
1301
3948
2859
4629
8055
1932
9765
8245
8704
7055
1309
2956
6548
5466
6460
639
4464
2787
8590
7365
4249
1558
7398
7016
838
4937
770
4382
1513
256
9831
2563
3470
2893
1780
3128
3826
2710
2494
2727
1152
4596
7989
9311
8708
4895
6972
1093
889
2666
1894
1457
8751
9720
9105
3216
7688
578
2308
9854
8459
7219
8588
8745
2489
2647
9911
6016
5264
3952
4150
2094
4529
4662
1065
1801
8079
3286
5873
1378
6475
6467
9559
4793
9551
9870
2767
2482
6287
4138
488
2006
3958
9236
3362
3825
8919
9480
4156
4821
8246
2685
4286
6735
6487
5559
9729
1155
6518
5590
4754
7720
1108
5409
7247
5777
6490
295
1526
1440
9281
536
5575
397
868
1393
7794
8107
6968
3250
1411
599
8284
4341
1002
2854
7766
3302
6713
912
4877
4964
2560
6440
5739
582
9673
6242
1448
5018
4533
8953
4170
2114
97
3500
8061
8500
1258
3203
800
4803
4464
584
6943
829
4815
6871
3478
4996
3593
9123
1495
6425
1103
3431
2234
1767
1363
4217
3279
1957
6017
9096
4127
7695
3886
4561
601
2268
5813
990
6128
3151
2715
2786
3775
6332
3791
642
1185
5078
8172
5348
1137
72
483
153
8053
6666
8778
8171
6989
8701
3078
6768
3902
7108
2533
2494
3830
2486
6862
221
5418
2191
1263
3550
2167
8749
1441
5999
954
3076
9558
5326
9264
3845
9738
8326
9845
4282
1787
6263
4450
3411
1251
8850
2193
4546
3507
452
4541
9383
2452
8060
9405
7628
3434
85
681
170
179
6796
6520
4126
4865
3800
1997
494
8603
7058
8077
1212
9760
7362
8294
1065
358
9984
4878
304
4682
9360
7272
7347
2441
661
6183
6946
4252
7627
141
2591
7657
6105
4061
7795
9500
8662
4816
7249
6324
9325
169
3109
6817
1234
2402
3560
1371
3802
414
6899
6069
4283
2089
5538
2372
9900
9304
1074
7668
1592
6510
4825
6651
5781
3066
201
7975
1509
1485
1678
8574
4739
3137
8446
1483
5240
1608
9526
7625
6565
2829
4079
9784
1984
4226
1363
3438
393
2149
8185
4338
1909
6797
1216
4753
7887
3767
4727
6045
763
2987
4183
873
5477
7629
4404
790
104
7440
1705
1084
7415
7326
206
873
6813
654
8774
2079
1811
6468
1904
7336
8986
5549
930
8694
8853
2980
7932
4380
9081
1077
2463
7559
537
3189
4902
2150
315
7298
1221
1059
2241
3942
78
4026
5501
2898
8141
5322
6549
7917
9819
3180
2059
6118
1621
7884
3292
1655
5677
6917
5173
7678
1544
1149
8739
8624
3923
7235
9236
8520
315
6141
7615
1746
5815
7639
1131
7872
2984
6591
3098
1753
6280
7940
3458
7790
5659
8286
7217
2512
7376
9344
2642
8149
1701
4181
9289
899
820
1731
9218
1134
5950
6951
2334
539
810
9376
7488
4859
7346
3817
5061
1532
5215
6684
1485
3815
2702
1528
6762
9362
72
3535
2097
8032
2359
2626
3835
949
6026
908
8835
4417
7793
4756
2223
9959
5410
583
4591
2960
5604
3094
4487
1517
4722
5256
862
7436
4900
7910
2062
3209
4438
1294
5757
1673
8334
537
342
989
6817
1315
4312
9074
729
9159
8817
5220
9354
3493
7406
3143
9343
9590
7388
1417
5053
1475
4404
7526
4983
1987
8414
336
6803
548
2674
1950
5602
6852
1908
6547
3555
3140
5421
2348
9736
5797
9063
96
7230
3014
3087
3689
9502
781
6468
8179
7017
8558
9098
9247
7309
714
5485
2297
5838
2660
332
4941
9200
9799
4028
9497
6477
9645
144
5172
5219
1919
2226
7703
3587
4720
8216
274
8990
3300
2692
5547
2401
6377
4756
9945
4585
6586
9269
6053
7446
8097
1674
9017
4944
6157
5848
2377
3900
4825
7381
9647
8364
5772
2101
3312
2784
3740
3611
5679
1336
188
9279
9459
2053
4180
9929
9713
8512
4052
7014
9083
1822
5202
3397
7679
8639
4256
8977
2997
6163
9282
2213
2976
5314
4986
5272
6894
1517
1950
6943
6474
1797
3446
6347
1446
1156
4409
3853
744
8168
9762
9659
8741
8230
7999
4140
8161
2003
4524
8209
4947
9447
7103
9578
6558
3283
987
588
7999
1654
1203
3343
6179
5790
590
4928
3642
4218
7869
5816
2604
3755
8473
6922
4822
484
9717
1268
1023
6501
8603
3163
962
7050
8758
4472
9921
335
98
7258
7087
9324
3724
8576
6781
5218
2298
8432
7040
7342
9825
3647
1966
2299
1067
8428
5985
9763
9430
8883
607
1439
8034
945
987
1501
9263
4188
3766
4726
4227
4059
4701
3708
1674
806
6233
5058
3280
6395
2020
8061
4885
597
7249
7669
1214
7744
4295
4078
1893
7051
6633
6258
3086
216
6346
1572
9871
158
1641
1317
1289
9967
9960
3844
3368
3142
4034
7277
2076
8293
46
1224
8814
8226
5288
7792
7713
9103
7280
211
2124
1560
4534
9454
4181
2471
1218
5798
8975
3217
2166
8757
5614
7205
6041
7647
4867
3677
7956
1287
8947
801
3846
5461
9877
9100
9788
7817
9113
5636
8996
9784
9996
9224
4169
9360
4659
5842
1180
2005
7805
492
7399
8351
6906
6942
597
8563
8734
4683
4648
2233
4528
8709
6125
1344
1940
6219
379
6748
4695
3847
909
6134
7550
809
1265
5339
3597
4499
4307
2777
8346
6043
4106
6371
9648
3019
4823
4773
8646
6238
5048
1469
3738
5150
2209
5059
9763
5977
8679
7737
9380
3002
761
1469
4783
1844
7002
8936
4131
6885
1966
2445
2790
3928
5516
318
524
9066
3770
9864
9138
5615
6719
6983
5014
2348
8938
598
8590
1939
5843
645
1788
746
2360
8231
9628
8092
5868
9429
3908
6367
2995
7785
4400
7951
496
3818
5269
9321
2401
9039
5293
5501
1284
1562
5026
6049
8910
7132
2293
9238
7225
7667
9334
9834
5863
6288
7910
1946
896
6205
55
8584
7913
4971
7385
5330
5656
7735
9550
1171
7274
5147
3376
6527
7610
7689
315
6182
4409
337
9708
9114
3427
2989
5674
6085
6058
8678
972
5230
7196
619
9834
7949
8588
1332
9011
5793
8737
6982
961
7028
8623
4542
3220
5255
3055
3319
4883
956
449
8444
9912
4759
8708
3488
6956
792
1169
6135
4148
4738
3229
1524
4010
1316
8806
1895
7651
160
3199
8030
6524
2934
3215
7089
3410
8878
1879
6288
2455
3556
74
8510
1682
7074
8425
540
4256
4059
4460
9136
1178
6472
3188
8488
7109
6798
7662
2130
5418
9325
1338
4592
6574
5255
8287
969
515
4805
5572
6622
7607
5732
2748
651
7912
3476
4748
3793
9530
9288
8209
9322
4456
8118
5441
8541
3269
8107
7573
5264
5933
1309
7046
7142
7634
9560
3750
4837
2232
6387
9187
9526
6361
4509
9015
5216
2526
3996
7647
2485
6201
8893
9614
3504
9801
6160
5182
7302
2946
8550
3802
5175
4947
9710
5014
6129
3273
4668
4190
5838
1272
9673
8282
9724
9769
2648
9495
4687
9312
6577
342
4695
1710
2275
6149
9724
6389
3766
8991
2668
1578
3451
2173
8451
6597
4078
2280
9672
7835
3306
489
3100
6465
7335
6793
1287
1443
1597
9020
2507
4883
8019
854
2417
3031
1950
9063
8908
9740
9534
8177
5220
2984
5998
2108
6753
885
1116
7074
6263
2061
407
3608
9907
5960
2243
4449
5220
5321
1348
7359
4838
272
5725
2613
3752
3629
6428
1881
9440
3596
1185
6308
603
8591
7714
9550
7000
9157
5488
4925
9063
1628
9880
8968
6958
4313
7632
3348
8633
8152
4501
6285
6247
1940
91
9761
655
8230
1302
1305
2517
1530
5700
6566
824
5896
12
1527
7606
4856
5076
4999
7481
7862
3816
8463
1978
8542
9477
3884
5520
8910
1658
6189
81
5917
6005
7115
5793
9512
4319
1997
9369
1965
1944
218
9808
2663
7791
4738
2114
2683
4313
583
4638
5792
9320
3691
9151
6844
6896
2139
9334
7353
4427
2153
1215
815
6120
5846
8619
9624
4564
2653
9986
6650
5259
2782
9748
8116
6185
9251
3829
6202
848
6115
1124
902
7652
7445
1212
1799
2738
7741
6483
985
4791
7943
6033
4081
6946
8169
1057
6058
694
7983
306
3725
8344
7164
2797
2623
8506
4311
9379
8293
7170
3345
9490
6483
8591
1448
6723
4922
4830
7618
6837
8593
3760
1437
9975
3997
4757
4916
4235
2269
7077
8702
3023
2282
8464
9530
7373
1554
6143
3121
4288
6170
4305
2360
7183
6763
6727
9727
7064
4278
8080
571
3094
792
7998
9151
3986
5039
1721
1742
8390
3187
8283
1875
6943
7152
3055
7579
8533
6257
2024
802
9657
1974
5237
4390
4765
8237
2018
1997
4056
842
112
669
1511
4618
6082
8954
952
9204
81
6864
3687
3677
3482
8982
8285
6810
1565
3729
5280
1189
1449
51
2887
3821
9833
1288
2420
971
5218
5076
709
5011
3234
6
8005
7479
8292
7945
6410
5513
1772
5446
6835
869
6485
7914
752
4972
450
5153
6312
4896
8419
1124
1962
4363
2279
7443
6178
9613
2547
5147
818
1689
8824
4735
7582
7556
260
3207
4861
7287
9403
3085
1710
3774
7875
6836
9753
7569
252
7741
9116
9697
1129
2582
8648
2825
8177
1233
2070
1888
3526
8434
2274
9549
2974
8210
6129
9956
7337
3884
770
8510
9710
8612
8931
6423
4679
3578
8343
6502
3125
1582
8593
1046
5061
2360
8798
2070
1080
386
2881
4513
9354
7208
3442
4113
3522
3631
9470
1108
2883
9482
8117
1572
2201
9735
4682
7128
4165
3482
3654
1795
9727
8865
6417
3340
5402
7926
352
8538
6126
9506
1805
111
9737
595
2590
3196
1569
2825
9525
8350
6847
9285
5106
4712
667
8366
1598
7750
9868
7034
1602
5219
58
8548
3998
9023
9801
7815
9909
4669
1466
6025
9627
728
5011
5232
100
3562
2384
3534
3187
2
4574
2216
8213
9679
184
9722
6839
4821
7069
6343
4179
9329
1234
911
1570
9515
5338
2586
5414
4891
7591
2834
2004
2522
403
4853
8967
9756
7016
9211
4087
5530
7743
88
7717
8423
2100
2900
8181
7386
558
535
2345
4923
8041
3416
6867
9033
9946
7006
6298
8316
4218
825
5422
9260
782
6442
1074
212
122
5945
7231
342
6969
2095
4803
9325
9476
4286
495
9088
2520
6785
1952
8838
5144
8653
4573
8356
7194
6751
3738
9388
4678
5032
5036
167
9480
7555
1518
4734
2733
293
416
3713
3
5475
92
4253
290
8050
783
7727
5815
8022
2608
1043
121
5928
6065
9805
339
9055
1174
9306
9544
1412
8165
4246
4723
4541
7858
2763
3915
1015
8255
2799
8205
2415
6864
5371
1798
1147
8657
4604
7673
7467
8452
6807
8294
2696
784
4543
7368
3357
9505
4210
1993
4834
3894
9248
1294
1100
5717
9355
842
6667
4744
4196
8531
1131
2060
7820
459
1676
8758
4048
6985
3062
1277
7542
6683
7128
5366
6067
9231
1106
3283
7678
5446
6372
1438
1741
4320
1922
1481
1279
5759
4440
9134
4527
245
723
8130
8222
5307
8588
5614
5795
2619
4579
959
1876
723
5522
5828
9630
4413
2099
6366
9579
9858
7998
105
3153
3224
7295
7148
1549
2100
1590
1461
7047
6065
2681
1488
4402
1662
3258
9110
9987
1135
8217
3779
8421
849
280
8921
2686
4608
5946
1227
1515
3116
2665
2708
129
4461
3305
5461
1605
9306
5552
3410
8457
1007
1223
5534
1895
4260
9816
1116
7903
8651
6856
6967
5652
4591
6887
4020
381
9011
4976
3046
4411
2234
5307
9711
2652
8298
186
2739
1366
3056
5123
7785
9194
9861
4657
1519
7842
9139
3248
1203
726
4647
9170
9188
6688
1586
2422
7467
9462
2310
4235
7710
2817
6173
106
1171
3459
3114
5692
9242
6655
6680
6413
2632
8199
584
3205
6006
7353
8060
7879
9140
4064
5667
4946
1741
9305
2986
8951
7338
6039
9055
9234
6143
4256
9997
5658
7783
8352
6890
8151
1230
4303
7039
3828
6597
4394
8256
4884
361
8730
8348
2292
8446
7423
6357
2338
9576
1586
2821
8538
9709
1131
1343
7249
9637
2824
4329
3493
5627
5552
8077
9601
1244
7262
597
2350
1203
1748
3819
5536
8891
1328
9814
3530
452
8768
4325
6689
6347
2518
6814
3652
1398
4762
3242
2882
5400
6920
5353
1572
388
8092
4789
2849
3689
391
467
276
2674
2115
7028
2885
5274
725
9511
4645
5481
6656
1315
7844
5044
1391
407
7409
8018
8825
8689
9397
6521
5221
9549
1391
9326
1191
5518
1924
3037
6871
3295
1994
764
2267
2836
9807
181
5286
3407
5
5161
1868
6052
3885
6836
6708
5809
48
6983
562
8959
5172
7525
3762
8009
7384
2779
5288
4775
3447
7740
7230
6337
5617
6821
1061
2055
927
8637
4455
7247
2115
8650
7102
9685
2612
22
9134
9023
5360
3996
34
6364
8555
9588
1845
546
4185
8274
2944
7052
8275
5145
1122
8035
7765
3245
2408
8486
887
6415
7841
6588
6207
9735
1533
2035
6081
3376
2541
963
4463
4478
2745
88
117
9192
133
1365
6867
9883
5338
9370
2591
4175
5346
5349
7991
6857
8217
2514
4074
8278
6046
3731
6329
654
7161
6766
9782
2446
2146
3211
8534
9529
114
1158
3063
1520
8035
6006
1778
9938
333
6785
9616
7074
6518
4594
4072
2150
6507
896
1912
4352
8213
7194
2145
3141
5633
2773
7017
9480
4650
9605
8589
5317
820
9
8071
1003
2890
5422
3260
3632
6476
9332
6954
2267
9583
2621
2784
3146
1482
7680
105
4261
2237
9256
6241
2738
13
1789
2178
3649
1949
3852
1241
3629
5947
8024
113
5453
5592
1575
235
3566
1414
1522
344
7188
2948
2465
1651
5607
2992
5072
7988
905
6959
7892
2174
1657
9643
8318
3931
1816
3574
2370
722
6521
569
8781
8840
1630
574
5625
6265
5884
4407
864
9770
2138
665
5027
5644
2092
8632
8585
2940
8015
2241
851
2581
5693
1518
9911
9303
3685
5763
6335
8556
462
8039
3288
416
6977
2026
5881
4112
6629
4065
1089
6685
8499
4558
7705
5566
7117
7843
1960
2377
4065
2825
3961
3371
8325
1007
3405
4998
8607
7785
9648
7316
126
5560
338
3077
3735
3416
2467
4256
7083
4605
2856
3884
636
9918
2413
5917
2994
1131
5309
8135
383
6001
9263
5529
5421
4470
9592
2490
6530
3343
8261
2850
19
9681
1849
7867
4816
5063
5859
5708
4508
3616
4399
5632
5175
4549
4468
7597
6142
6208
6127
5199
557
430
6755
4272
9525
4732
5702
9227
2634
8307
3701
4254
5981
6930
6354
8213
3532
4035
1089
8308
5180
8816
1385
4172
1073
754
2692
2375
8345
8189
8037
3221
3749
6675
4446
1636
2381
8547
1232
6046
3431
9811
8483
9790
494
8957
2701
6163
76
3714
3350
4212
3746
9215
3920
685
3756
7747
7887
590
2622
7056
1451
3372
2227
532
5168
1922
5925
8698
7232
3168
6827
3535
5182
5036
1291
3462
563
2397
915
1875
5488
9434
8302
4891
4209
8331
656
6623
1665
9749
7518
7590
1676
93
7360
9246
1603
211
8813
7742
3351
5858
1740
8905
8663
8986
2063
4340
4
4715
2870
6566
398
1158
5305
9440
2645
1576
9301
3731
9293
4936
2481
5741
551
9212
7094
6049
9474
7623
2506
5936
3805
7557
628
4073
5976
6723
5010
2461
5747
8290
6852
7365
6714
2458
4425
1150
5632
3346
290
8910
1290
4610
9126
230
6884
7269
4858
767
5742
5756
6553
9194
3689
3940
1989
67
7588
7004
6447
7186
4849
212
1191
678
4458
5439
2981
9540
3321
5116
5727
2839
1749
2819
4632
8135
9327
8430
146
8475
6123
5699
4848
3335
4843
2201
6042
7603
3606
5311
2511
1440
2799
5850
983
7869
6152
5360
6724
5166
747
4050
8290
9784
8967
7240
4739
79
7655
165
6956
3993
1280
737
197
6704
7923
9624
6584
5319
5989
4481
305
1789
4279
3145
8193
4813
373
3462
7770
856
7124
4671
8746
828
8782
233
2211
3296
5943
4252
5493
5087
9390
8261
7544
8257
2153
6974
4026
93
6953
2131
8624
5487
9848
1180
1062
1887
9326
9263
8564
3465
5848
1039
8231
2618
1135
4410
7057
8176
2468
9668
9432
1035
9777
2664
5760
5603
7339
7056
2504
1125
8660
1245
8626
8294
7794
8871
7880
600
3989
4664
473
8146
3001
1505
4880
1771
662
6365
9465
8596
468
5811
4007
6001
3436
9069
1091
3575
6389
1961
4220
3229
8624
8022
83
121
2697
7706
9380
7853
6424
5606
4452
83
6489
9838
3969
9105
6190
8158
8770
8017
4171
9708
3687
9508
3304
9942
2830
6324
7726
6224
9376
5749
8796
8727
7530
5563
3213
7605
1603
2629
6353
6516
9312
5259
8229
699
6700
7424
2368
8194
5634
2561
3963
9363
8852
4972
2936
5512
6351
4476
7787
7991
171
8728
1939
3916
9437
3375
1223
5490
989
6119
3163
2353
3646
9738
902
5052
7247
6348
5383
6629
8749
8492
2397
666
4023
2358
2277
655
950
6564
9977
8729
1161
8259
1422
8730
549
5863
1316
3802
5982
3244
5186
7395
5536
1214
1834
2669
1699
7298
9592
4536
7868
5277
8793
2608
3257
2781
1301
8946
905
9744
6403
9047
5123
6461
6046
1554
4357
6985
1592
1085
3161
2374
2910
9820
7033
4022
6784
7157
1186
6368
8718
2302
4182
3788
2535
3599
1733
2618
4811
4224
2979
8048
3574
8822
84
2517
8401
9708
3642
7521
44
5266
1358
5209
892
8518
4965
8968
6385
1248
7963
356
8458
5950
6094
132
1136
7127
1190
2412
6521
4369
6381
492
4322
3789
3133
6765
3399
7875
9973
830
1131
5950
9196
2380
1512
7136
2337
7133
8141
1491
9073
7448
6973
641
8090
1351
6481
2755
7625
3518
1464
802
301
5860
1684
8314
9402
6175
130
2989
261
6720
2873
2297
9575
8721
8214
1075
6468
8165
7435
6712
6653
4901
73
8491
2385
4144
1648
7816
4919
8958
31
500
1948
3209
7394
347
8321
3531
2272
7230
5799
2188
9871
9106
3545
3197
3443
2724
6860
1271
2941
456
3794
1565
9986
6389
3127
2955
8534
5876
7723
5178
397
1643
6024
7394
3341
3203
382
6940
1375
2819
2111
9166
3303
973
1902
264
9342
217
102
9295
2752
2323
4208
5366
78
5961
4785
4218
4278
7008
2568
2551
2347
7029
576
2980
5672
763
8425
1158
1892
7855
971
1299
1085
9036
8038
9616
7929
1397
4960
8588
5248
1070
878
2352
20
5694
1966
7031
2340
4196
4176
1080
6390
4338
6365
2417
2325
6418
3963
5068
616
6565
2500
7259
1322
4841
6956
408
9159
7535
4310
7160
8235
2150
1333
5271
4862
614
6484
2940
3231
2087
9013
4762
9211
99
2419
1867
7970
4804
2362
7354
3549
8467
1950
402
6113
9140
849
8468
114
1590
2355
9895
1851
8977
2209
8134
421
785
8941
8575
5231
2743
2186
6562
456
6257
5501
3324
5737
7095
2990
5897
8796
3104
612
4782
6794
1483
5658
5769
3190
3766
6934
7578
8706
4593
3273
7529
8190
2399
7732
8770
7127
1263
380
3103
412
2884
1314
345
7897
783
9085
1397
5234
9115
4225
2077
3965
3115
819
9856
3572
305
1576
5280
7450
6534
1909
3428
1410
7862
4188
582
2530
9549
2981
5288
1600
9744
3163
6975
4781
4388
9541
2945
7292
4869
578
5856
869
1722
6663
315
4010
9208
4932
7371
9822
6697
4889
1763
8676
4584
6966
2335
9640
932
4632
2362
8616
7038
2131
3466
420
7967
510
6570
2939
8669
1107
7755
8665
1902
5497
2447
7972
5932
6175
222
8128
1769
9515
7194
8258
2325
2549
1402
1326
1356
3855
3007
9157
1834
4406
2673
8309
2519
4434
1416
32
5683
6269
8500
4229
1587
9474
4568
6589
8580
2854
9250
1566
4143
5223
5256
1250
4063
9198
7410
7486
5707
3888
1826
156
8805
4941
2603
2655
4982
7417
8501
3674
1749
5145
7902
2222
907
8652
577
3533
8522
7633
3722
2004
2885
4342
5985
4893
849
5747
1528
2581
3454
7985
5034
9291
7677
7059
1247
8027
1465
7485
5057
3912
9745
3151
3523
9765
6876
8569
7399
8460
4781
7886
7166
3427
9397
8889
8561
2765
3616
9806
6741
4179
4291
7949
3858
7417
4977
9782
8052
1537
110
5561
7994
7575
7094
1095
5851
8004
4883
1549
8843
4071
9464
3972
874
9032
5694
7831
9780
2113
9749
1364
769
2345
3431
1156
9415
5605
2374
7250
8904
2494
8010
1968
4427
2245
8781
3949
7183
1344
7264
8053
7378
8534
2066
2098
7334
8155
7411
3947
1215
9843
2177
9654
8811
221
8956
2461
2991
8875
3505
129
7745
3816
8462
4722
5888
1769
1627
4805
5928
5706
579
9188
6721
2270
4809
5547
8935
6857
6721
4244
1706
8400
4205
9399
498
6914
4518
2435
1410
3937
546
1840
9134
3038
2807
990
9807
9502
3136
430
7770
1319
3274
7349
9821
7002
9578
6783
3044
9120
1147
2854
3038
5540
899
4433
7871
6910
907
563
3857
1144
900
3536
5480
6521
6292
8754
1344
4479
2673
2436
6662
2987
5677
9617
9984
8312
2137
4101
1309
6374
2637
4469
4453
6603
8521
1226
3315
3691
4902
2182
1763
1710
3808
6431
7879
269
1652
2509
9887
2100
8748
3770
6900
7767
2826
7484
6601
1551
4013
9773
865
6182
5704
9009
6936
3933
9444
2491
4681
7811
3522
9972
6316
1104
4788
5346
6403
1529
9824
5536
9595
2169
6169
1493
2110
7871
2340
7198
4882
4965
9128
3096
4825
8649
1992
2775
7093
4988
5115
7833
1983
9865
9916
8651
3604
4061
3518
7878
465
2885
5421
3659
5706
9632
9035
5236
1901
2706
5291
9190
9786
2
2401
1626
9959
626
9527
1891
2420
2053
4439
2988
5800
7895
4495
8316
4922
9793
4910
8493
928
5631
20
4586
4936
4668
3650
347
469
800
1033
2675
556
8869
3685
151
5275
7846
9513
2072
3740
9434
8048
4765
2743
7802
233
8613
4240
8637
668
6031
1490
235
1760
7844
1260
4785
51
2275
4946
3586
6481
490
3193
7956
3465
9964
7841
4498
5876
5072
4739
5259
9858
1201
604
9165
9477
8732
1866
5352
8924
8202
4217
7978
7627
3414
821
402
8490
1562
8453
8810
3504
2065
9762
4721
9073
1401
2753
3495
7892
9237
9646
6694
5360
9163
64
7925
6499
8383
5459
1202
7800
6113
2526
504
5990
6253
2215
1550
1483
1534
29
8469
4159
5705
4023
8262
6081
6415
9579
9746
7760
2247
5884
744
673
1571
2570
8056
1656
8744
7952
2928
9667
8868
4740
5589
2909
2752
7282
1286
1286
8632
5420
6232
1091
7585
1164
6867
3143
5278
1455
3138
836
6928
6095
873
2852
3059
6819
3043
4436
7295
4540
699
730
3615
8236
6625
2621
8685
2363
8950
6592
8303
4670
8174
8059
6783
4782
747
5894
5073
6529
7512
8311
755
8748
9669
6802
7051
6102
9834
9293
9902
8593
2309
2106
9526
9820
5574
8800
6689
4051
8683
245
2487
8985
1764
2924
2774
515
658
2108
4071
4112
6665
6868
8881
5740
8779
1274
5511
3868
2751
170
1550
2092
6308
5393
5982
4677
3609
9483
6055
7011
142
3869
2858
1364
8402
3216
5938
6535
5291
1324
8500
1153
402
8542
6633
1814
6374
9465
2506
1933
9467
7410
4333
1831
3378
5881
6337
748
5309
6091
9469
7398
4194
3574
3589
8265
2616
8355
9289
5705
3285
9966
5750
8529
6994
6360
1863
63
8200
7727
4446
8128
1305
690
5132
2483
5540
5219
8330
9753
3731
7401
891
7133
9318
6897
2157
7419
8227
8939
439
430
4385
742
7319
3448
1883
4403
7208
8015
2614
9873
6603
3682
3641
1503
5914
2271
1209
2462
3931
888
5286
5225
5250
1204
5503
1828
2490
8374
9224
4367
3323
41
118
585
7767
44
1635
624
9151
9200
6877
181
1398
6529
5818
4461
5938
6558
4198
5721
2808
9615
5610
6088
751
397
111
2108
61
475
8800
9811
6400
9818
5331
7753
4612
2202
1334
7410
5754
7781
9041
9776
9666
2988
8689
7161
1925
1658
4565
2314
5828
7818
9724
2958
8211
9676
692
6878
1762
7928
1519
2015
1999
9388
9909
7838
3530
5689
7675
1594
3458
4928
5237
4438
7340
9843
8082
579
611
5620
6408
535
5862
2294
9606
5777
8482
367
7933
622
6463
7240
2892
9387
608
9836
1369
4485
1254
8314
5392
9943
6309
4629
8867
5528
8914
3385
7491
3840
1455
101
6419
615
4403
3018
657
659
3886
3399
9735
8062
6657
194
4340
8215
9933
2045
3576
5303
7524
9545
6773
7710
2587
470
4190
707
6372
6579
3694
9901
1660
962
5240
7829
571
5576
2750
1759
6227
6993
838
4157
2714
5739
7954
7913
4555
3251
1481
6870
8007
3083
7682
1609
4971
2846
772
8852
1144
9365
653
1962
3523
9694
2041
1169
272
8311
214
4089
2028
4822
830
8950
5932
5692
3454
9018
7548
1751
3364
7750
9306
4020
678
6536
1079
1453
243
2752
7108
4071
9569
6363
9703
9904
6266
3549
2349
3172
4062
4121
301
3134
9585
6300
414
872
760
5557
8102
9680
9749
8929
3996
4121
1793
2434
8817
8542
6315
6299
5499
4032
5308
7884
8397
6398
3092
5037
8612
3218
7590
9036
5467
4803
9490
7158
6085
3397
3875
554
481
4626
2351
1439
3716
8564
3329
8341
563
2433
85
7541
6455
1758
1531
8524
42
33
6400
1473
2204
5413
1905
9220
508
1996
5165
7151
1412
1105
4087
8473
2326
5400
257
4045
8017
3491
1848
3440
6336
3638
1675
4760
1108
4782
692
8650
4578
1471
9880
878
2954
3516
785
7994
5379
8848
5323
1526
4708
4196
5417
1777
3500
3249
7993
8606
6241
1547
7211
4271
3743
6050
2060
1647
9348
8770
1023
1463
8278
9387
2387
3287
4032
3266
6053
8072
9898
9353
7921
943
4494
2089
1968
3299
2758
8302
9266
3137
6029
9391
2191
2575
2295
4092
474
8699
3310
8625
6070
1858
681
2145
13
9610
4031
3076
7000
4050
2778
9836
1788
3400
298
9828
4599
2417
1473
9736
5766
5882
2087
5895
6612
4490
2503
4252
7339
28
7294
4131
9162
7150
6646
7403
4019
5712
2515
9292
6684
7012
4173
4107
5146
5993
5427
1103
1329
9801
217
7094
4528
7825
9023
5321
1612
3459
7008
4551
1393
7532
8625
1549
7107
5826
5001
6962
7600
5760
5159
7570
4593
3130
6929
2813
8981
4461
2135
9268
9583
9137
884
5035
1044
5253
484
9267
475
8483
8947
7833
9456
2643
4135
5373
3267
8490
956
3115
5819
2294
4704
6061
7778
6303
4835
176
8010
5936
673
2796
2244
4212
6687
6300
8850
3849
281
3666
1900
7354
6619
7420
250
6482
2258
7330
7297
3321
8669
2282
9079
8626
6966
2740
3551
5259
5870
6170
9563
4754
6299
2504
8418
8429
6927
1863
1297
7767
856
8942
732
1678
1756
1307
8031
5046
1928
5918
7459
3498
7719
3332
8123
8383
18
2000
691
5551
1116
283
376
4222
6808
4639
7649
4639
1061
8934
9487
4052
9760
2568
8831
8840
8042
3413
8855
5749
2829
9085
1355
4377
4901
1264
2785
4726
2294
4141
6244
2589
393
8456
6888
4727
9780
4915
573
7317
9453
3127
1596
1732
6293
1448
3042
1211
5893
5908
9154
8056
5403
3020
6491
2796
3474
8089
8328
7943
3064
6408
4000
2402
156
1435
6549
9392
3791
6774
6308
3516
4998
3518
313
4777
339
442
5047
6970
2940
3810
2064
4521
1657
404
1069
5199
6963
7293
7893
8325
9933
7424
445
9060
100
4199
2139
3690
5705
4979
2729
5114
4451
6044
7267
4930
8764
1263
4607
8981
4945
8235
9717
2346
5050
7014
6062
2120
4695
1814
4650
7233
9523
8215
4202
6243
4027
4991
1335
1168
1563
669
5667
7211
1653
4939
946
6483
4114
5371
5991
3244
3293
7317
6733
102
898
4117
10000
956
7620
8435
2378
9701
3724
2158
4295
6675
1785
3104
7195
9877
8819
6158
6545
3589
2451
2374
521
6562
1546
1323
2154
4879
4408
1945
3651
6485
8993
7782
1470
2297
3187
7606
3779
4239
6216
6555
598
5103
7414
8844
783
440
6283
1879
6944
1720
3241
3739
5973
9038
2128
3399
2577
1888
9174
2478
6241
9115
5232
5668
8041
5039
4348
7781
3061
3834
5198
5728
783
8738
6314
418
69
1449
8286
6393
3108
4966
4707
2622
6168
2818
1791
6538
9478
6037
3639
8874
4299
3877
9107
37
2523
5298
3047
9339
3878
1752
1403
2541
3071
1861
4481
5154
4168
8560
5293
3528
1641
5870
8191
7581
8379
8396
398
3745
1062
9643
415
806
1338
1200
9864
7904
573
8699
8535
1955
1282
567
7121
9564
9029
9970
1896
8088
7150
3414
8997
3300
6386
8828
5359
8043
8313
5166
3132
1087
749
2902
9775
7430
9351
5622
4988
4755
9798
7474
5063
6210
3640
5955
6889
6362
3674
5639
4237
2733
5791
3050
2065
9551
815
3285
9276
6823
1469
602
1204
3088
5686
9997
9343
2669
1685
8920
5855
2177
4638
2028
1572
5920
2568
4749
3226
2358
1552
8326
6907
8733
1201
7925
699
812
517
2477
8917
692
3919
1631
6906
665
4420
2666
7985
44
8905
9541
8344
8686
4230
5216
6263
208
5193
3499
7204
3635
2712
1409
5632
547
6647
2231
3638
7899
2528
7259
3501
3793
8523
686
1931
5044
2562
9069
493
2396
165
6424
882
3096
8758
1136
2381
6519
4455
3757
455
6440
7980
7375
8167
1973
895
6283
8403
7184
6621
6343
6125
8940
327
1722
5524
2301
7008
1882
3604
1016
3091
691
6127
7840
3683
2293
7499
8137
5371
614
6977
4695
3315
2149
8952
2660
9184
2484
4613
3086
5129
8601
5557
6106
6927
7218
9048
913
166
1447
4141
2493
3504
5331
6056
9423
4569
8942
1060
3923
4969
6708
5139
5975
4547
9696
8311
162
3390
2463
1859
2712
3447
4931
124
4906
4928
9656
4612
4961
2360
3041
3296
7793
129
6514
1150
4636
5565
3618
3459
521
9000
1540
2756
1112
9492
1053
8580
6042
3411
1298
3805
1743
4671
9562
9817
6542
4672
2532
2224
1913
0
3962
6666
742
2230
3137
9630
765
3555
165
5268
7784
9397
7454
3107
1781
8499
3987
7210
1373
6046
9148
72
785
9139
2324
5452
1157
4928
4404
7877
5169
5149
3422
2248
8273
499
9959
1890
5208
3925
3806
2608
6705
765
2533
8990
3426
1563
5157
9415
4335
6868
8905
2724
1134
9555
3205
3364
1236
8802
9310
4966
7863
1612
4243
1954
1978
4105
2682
3146
6117
9138
2895
6104
9131
3068
4396
753
4673
815
907
4308
8271
8570
7413
6678
3657
4718
9954
4336
1881
7455
8297
2498
8806
1453
3830
1667
1081
7299
4901
2806
782
5835
8430
3793
2860
3034
6551
2619
7406
8333
2143
5330
1806
3857
8709
2397
7213
499
4386
7149
1689
269
9748
7107
7957
602
4603
6591
9412
7842
9542
6138
8482
1417
6408
9738
4505
962
9572
740
2065
7712
4805
8912
6582
7004
333
4573
1439
9520
3740
6990
9448
5302
3388
7092
5024
6054
5823
4499
5927
7111
9720
5961
9047
1533
3864
3244
8545
1423
1544
1656
5626
6285
5974
2863
362
9998
1139
9974
1625
4804
1297
4356
1710
5943
123
3428
8222
6468
8154
5418
721
3432
3100
2228
621
8185
7874
6802
7744
2359
5572
5596
5055
6235
2928
8533
2882
3696
8195
234
8111
6143
8260
1751
5812
8645
9168
5691
6936
1545
2876
2358
3617
8692
803
8693
8946
3547
6881
6232
3191
7147
1673
771
2149
5389
2152
260
3588
7082
2833
9490
6907
4891
5046
7983
9475
9211
2213
4925
1210
2710
3555
6884
4402
3483
8120
6425
9983
1231
7968
6199
9781
5359
2724
2168
6347
5730
9671
1861
7399
2035
4474
2569
6818
8990
5307
7203
1668
110
7454
2149
6179
335
5796
4227
7315
2151
1763
9375
4718
2821
3613
5488
3469
1842
8835
2343
4125
1795
8252
1871
3390
9781
538
2685
8368
8767
2107
1427
99
706
7597
6725
6742
8077
8669
3548
4056
1658
8712
1445
8585
9183
5422
3490
7788
6490
9704
6968
455
2354
5863
8491
8534
6482
171
8434
9795
7664
1794
9427
3378
7796
4955
4315
1991
7221
8414
1483
6118
3293
7307
3564
7480
7912
976
9411
4744
9066
2443
5749
6169
2404
4441
9181
9203
1172
9344
1472
1106
6742
1682
6947
2440
4313
6543
5213
2790
8294
6054
2527
9963
1142
1277
3456
1394
6789
5253
2667
470
1048
373
5828
5750
4853
7111
915
1293
290
3096
6292
4264
3498
4870
8388
9141
2475
2234
9026
1178
1707
2616
6325
9159
3609
5880
3770
7028
1600
2009
827
198
3041
284
1365
4018
3341
5007
950
7648
5862
1048
1495
9923
3942
11
5225
8933
8329
3664
6414
8050
2818
825
7326
6097
8841
2276
1952
4325
4142
5987
627
5330
7918
4932
938
3403
3706
1699
684
4526
4621
4606
1696
6971
7769
5382
404
5964
5851
6409
3274
6733
9390
4521
4756
5087
5972
6240
9359
1245
4655
1501
9119
2098
1677
7757
9650
3064
3994
7864
7285
6946
7999
8970
9119
9254
7981
8263
9044
9868
8802
1765
5398
578
657
1627
9306
3320
4314
8224
7718
6611
6083
5866
9393
1626
4663
4714
7502
3180
3728
1940
3109
8332
344
6249
5424
8512
7236
8931
6183
7833
1881
6652
3846
1886
3421
2924
866
1019
3527
8255
2810
4443
3956
263
3678
8633
4013
9030
749
5516
368
4744
5726
2050
1788
155
3055
7348
405
3724
7058
4077
123
6253
1670
7052
7771
9089
5798
262
2287
8576
7630
6262
6
7513
275
1308
6422
6734
5570
5733
4509
5965
4853
1494
7343
9376
2015
1870
5897
784
4535
3537
6441
9640
6697
7316
4428
6736
7396
7631
2188
1607
1994
1667
5958
7872
8480
4310
9056
8759
7122
751
4683
9328
5755
6658
3069
1864
6873
6142
8700
5282
7301
7448
4567
3581
735
937
9610
1445
9546
6848
7147
4854
865
1149
7514
8619
7237
4819
8459
856
8843
9599
3455
1513
9310
9278
8860
3410
1035
6188
8996
3593
7910
5029
9573
1740
4092
4752
3018
8121
7718
7491
7989
6388
7578
4584
2133
7579
2003
8070
183
9847
2441
8885
3796
8857
1465
7645
6602
8730
9671
9149
3824
3663
7500
3124
9010
8116
628
6872
3646
1911
3144
5436
5491
9975
9012
9210
7738
5174
1840
8076
1207
9716
8838
8378
534
2744
7016
8580
6044
6307
9884
4136
6768
5728
5668
6242
3216
8766
1490
3573
6088
9240
7948
3955
2993
4204
2527
600
231
6277
2645
4041
5783
7302
4363
2619
3708
7005
2079
3016
6905
9719
5989
4302
601
2237
8421
2147
6084
6203
8803
7319
8255
1448
8229
8981
1525
5426
9236
8363
4572
6471
4416
4152
9226
5649
203
849
4468
6005
1674
4417
7031
4446
4478
7735
4062
1013
1001
9815
5179
7489
4841
7839
2180
4584
2300
1725
4749
9588
2527
6300
3023
3142
2310
9552
1874
7980
7832
7466
1821
4201
9296
2694
2508
5756
8075
5255
2422
1691
5629
5631
9328
2599
6637
2573
3965
9678
3774
961
8989
5547
4212
4395
9905
6043
3615
3841
9119
5444
8854
8117
1590
9184
359
9894
8538
4987
4715
4285
2796
9627
6304
8793
3346
9729
481
3754
4729
1221
9444
5951
4630
3709
1291
2118
4093
9767
862
7059
4602
3158
8368
8057
2795
6194
2563
2057
30
8349
2536
9870
1874
9380
8679
9499
4971
8311
3216
6280
2417
7254
3547
1502
4453
87
9941
3535
512
1506
4322
5832
9903
9937
4231
8957
3684
3955
1112
35
889
2783
3578
1888
5220
7781
8800
9131
7899
7132
3986
9592
4810
7638
6771
5995
2154
3819
1866
5794
7967
8365
1566
4610
9330
1988
1928
9307
1674
37
933
4889
7883
6317
6269
6553
324
4009
5504
8865
3024
1142
5252
6284
566
4303
6170
4319
1736
6613
5948
3941
3077
2259
9152
6351
1369
9489
5012
6786
9797
3750
9035
7272
963
4681
3482
7625
8169
1469
2506
881
5462
4340
1665
4865
2222
3827
2592
9222
4162
1019
4839
5481
6569
7642
8395
5154
5360
1596
75
925
6863
4913
7858
6810
9478
5434
8764
2912
6929
6013
4842
9391
4419
47
2317
3631
9311
8967
9502
8714
1445
4205
3163
5630
7156
519
3499
4879
3471
6139
7127
9101
4906
8956
6695
3315
3446
8924
3122
69
8681
1640
4310
1575
3821
8074
962
7269
6355
8396
1784
86
5375
5859
5514
6004
496
7576
4231
6560
3855
366
9474
863
7527
5645
2871
5371
6216
2818
4645
724
8439
27
1295
3166
1163
9571
123
582
6371
8646
2511
3827
8841
5666
5759
1825
2678
176
1825
345
2169
2731
4009
1198
3016
9819
8707
9782
8743
5196
9304
3957
7519
6705
3979
7962
8741
8413
4365
1418
13
9103
6885
1779
6410
5861
8855
9015
2887
2115
1469
5398
8483
8775
255
2880
8320
7036
5312
3645
2621
3854
5610
728
8974
9221
7182
2161
176
5409
5955
2584
2401
9025
3794
2234
6022
8932
156
2185
5014
4859
3551
564
2305
5809
4002
7328
6978
1207
4963
5702
2773
1102
6038
4794
9945
428
7455
612
3406
2316
7535
7754
5615
6591
386
1643
4909
5593
5940
4318
8416
5557
3994
2095
9315
5217
9571
6384
1749
3798
6696
5349
3884
8319
202
1910
9816
8683
1569
1145
9565
6376
9099
6491
1403
6218
7657
8946
7881
1838
8651
7880
886
6852
4948
4593
8656
7684
8685
6759
2798
6308
3224
6364
5970
2165
8000
7810
7443
8745
5879
5450
3578
1548
6118
1462
3653
3358
5934
4804
9065
8804
5033
7476
3753
3423
5498
3378
6043
2735
3029
2831
3080
9490
7079
7982
3745
5153
7864
5326
8436
2026
6108
5126
3814
893
3547
9662
1654
4415
8359
7036
8766
6564
5756
3996
2661
4786
1755
5013
3614
6949
8222
261
9103
675
9180
7957
4172
6579
1604
547
2727
5215
4159
5567
7681
4681
6700
7669
2419
828
1409
2351
3394
6656
8860
5062
3900
3420
6149
2668
1367
8487
846
8311
1074
6224
2591
7437
7672
139
740
807
7644
55
6860
8607
9552
7029
1067
5260
5732
0
9803
9165
1641
6428
9916
846
7910
8829
4359
6069
8051
2232
9252
4391
3866
1538
6437
7347
4519
9090
3656
2811
3010
1906
8474
8453
201
471
4259
9972
1073
4208
9782
4104
4477
8051
5570
2975
2592
3213
110
3215
7528
5088
5875
4016
8176
8126
1929
2250
974
7096
4213
9058
200
6003
421
336
3883
8512
6237
1125
6083
853
119
8920
872
7402
7958
8497
5709
325
3224
1025
107
2905
4414
4820
8
5268
4273
9462
4570
2765
2774
2593
6054
7533
9455
3972
7464
3307
1563
9791
2409
6793
3389
5369
9506
7262
1381
4410
9908
7885
653
985
4830
7184
6903
6912
6454
5652
7383
8342
1387
2304
2086
1881
5610
4521
4743
334
3867
2557
4690
9430
301
6399
3210
2207
1552
942
3929
8767
9479
4359
5474
3796
8844
1598
6091
4690
3867
5970
2072
3516
2258
9283
9245
7435
6851
3620
2903
228
272
2259
4390
2939
7341
3401
566
4618
304
5442
4404
8330
928
6241
6176
9884
7888
856
2226
7414
1166
4295
7522
7312
3434
9875
2792
3703
2727
1993
4962
6188
7238
4604
4632
2276
3050
9505
2017
1117
2960
8907
4005
6146
8683
4896
4636
141
452
6399
4603
8336
2667
6957
2294
9022
9726
6880
6614
5949
8886
3650
3374
6765
6671
1487
256
5531
1763
7711
3492
2773
8126
9649
9969
8165
3042
5075
7851
5201
5650
1276
5433
7191
670
6168
6607
3450
3174
1480
2655
305
9908
3139
5830
2203
6230
5173
6548
677
7204
9159
1490
1401
8015
9035
2199
5798
3729
6784
101
3399
4201
4673
8633
3811
8589
2378
114
6104
488
530
2217
2674
7289
5327
1439
9282
1742
2995
4372
6137
5540
2717
6869
6823
9750
2451
7902
8925
798
7492
295
6856
3868
4103
6297
7201
5771
7850
5966
6428
8326
8065
1842
250
4565
8818
7370
4701
3191
7825
7772
5965
4117
6203
3627
1275
8070
3699
1240
575
9406
5420
3873
5134
264
437
9685
81
9475
8154
6138
6169
4937
3749
5349
9253
4478
3142
2616
1731
4834
8577
981
1366
9251
1098
800
8997
5142
3292
3136
768
7884
9618
745
8570
5925
7871
8915
4116
5722
3733
5984
403
3273
4180
4775
9666
4408
5526
8898
16
4255
6442
2600
3236
6483
5887
3448
8435
9007
1799
7494
3140
8273
9872
249
4524
8073
8276
9718
2879
2096
8395
8209
700
4518
2367
2539
8561
426
7336
5621
7774
5143
711
3230
4546
6218
3114
6162
384
1250
5883
7652
2355
3961
9574
4380
6901
4350
401
2877
4020
7664
5160
6241
3673
3410
4066
3737
3685
4001
3870
8553
759
3897
6183
7350
8283
2316
2103
5524
2168
4160
7165
3262
4201
8052
933
3207
4266
5379
8791
9486
1701
3389
4576
2491
4089
647
6049
4622
9309
4379
8735
6507
6904
5836
4574
7335
5661
3224
19
8334
8022
1943
4848
4990
5503
2292
2489
8555
5363
2349
7669
3829
953
1668
3972
3480
6908
5311
3953
373
7611
6611
6094
3069
5194
1973
9036
9891
4103
5768
5673
7638
1028
2586
2453
4094
9012
5193
2428
2769
2175
9111
6350
7362
1685
2269
8174
4491
1941
7388
6208
7194
3175
5873
2418
3343
5830
1446
2429
7642
1236
2492
5780
3705
4262
123
9641
175
8171
5028
8594
601
922
4958
4845
5866
6922
8509
2024
3691
4513
925
4857
9921
2889
8708
9406
5415
9342
8105
1419
8569
9003
1515
1676
2306
3443
889
5425
9763
9853
6324
2562
6469
4148
8341
3996
9073
5259
5446
2052
492
3764
7288
3592
9049
5614
4709
6762
7797
1447
2129
2968
9907
8077
3331
8452
9934
6964
2137
820
2581
5240
7369
5848
5358
591
172
4644
7955
1006
296
3767
4000
1091
9188
9174
5685
8164
6113
1112
1067
9753
3354
5195
2738
341
6192
8625
2145
8224
2761
7697
3496
2305
9216
8353
7534
7595
5889
4870
8182
4410
5233
8787
315
7231
4319
8744
6998
3115
5456
9546
4006
3247
6660
5359
7154
2186
8789
8820
7656
5392
7604
4626
2381
3345
5379
8108
759
6104
8300
7805
1787
2781
3954
4062
6078
1848
7654
273
4122
750
8466
4108
4733
2580
9958
3622
6918
4558
2956
294
2379
6940
3819
6009
5511
993
7351
8066
3866
636
5475
5065
1724
1095
7091
4989
1468
8349
608
8734
1324
7635
6396
1728
9565
7785
9836
9370
2060
6178
6938
5982
4769
2237
8612
3321
2346
7843
2690
1647
7688
6868
590
6204
2455
8537
7049
9735
6935
6351
5825
4887
2240
5321
6132
7118
2311
6336
4516
4110
7139
7082
1154
6885
4011
6079
8160
3123
8641
8961
6102
2749
6437
6291
4355
6820
9917
9350
3731
1751
2469
8157
322
3895
2967
2801
1963
2279
7500
5050
6248
8795
9361
7710
8220
404
6531
887
5149
4047
7863
2893
3869
2993
7914
6180
7608
2531
4065
983
252
7683
1578
9511
7667
8006
2287
743
7420
5608
2085
6428
696
1634
772
9381
3128
6417
6162
5051
4484
2147
6056
8804
5764
5064
954
1689
872
8693
3925
2497
8061
6391
8436
8435
3735
5363
9418
2540
9968
6929
9618
7743
5265
6462
2543
5712
3405
844
2850
9404
9590
4994
4712
6114
5710
1904
7629
8619
4828
6080
6801
6971
6336
1281
7547
2998
2377
5928
9941
1469
7955
6311
5981
8012
953
2902
9665
6926
7396
5480
3258
5727
3615
9062
8310
2585
9374
3125
3656
8972
8804
3870
6750
9138
4170
8561
1621
3464
2235
4105
8661
6573
3283
1706
4863
3687
1958
3442
7836
328
9879
7847
5752
6257
7494
6661
9958
4833
3472
1774
5597
8461
9355
3841
9190
7734
3000
1714
1530
9842
737
2011
625
7243
9812
7
7553
1216
1897
4544
4449
4102
6328
8978
3170
4343
2608
8346
8836
1255
5647
2952
4721
8952
6726
6225
9519
3226
3676
335
9912
2493
5912
7757
1876
6857
8552
1563
9658
9529
8486
3334
2921
3927
3992
9948
8795
1824
6584
542
2388
9385
8849
172
6976
4633
8789
9014
5517
7619
1174
9581
4396
6119
118
2758
3970
612
9007
7464
4070
1336
1041
8996
9274
883
4636
7167
7545
4792
3237
9995
4299
7233
3519
2007
5368
8191
4127
9608
6639
9755
249
5486
5714
5454
8605
5241
1621
7931
2433
4082
5729
6587
2378
1491
3642
5972
6284
1462
6963
2550
7217
2685
1733
6470
2490
86
4648
3800
9177
8264
8102
6419
5505
6176
2747
342
6437
8658
1960
275
198
7847
6460
1244
4872
4758
4279
6269
1223
2928
1048
4403
5835
846
2939
4446
5780
101
1030
1345
7050
1113
4140
2099
886
5051
1080
9419
5338
610
105
3561
3520
5174
144
6995
3552
3772
8466
6814
8988
3838
9157
6026
5368
5318
6548
699
5202
3758
2566
7861
8562
2909
4746
7641
3178
7204
1660
1764
4834
5805
6271
7349
1171
9905
1608
2244
5569
8270
8714
9962
2251
6342
2891
9841
273
2446
6816
2144
1027
2565
3424
9455
9569
3578
8077
5653
597
7144
4767
3719
4510
8690
2781
4922
2459
1240
1070
7236
9109
8200
8139
2103
7763
1273
3271
3201
577
4280
7235
2758
54
3042
3267
8233
6226
1624
4007
4330
8582
7629
3270
5541
7076
7729
5411
7293
2927
1250
6756
503
6739
1721
3049
1717
1977
8651
9556
1558
9904
4611
8762
2492
2107
626
3653
8042
5800
3590
2600
1957
7989
4339
4786
8186
9590
8840
2511
6730
6330
9356
1643
1723
9385
9993
4429
5586
5616
4301
8711
3561
7388
9023
7174
2538
8844
3590
9315
6147
1786
924
50
9711
8579
8610
1724
9294
1989
7671
2230
4026
4233
1352
6904
6776
1238
3798
2559
6
6556
5395
7999
1047
812
7902
9972
2933
525
1610
6807
4449
3140
9807
6422
9939
9539
958
3434
4836
1743
2794
7992
2511
8477
4433
1372
865
1235
8803
9346
7040
6195
3195
7179
8962
9610
145
461
323
981
5292
4468
2409
8921
1517
7068
24
4187
9900
5866
1094
6965
1185
6991
497
9908
8025
9573
620
9788
3875
4806
3426
1860
4712
8679
9327
6688
8735
1522
2667
2935
7365
4810
1377
397
7061
6503
1913
4192
8
3712
4680
5961
6996
4280
7557
761
8493
8047
7099
5165
1728
9962
9473
3533
4301
7929
1333
7806
2093
7981
2326
949
1980
9894
9262
3275
8500
994
7946
1417
5420
4867
3554
987
3360
7480
8669
7248
1682
1071
9830
4618
4109
5353
1966
4465
6130
7300
1338
3134
9203
307
6550
6443
5750
8446
1769
9797
5597
3475
7461
926
2463
8901
6413
3621
6992
327
7115
377
3959
4608
2148
6028
9065
3718
7787
7620
960
2114
8790
8992
3045
3456
9904
7797
559
440
9668
6944
3008
9324
9622
6101
3171
9579
7331
7978
3987
6449
5742
686
763
9542
471
603
2178
3200
6859
4801
3418
762
9139
8354
7666
4011
8312
4060
7068
385
4083
5456
2799
7400
7415
5435
7346
9941
1565
9627
6733
7578
5715
6753
8576
5359
9453
9729
5467
5677
6088
128
5819
2231
1125
5997
2599
1392
5691
2090
281
1201
1934
5755
392
2567
3635
9382
1823
2306
4430
8120
4422
7594
5862
8844
5811
5921
5331
6482
6593
5492
587
2505
2080
3031
2338
297
6158
4485
9440
3715
5208
3778
613
7082
6153
5134
5953
5746
3731
643
4306
4194
3923
9246
5320
2246
780
5043
7107
8553
920
1633
8016
1071
6251
166
292
3002
2946
2582
7655
8611
8072
2530
6020
9505
9035
3192
735
2803
1093
7304
925
3677
9094
1069
6928
5235
1194
8673
929
4718
8726
1859
2370
6418
3717
3346
4504
2843
8797
8318
2764
6593
1546
6987
967
5765
3686
9266
6600
4565
1586
5561
8719
4853
4068
9321
2717
8981
5787
2492
1600
1136
6036
360
4993
3505
5227
5074
2324
1880
853
5589
5226
1144
72
6229
4532
433
7303
1407
1214
4998
576
8418
446
4536
7942
6890
9136
375
9698
4524
5405
7617
8588
4957
7840
7288
47
5615
1685
6328
1717
8038
2561
6712
1052
9799
5560
6659
1021
9063
5943
5542
1210
6564
6401
7769
2911
5310
4258
2393
7398
6899
5219
3015
5719
552
4236
538
2095
2563
9121
9983
3989
4060
7138
9070
753
6337
7219
4297
6296
6691
7401
9233
8967
1322
3153
1822
7197
5362
8566
5219
172
1811
5788
7237
2220
1162
6947
7121
6320
9309
3678
1204
3341
5519
9427
1586
9364
2277
6878
6360
9469
8466
2406
3509
6411
6894
4562
8978
2910
3212
4021
7061
7143
520
3269
6414
6643
6313
1517
9286
9843
8861
6677
7242
9910
5072
9115
5687
4490
6816
6639
5159
8907
4050
9906
1678
7427
8512
4066
135
8107
9824
4300
3796
5564
7260
8236
9373
9503
9858
843
7220
5588
3208
4413
8702
2318
8678
4407
6613
183
3963
8805
9525
4266
8966
4002
9746
8862
3976
4382
3126
2340
173
4120
2657
8511
9430
6456
7522
1592
3340
5656
9321
3870
1524
8381
9889
7603
6340
3035
7966
8337
5531
977
9556
692
3393
9239
7281
6589
8131
274
5135
6741
8449
7156
5865
9777
7633
9482
5494
6706
7239
2054
6434
7216
9098
2793
9557
5285
4442
908
704
1951
3057
4906
3050
1968
4099
1141
6208
3861
9883
2685
5576
2084
5774
709
5852
2071
9135
4305
9375
4985
9279
2036
9154
7280
2840
7834
5919
4665
5109
541
5970
5806
6712
8882
5094
8212
1
1592
7900
9793
8036
7966
3407
5352
3317
1278
2422
1122
8974
8061
5401
3390
3370
6602
619
3986
7030
307
9828
8254
718
6177
5253
6321
8505
1515
6587
3809
2734
6021
8261
1122
62
9960
1817
8171
7722
7173
4632
7786
589
7966
7200
2949
645
5187
7268
5762
9782
1463
8967
8735
4602
4313
3249
9401
4527
942
7304
6759
3206
8557
7969
5568
2969
2324
3811
2002
8784
4533
3583
4179
8279
5700
4314
8054
8807
2838
5278
4471
4547
1878
280
3901
3509
8610
2522
3377
2908
4611
1273
5757
2169
7874
8221
3689
5891
9610
6356
8939
5925
9885
1155
4575
6056
6838
3800
4148
3802
7354
1586
4147
617
3005
6591
3519
439
5153
1716
7077
2810
2524
8428
5198
1129
6442
326
3067
7209
4299
2566
1688
489
7661
6107
4125
3193
8223
1576
1139
1430
1763
5842
2296
1001
4361
1541
7011
1631
1411
6943
6050
6260
7232
5301
9721
5269
4743
6925
5896
1715
6772
216
2258
1257
4640
6592
8975
1436
1629
2254
1973
371
6219
4725
8664
9603
1634
3306
8723
2097
6660
1235
1543
1731
7672
2695
1794
3706
7961
1700
3464
1954
1927
6013
8023
9396
6744
98
1522
1138
9188
8532
7911
365
7214
4706
7946
7272
4638
1589
1370
3796
2657
2943
5689
2666
5190
296
8859
1358
9612
8526
729
6369
4044
2067
6565
4696
1090
577
8891
8225
5996
7814
5936
4758
7737
4797
522
5665
3021
7514
4732
9283
1815
3367
2030
7088
6107
5633
4369
7952
4764
8606
7167
4465
401
9302
8315
5108
8042
4325
3800
477
330
5319
2596
5521
3667
7340
8800
4175
3449
4342
7620
2860
1012
7434
1256
8204
1575
748
6613
6128
7298
8252
9300
364
177
8113
9060
2605
9911
2671
628
7381
438
7798
3056
1900
3402
4121
1950
3803
8140
5408
6787
7766
3128
5707
5494
1410
4782
7207
8813
8618
7743
180
8880
947
1984
1024
1747
4588
6298
6715
6017
9707
9340
1771
1295
6811
902
6175
8147
5065
6855
6370
2397
4589
7367
3742
6672
9340
1233
2075
4918
2175
2192
7127
4211
9434
4344
325
9747
2298
3249
7755
8095
7126
6599
2793
5704
283
9500
6498
3234
1078
3356
7980
5910
2184
8519
6802
9519
4939
6279
8291
6440
3115
595
7374
6750
8336
6857
8790
2882
2060
9791
588
267
9082
3424
2480
6655
3311
7818
9547
3279
4245
9504
2569
2649
2170
6411
1541
7148
2907
2997
3282
946
8874
2204
1941
5052
3475
7749
4797
7151
8754
5430
5023
8321
2500
8501
1146
3876
9835
6246
8433
3436
3202
4793
6972
2375
9541
1272
242
3038
366
9715
5797
724
2439
4553
1345
4689
4126
140
1364
2220
7137
9982
9836
3041
4199
5827
1751
6292
9335
9573
7257
7504
4950
9867
2159
783
5768
5445
7072
986
4534
1766
7709
2963
7802
8307
1390
4941
1685
7600
3920
3647
3197
9754
9066
8067
463
7352
3041
5258
3864
6565
1282
7086
2274
7161
9692
2711
2417
2709
6787
2290
1931
7820
3078
6537
3357
9529
1347
0
9482
39
2611
812
966
2943
1461
9691
5603
8646
9052
734
7924
7473
2146
5067
6579
3668
7061
5923
4195
3815
565
5321
1277
118
7529
1724
4378
1358
7685
7948
7615
4827
3137
9986
2217
391
8196
8279
4964
4530
401
4591
4272
8159
5136
6641
1855
2310
9868
1206
9987
2819
4223
8348
7659
619
4574
8902
4028
4709
9541
7930
2318
7582
3322
2168
935
7027
9216
9098
6954
25
6958
8405
4806
3382
6582
5681
3258
716
9332
3254
2931
3147
7361
5324
267
2730
8991
3543
7315
1711
9052
9085
9881
2460
8479
1733
4824
6110
7068
8291
4515
242
9323
9829
5045
4484
8641
3456
4405
1275
5685
1788
7236
4773
1749
1613
1137
2941
7231
4320
7851
9931
8970
831
9395
4435
616
1373
5116
2379
8747
2379
3009
540
9619
4689
6358
1700
4383
2302
3844
3762
5220
3298
2031
5159
878
341
3827
8402
2526
1688
8858
4629
1776
5716
7817
2106
7475
2416
2595
4716
1891
116
9331
477
640
8243
814
169
5402
5278
6946
6247
4389
8929
7318
4400
9171
2876
3887
4073
5267
6002
1549
1091
4733
287
6956
3744
6513
5319
8863
644
134
9868
8290
492
3115
2165
3652
9199
8064
2281
524
2906
646
4215
9833
499
5449
8058
5614
6757
7459
5993
970
5207
5894
3089
9307
7241
9782
1826
3038
354
6326
1544
5720
3493
5814
9475
6996
2552
511
3459
943
6877
7682
5882
4933
3832
2034
4977
8157
4130
5815
1440
7941
3551
3040
4207
5790
2079
29
6512
1650
1137
4896
9484
6248
7548
9471
5527
2949
1585
5430
4234
4242
51
2665
3309
4121
2645
4753
3618
4158
5933
2982
114
7966
4332
4187
5906
3770
9845
3403
5406
791
4861
1859
6032
6512
3114
2298
2589
4863
3211
786
312
6305
6343
1659
2522
5445
448
9099
2480
811
6783
1400
4736
8655
7406
2100
4441
2795
8709
2792
3524
5816
1771
7099
1143
4376
1088
336
3713
7082
5342
5859
2659
5365
8313
2657
7768
965
4057
6514
7844
1883
2630
2284
1201
7184
3680
1418
4330
4733
2336
2578
4189
4098
5666
5134
8964
4269
4829
3983
3089
9786
6688
6120
7711
7290
597
9687
1700
4094
5926
3565
8605
4402
3125
1293
8639
7329
8963
6211
6909
7652
749
294
4829
116
9093
6375
9007
5014
7859
6525
4182
1946
2966
1530
1970
3730
6610
5087
6304
1760
1667
4444
2787
8461
9996
7502
6475
1252
4162
1880
1628
6734
8929
7309
7074
448
3324
6431
2423
3070
4846
6874
2987
6460
2826
3475
7614
4068
4472
2943
9735
2288
7712
6655
5822
808
2346
3040
2937
9513
7417
2967
7641
1331
4582
9459
279
8072
1427
8719
6593
1796
5191
399
187
628
8063
8577
2097
368
4688
6267
9564
1214
5921
7202
4008
4736
7712
149
7296
3203
4026
5858
7256
1905
5767
3456
3617
9322
7523
149
9756
42
2798
1365
1184
981
8555
9936
3101
116
8479
1883
6098
6995
9172
3664
5030
9303
2128
8153
5355
7665
448
611
9503
7210
8016
7655
3183
5591
6566
5392
3174
2485
3681
915
8804
4455
731
5945
3811
2045
5954
2562
4919
8596
1266
7788
6529
5808
9191
8846
3710
2184
6653
6841
932
2479
1088
2646
9231
4283
4464
3244
3589
1024
6313
7256
5169
8554
9070
2626
2847
8245
626
215
9454
3735
6304
9194
3875
865
4610
7211
3667
9799
9323
37
6880
6532
4301
3435
8995
5981
8655
695
4311
6701
618
8808
1636
9633
8723
8614
5616
2437
4728
9288
8963
3230
61
1046
9900
592
4669
1720
2595
4157
4808
8619
3232
9290
2832
7599
1946
3980
6183
5507
6699
4707
7456
9132
2160
9046
9113
3944
2783
5480
6820
4094
5913
8796
3903
3049
333
3764
6225
465
5846
1026
75
5599
2519
4610
7131
5138
465
3451
6631
4594
3767
3291
3655
2761
8012
8517
6804
8838
1012
3921
5777
9570
6162
6856
95
7122
4832
5546
3174
6564
4448
3370
3273
8455
193
5922
2075
7297
4169
264
318
7443
7377
792
3677
5792
1686
8946
4009
5291
3507
1954
990
9819
720
5423
7734
6062
6105
3009
3851
2645
2146
3388
5706
5674
4567
1992
3634
2907
6830
8015
3397
4646
2958
5827
6666
7139
7939
3516
2148
4431
3912
9706
7293
3081
1223
761
485
9338
3731
7828
2312
8901
1973
6943
7857
2446
4189
8823
1460
6207
5106
4149
1322
8095
7498
4768
6151
6628
2195
2611
9071
4114
2500
1327
5615
7233
8242
9091
199
9371
5757
2795
9076
7975
7672
6066
8576
4463
6463
300
3338
5871
3502
1670
2150
8269
5573
9506
3499
3948
627
8079
1982
7844
9833
3719
7034
7454
8538
3230
1921
7561
5926
1574
9413
4790
1590
63
830
8825
1375
5993
6373
5270
7883
2409
8034
6145
8075
6679
8710
7594
146
7397
6179
8118
8502
8376
1782
2278
9580
486
4007
7606
4720
639
9718
5826
6902
8938
7132
4810
3076
9814
69
774
273
5936
8023
4154
1460
2291
9317
6930
2907
3467
2712
954
2623
9502
4517
9601
4201
4913
2135
1775
7083
3225
8980
4683
9654
2689
4896
9851
1667
8599
582
2087
5910
2412
2082
7181
3885
8136
9433
6595
6045
181
7466
9242
2476
89
3421
3099
2246
9192
4158
4386
8168
3621
1633
1674
9588
7898
8274
1207
1499
5038
6551
4027
9980
2602
932
6047
9222
8000
1479
6297
2312
3151
8501
8605
8615
4012
2842
3773
9476
1226
7277
9446
6279
7111
4134
5954
8509
9969
4865
4077
2261
3611
732
4352
1515
1341
4117
947
5218
9951
2181
4669
2052
356
8623
9631
5452
1458
2921
6446
4433
2028
4952
5872
7931
4141
5819
749
9909
4481
3891
6749
6014
5151
5898
4189
4030
1261
7473
1228
7556
9373
8627
7461
8635
1833
6211
9662
5976
3183
3081
4862
4946
295
9352
357
3342
5492
541
9785
4857
587
1998
476
8331
9878
9186
5977
7011
2142
5648
8511
6774
5458
7614
1951
9096
6609
2258
1255
23
3031
4302
5553
7759
8918
329
2605
7169
545
6412
8798
2560
5027
7783
4113
5746
9936
4047
8795
1570
1932
9446
5979
9060
679
9646
1681
8368
7936
6683
1261
4410
6060
1122
7578
6309
8878
1454
2605
4215
8569
4129
3159
612
5623
5582
7607
3111
2556
8615
3741
2797
8181
3505
4191
8252
7298
2114
9676
7274
3306
4706
3948
2152
7037
3367
4750
2826
2998
8078
5093
4639
3115
2493
2858
6994
8490
1739
835
2678
8505
4384
7174
4390
1878
6088
1108
9565
4811
5673
5472
670
3812
2806
3339
9333
2831
8385
394
3269
641
6758
3723
1573
5486
2506
4607
5206
6335
6597
1707
501
7680
5868
9736
6063
9993
4527
8828
5314
9361
9215
2122
223
9853
650
6309
7463
2858
1384
9702
3587
1292
2088
4656
399
188
1866
2350
1024
2948
7279
184
1604
9092
8306
9649
3585
1945
8927
8546
6372
1505
3025
9039
2836
1628
4160
4191
5257
6241
8980
279
2111
7216
3353
977
8163
9995
123
5167
2183
9490
5991
8956
7058
8126
4137
3364
7763
5043
7041
4064
1575
1580
6927
5743
5775
705
2703
3712
8626
9260
193
4586
35
4165
4290
5636
5001
5477
7464
1015
3313
3742
7525
2573
3480
3350
4327
3392
422
4754
9359
7345
9045
1163
6212
4844
7091
4601
8868
6270
4725
236
8932
4328
6429
8088
7737
3140
952
1548
9630
3853
8041
2617
8612
4236
7087
6825
4351
1102
3226
9284
9494
7318
8653
107
5317
8809
1269
6862
7609
4192
8001
496
3265
7111
7162
5785
9099
98
8421
5107
4037
1467
267
2809
3662
5100
7294
3254
5205
5271
5475
7423
2758
24
3977
1069
3655
6913
7241
4660
143
1540
8775
4877
6362
6059
7791
3899
3873
347
5083
1234
8402
5410
6367
4244
8031
4406
5330
9041
7522
8111
1528
196
8300
2073
8005
3711
1181
830
7548
4602
8172
6171
456
6016
1511
9783
4975
3566
5721
5970
2324
3135
533
5349
1253
5148
7733
7559
8746
2321
5026
2896
7463
2126
228
1443
8639
655
1086
264
1911
1276
3177
4116
5141
5993
8480
3717
6837
1177
897
2814
7502
1092
6052
4583
844
5508
1882
1187
6793
4335
8664
9717
9248
5243
8201
737
2602
3002
9829
4778
293
255
5043
7990
7862
4680
8731
7033
5215
3630
3449
7874
1949
7290
130
9577
7819
6140
3611
4731
646
1319
4124
2058
3513
5765
3515
6314
2454
6788
9166
475
9172
5902
4190
8995
5031
7110
6168
1126
2265
2467
7617
5952
4142
511
1523
7233
7564
9105
5077
1228
2691
5494
5627
5935
3983
6586
5948
3307
7174
4000
1700
165
410
2119
833
2664
1466
9253
3279
426
4332
8349
2192
7260
6020
8388
5173
7349
1867
5819
6884
2886
7650
9774
5336
6468
2761
5041
642
9878
75
1080
837
1374
6133
6788
8750
4469
9104
7197
7530
6387
8884
2186
600
5769
1128
4517
1288
1519
5882
3091
1866
97
1251
2069
9298
2324
2980
6408
3059
187
6963
6011
7740
8621
8711
526
4752
5205
3037
2475
3315
418
1045
9412
6733
1246
3081
5574
1066
9109
8150
4785
7566
9790
9879
4903
7337
9285
3518
8085
197
6964
7722
9160
1155
2277
8273
666
7368
7604
9925
4561
4552
4928
5854
6727
2332
5238
4719
8952
1663
4817
9482
9795
7986
994
3096
6564
8850
1568
6014
3037
8213
7187
5976
8836
2238
9542
5895
6466
6881
4488
8316
8526
7118
1716
2224
4464
3709
8879
7390
5217
6308
8461
4953
1385
1694
9648
5283
8013
640
5262
5543
2060
872
1387
8801
9716
1395
2652
5355
8089
6882
9843
6885
6668
3136
5981
833
315
5698
6508
6430
3775
7697
3500
6063
4820
9741
5170
3966
3675
9996
3834
6378
474
8396
3615
3964
5166
3859
5089
9557
5868
734
9274
4228
2996
7993
7823
8339
2903
602
1941
2772
1451
9855
2007
2960
3946
71
5425
8372
6212
841
1337
7197
3784
9548
7893
5006
5736
406
5311
1000
9968
8276
1440
6877
2574
7015
5664
7978
6241
4680
902
9017
9992
2044
6772
3788
5106
8283
1481
655
1503
8321
4824
7426
7395
141
9218
8528
8935
5373
9361
3916
1322
4403
2559
5796
7559
3257
274
1337
7189
9894
4974
9226
8369
9564
1133
2189
964
9181
1680
2060
3124
1950
2998
5276
2662
7647
7460
148
5557
5688
5898
2479
6755
8140
1983
6069
5654
6725
5773
9090
6026
2122
6715
2977
8756
3034
8801
1780
1247
2351
8665
8056
7405
714
5427
6376
5493
6755
4132
8313
4579
7023
6996
8512
9225
2139
4415
8859
8423
5796
6135
992
2541
9271
187
3613
8686
9597
7353
4365
9453
4323
1839
3757
789
5535
2594
1915
665
1377
5624
2579
7138
7794
4173
3641
9255
226
2810
6310
6141
8606
2219
9908
7563
5089
3475
5793
5591
3213
8474
1051
5045
1299
105
5371
160
8364
642
2695
7462
3520
8292
6269
4501
1769
7256
6115
6495
5087
1405
8626
3393
9212
4032
6693
7158
3291
8206
9847
3436
4661
3811
216
8909
9044
5279
6403
4232
9700
4763
9985
1304
2255
4962
7649
363
6263
8701
6499
7838
9967
2238
9197
6467
1214
6969
6604
8830
2836
3943
2959
1352
1498
5052
6857
7041
3916
8019
7815
2296
6485
9569
2485
4312
5055
8593
818
9282
4038
1256
9179
4190
5851
1227
7887
1573
1639
6434
4324
6584
1249
3878
1460
330
330
2564
2256
8644
7858
3902
8024
1725
7334
9942
4884
2043
7095
2398
4950
8335
1485
3832
5948
5411
7977
4090
9897
7977
2696
6429
7107
3422
4487
1478
4030
8498
4815
3038
5071
791
8538
9542
3815
1532
5633
4333
7651
4861
9071
8870
3567
1741
1583
9847
7513
620
7073
2728
2628
2802
9478
6297
9039
6142
1066
1561
392
8111
785
8260
3615
3615
3009
6085
8764
3387
748
3993
3262
8198
387
6778
5430
6154
5615
3603
6102
9805
626
4213
881
3492
3166
9973
4201
6116
5605
3638
6296
1366
8762
3852
481
734
8003
9409
7782
2847
1153
9644
9286
345
6188
2458
3031
5882
3520
2035
2410
5505
8040
463
7148
643
2166
6289
5762
7533
8496
4919
2108
9333
9675
6917
6996
9364
7571
2834
3002
8932
1870
8067
9661
2060
5520
9716
6844
67
1483
1650
2534
1965
4018
5045
4265
6290
799
2945
3486
3596
9946
6964
4377
4477
1013
4000
105
7925
6860
4329
4260
2826
7275
8551
7797
2645
8029
7361
6197
798
1605
9929
3649
4298
234
1756
4956
4721
9773
7977
1391
6907
676
105
4370
666
5735
6356
7973
7818
1807
8989
6683
9485
7742
9348
6703
6050
6387
6149
4772
128
5885
4376
2329
8173
6142
2939
7439
8614
872
7385
9000
7420
115
1277
3826
2692
431
2524
1923
1324
7920
4983
3450
140
7741
3241
1638
5096
5033
262
8977
9540
8731
3902
9101
5699
7418
9172
763
6436
9478
1243
6054
7498
5175
4333
5610
7640
356
6399
2620
9094
4777
7085
2083
1817
8614
2173
6154
3603
7754
483
5899
800
4162
8870
7088
6639
8359
7920
3202
6345
1625
3273
328
5590
3305
9204
2239
7452
9471
902
5198
3493
5091
5202
6540
4286
8601
4660
9009
5870
9189
6378
2380
8868
3522
6019
5580
3804
3748
7496
6087
7380
4793
1964
874
8413
6966
5593
7648
6420
9702
8636
3252
7825
3764
4473
1234
6003
2414
3238
7796
804
1714
2804
5949
6460
9900
5003
4868
8766
7155
5567
1826
2216
7819
299
8498
2947
5763
1057
9170
5603
6747
6471
5447
5320
8152
9398
6540
8609
1603
7342
1134
9816
1856
1829
1958
2177
5351
2854
8321
8312
5008
4735
4236
187
1842
1293
5911
9381
1669
6464
5699
6123
6256
8242
5025
5895
8634
5179
7041
9004
9294
8094
1536
3744
7273
1082
8046
1395
1325
3402
6565
7396
9078
1368
3533
2869
7816
8286
4225
6390
4530
9538
326
7352
2666
2841
8645
6429
9693
2702
1753
7301
1481
257
7195
5265
9096
4102
3471
351
1068
9316
404
5279
9562
6385
6946
2385
5112
9132
3416
9359
725
6925
3395
3761
668
9701
8465
194
7797
1349
229
8121
2564
5850
3629
7497
7039
4294
2816
2738
2264
3338
5624
3452
7509
4336
8119
9802
8024
2849
9169
8778
8139
1015
4202
9933
371
5154
485
6305
3321
1972
8686
2949
7724
5164
1782
2593
6192
3140
6564
4492
457
3243
8349
3139
8578
8781
5559
7807
331
5238
7059
7575
8951
8618
3171
6548
4674
9713
9988
900
8747
3373
6198
7585
8061
1034
7199
6780
1430
5583
8318
1435
5515
9960
1490
5912
9091
8933
2219
166
2350
4927
2119
2703
6165
833
3291
9786
9904
6347
829
5207
9791
343
7175
8592
8901
881
5007
850
7491
8882
8353
3451
4578
3246
9005
5381
8579
4984
1745
6010
6849
4956
2117
5932
3465
966
6520
7848
583
1665
9071
136
2445
6054
4951
6602
2828
5535
7101
6716
4314
5507
4041
7103
921
7139
8705
8389
5880
2264
3854
2551
7557
6920
4140
86
4934
5870
5479
3086
1295
1076
4655
6971
2829
8006
7328
904
5037
2802
3400
2225
2432
5741
1531
8466
5696
3200
4783
9881
633
7613
7819
5532
8849
1690
2350
2155
9849
1249
6226
7065
8184
9503
5128
7055
1349
6326
4334
6079
7610
2004
1403
5513
2183
5785
3125
8572
5692
2447
6673
3667
9514
2346
4364
3540
2534
5377
5246
5342
4574
2417
3022
2641
460
9122
255
9859
731
5326
2968
5169
1803
353
3150
2047
5481
4063
3544
177
9250
7970
6146
4879
7265
4934
5144
5395
156
5570
7550
973
1490
4015
7309
6549
5079
7267
3245
2975
9482
6035
1566
553
2602
7339
42
577
1268
255
307
7677
413
5153
9080
9007
3302
8051
8090
8545
6322
2761
5800
8780
3206
4157
1239
6691
2051
2049
388
5864
8039
5441
2817
8941
6287
322
4230
5893
4634
8038
5530
5349
5984
4530
2683
464
1876
7765
7632
8224
3196
1357
549
215
2195
1590
3627
9734
685
1205
2921
9633
2099
4163
1137
3941
179
1330
8059
1922
2904
9388
3465
4343
1630
364
3036
3016
1128
7838
7638
5318
9044
5242
4558
6332
4882
7760
3148
6691
639
7238
8499
7435
7161
4698
35
603
4332
5726
2627
5923
1849
9849
8812
3681
3645
8060
9651
7029
6797
8544
4407
2002
8094
9035
5107
3383
6848
3951
9183
7696
192
5437
8820
2683
9319
917
7630
2710
9879
8960
1892
7093
9546
5305
7039
7952
5981
4372
9890
2967
4012
8954
2364
2932
8183
6884
4577
4371
3822
8107
837
9498
6997
6375
6388
1317
8023
6427
6372
2812
8534
7947
2805
4475
1214
4079
4003
6674
6522
5821
9112
6161
8831
9776
7428
3472
1250
7667
1725
6235
50
279
3941
8157
7682
9011
7722
7019
1950
1622
6250
6219
5666
169
231
896
7456
6621
5565
8582
4041
3112
8183
8090
7842
8627
8373
5524
2762
7980
2695
8765
7476
1383
5546
7991
5896
2958
9433
2097
2015
9709
8516
3273
4208
9500
2052
4367
6915
6916
1061
5971
7820
7879
5434
6948
2396
8309
4669
5295
4751
1005
3501
7004
9037
9978
895
6218
2971
4377
100
6174
9042
3589
2224
2654
205
502
4229
4406
1730
329
3214
740
8776
8802
2795
8169
9271
4580
4797
2593
6378
8746
6579
4806
1971
3346
4471
5371
6087
3062
9278
25
2786
6555
3085
4363
1945
8558
832
7578
2876
9168
3345
3321
527
1675
9155
8129
545
4415
9246
6472
5961
812
805
2384
724
9803
5534
8404
4285
8164
1690
5467
8429
3659
4284
5844
9058
6448
9926
8288
6166
5701
3781
9471
9648
5621
4902
7257
9297
6928
8560
616
4634
4604
3322
0
1022
269
9187
1275
2183
3739
4643
7109
2014
6321
9894
5123
141
6949
9958
6820
9944
6498
9108
4081
7021
4531
2603
9685
2037
8931
1525
7156
9252
6272
1061
1230
2666
8079
4324
7156
2170
8330
5552
1476
9610
7925
4897
2292
3479
1847
8919
5511
8643
8583
8338
4578
4808
1039
3671
4028
7280
2639
615
9931
7647
5548
322
7194
7927
1993
8492
2652
4929
3743
6818
8703
7224
5557
4210
7733
1104
7061
6440
884
1763
1208
1434
656
8215
430
5577
2018
9879
7048
9030
4840
8951
7546
1798
4841
9654
1872
5979
514
903
4290
928
1483
5022
9601
8773
9959
4436
2694
2533
7331
1724
2322
6489
4788
281
9218
8412
3858
8833
2813
9300
8477
8171
3338
2393
6732
5149
8585
2000
8391
2984
1968
2496
3071
4348
8900
8045
4509
7383
8002
9875
7517
6906
3400
6896
6289
3705
5971
4373
3789
1200
1969
8157
6044
5759
5704
9248
8420
9523
8686
7902
669
4432
1678
8196
7128
3687
3920
8500
9175
4594
30
3292
5286
1035
3273
384
7696
9454
1327
3915
86
7548
6809
9774
1013
835
4332
7625
5484
2086
9230
4634
5012
422
1766
3835
2541
1908
8437
9095
7656
4438
7968
1540
7135
1430
3860
4327
7913
8929
9588
4530
3201
3119
1741
6706
7845
2535
7081
3692
8920
9923
5729
8737
7977
2710
7011
4443
2455
6139
1484
424
9969
4982
4875
1750
5837
5486
6694
552
7077
2933
9380
749
8407
1015
9363
9852
7355
1253
415
8793
8966
2054
301
7683
4614
2449
719
1968
9519
8496
5767
2402
4844
4241
5118
9234
2930
9519
9215
852
1778
1872
801
458
4853
2393
4464
4757
7168
6920
7248
1624
7102
1490
4621
9977
4223
6633
7033
9336
7461
9554
2431
8958
8218
3789
1047
8060
7259
5834
8540
9043
4569
5111
6570
9671
6284
467
7725
5045
6242
6907
5997
4669
761
1331
6277
7227
3066
2615
3087
1125
958
9848
5096
6909
8148
2601
3670
2636
898
2371
3322
5071
4775
4623
8235
5396
814
8818
2083
3579
1650
6175
2360
4868
4930
7330
8549
8688
7785
1843
4169
6754
7241
8875
7884
399
3308
2162
5413
210
2265
5455
1833
3660
1473
2760
5194
1674
1766
8736
2906
7841
5897
6897
215
7450
8614
4988
3450
8535
722
2735
1054
1551
7707
489
687
4257
5467
7041
7716
6066
7532
6966
2859
8854
3247
5390
2084
8765
1148
1534
7018
2617
3652
134
7427
4865
4353
6593
3627
7768
5016
7391
9913
1421
8375
397
9616
2269
8964
4547
8909
9054
460
4909
2172
2584
9539
5781
2312
4305
1627
5518
3155
5836
909
3548
1585
4550
9363
7068
986
1486
151
8253
8254
7788
6615
4883
8619
8512
1789
7275
7329
6083
2262
3242
5196
7870
4111
4879
1099
7120
8721
8625
6794
9337
1650
2011
2492
3377
2021
7466
6529
2119
3606
6174
8817
2050
7582
2883
9713
4761
267
6455
7702
4937
6927
2521
370
9686
5569
752
8789
7544
328
749
7409
9627
4811
867
6153
1835
4503
6188
6832
2741
8417
9595
7369
3693
7596
4699
3114
1337
2067
8799
1988
6319
9752
5313
816
9702
676
8186
8801
2296
1891
8820
5707
946
9465
827
9344
6660
6791
509
6460
6358
9704
6115
5171
5178
7657
6360
9662
1777
6785
9574
5204
643
1583
9120
6489
8199
9449
729
7964
7116
6318
2443
3749
7360
6391
4680
3596
2387
9599
7839
620
7567
3869
5305
2296
7729
439
9079
192
8594
4562
8755
8097
1157
3414
3988
2162
3927
9924
1911
9649
9380
6426
4316
3276
6609
4695
5496
7813
6665
8313
2443
5264
4566
8548
416
28
6510
8952
5482
1894
9527
3033
5144
1911
2280
1207
3109
5056
6966
5113
3283
627
4845
6196
3530
1410
8006
8742
3449
2799
6982
3346
7362
9215
1868
5907
5544
2791
4989
6899
4908
4034
9392
378
2816
1456
7885
4597
5883
8075
8693
6273
9984
6809
3404
446
1447
984
99
6533
892
2671
1027
4591
6270
6190
1080
1053
4720
9193
8600
1753
5127
6998
4286
5565
7188
485
2401
603
2314
1066
8513
2940
7221
5116
3487
1074
4261
9771
4068
1404
5591
1630
5685
9127
8293
6122
7518
9974
8428
2958
244
5440
5656
7060
5853
4557
7994
4267
5764
8550
154
9488
9147
5185
7836
237
9413
3240
7896
4813
4302
8927
8693
7716
3314
5070
9790
5637
2731
7137
8370
3466
6752
7698
65
8611
3987
3851
7829
6523
4046
3630
4543
6502
3903
999
4853
9478
4516
1956
5250
7249
5787
3289
3805
3646
3734
3613
4013
2894
9470
6324
6968
4680
300
2837
2719
8720
340
7519
508
6718
9645
1817
2483
2983
3309
7016
9031
8355
916
4067
7692
3475
7573
2517
9663
5245
6792
5609
7406
8820
8769
3011
9923
5269
5761
4403
2069
7753
7290
7411
4811
424
7150
8360
6179
5183
9777
7572
5628
1418
1526
7367
9089
3750
1100
8225
2098
7243
2359
2586
3760
1588
8463
7556
2684
4293
2874
1006
512
5241
661
4718
6866
6801
7320
6746
3057
3580
926
9010
2503
3912
5582
8358
7566
6166
7675
3142
1619
8994
1918
3572
3722
3189
9121
2852
4744
7629
5627
4800
8934
4690
2522
3033
5003
4338
7067
8839
4837
5465
9543
9214
2086
9828
4935
4460
8235
8209
7078
251
6378
9274
8352
3613
7758
4776
3066
4804
3729
1583
69
5040
8294
9629
7821
2580
4749
1871
2445
551
4576
7878
6534
5864
3549
6201
2351
1357
7518
3668
8359
8336
2602
3852
9049
2187
8513
641
9755
5017
6267
2028
5338
9249
8361
6214
8298
2788
5537
7894
9267
7472
5849
2650
1302
6040
6358
400
6762
4161
3935
214
3614
8783
313
8472
6979
5966
1337
3874
9598
3349
1442
5880
280
943
7737
2003
9425
5144
9165
9240
8602
3639
3578
7362
1832
7584
9121
221
9126
7815
3924
1735
6099
6684
6946
4835
4302
7362
6507
3778
9260
6035
6497
8879
4589
5210
7594
9939
3517
1158
7344
6297
429
36
4557
7110
345
9008
6346
8539
214
8764
4318
6374
1799
4822
4313
9845
2458
9140
112
263
7503
5083
1194
6636
8278
6490
431
3335
9829
1496
7162
6287
5880
1583
8634
995
7698
471
7150
9529
2478
1266
6527
3410
3630
3811
1465
5033
6159
8942
5028
1496
154
5408
3054
1668
1599
6048
1492
8911
4349
8949
798
2114
4715
8925
4287
5081
6356
9709
5950
424
7660
6351
9912
9418
7561
8541
5176
2889
5603
189
5303
8909
8603
2044
8027
5980
2638
5315
4625
3304
3795
3803
120
7276
7283
4484
2829
8172
6850
5630
8076
7478
3151
1497
9783
8492
4417
202
5911
7591
3689
4360
951
1825
5069
2776
3702
6087
3220
976
9237
4394
4496
2277
3075
1536
3415
7405
4885
2739
5927
7725
7594
1863
6326
668
4260
5353
6583
1948
6628
3363
5707
4795
6830
4403
3295
775
2212
4425
852
7589
4243
9652
9670
4607
4274
1640
3327
3517
6704
1886
7710
7573
8042
5573
8224
175
9147
235
8096
6015
8794
1391
5064
9987
9160
4114
7314
1644
5728
3912
4245
8183
9049
487
5501
8460
1482
4278
810
8234
3245
8836
9509
8645
7753
7352
5625
1743
6309
220
8047
5004
1868
6561
7832
1440
6907
6407
1785
1737
478
3368
2359
5368
6878
6440
8821
4834
2453
2378
7677
9938
1474
3889
2059
6460
3210
4418
7565
556
2543
5943
7078
450
7458
6909
3116
7181
2969
2616
6025
6819
8406
7127
1276
8564
9669
6472
35
5546
3642
5585
9551
3966
1472
9219
3167
425
5909
6435
4698
7792
6426
6066
6114
2610
6911
9509
9777
8125
9561
9074
8763
2985
3692
5772
50
2364
6173
2908
9075
7230
2420
8175
2068
9383
9005
3295
9120
8334
8757
4680
2877
2821
7120
2133
7822
1888
2388
6685
8265
5506
3171
949
9463
610
989
9608
4960
6167
6034
6096
3857
1022
6665
7245
8609
3225
4492
8170
2101
1048
5084
5463
8567
6936
9436
6122
4815
1502
8703
1717
1652
89
4369
7586
3457
7966
7311
9338
1824
5297
6813
8086
7189
3580
6330
5542
5499
8829
2864
1997
9600
6047
2397
8367
1416
5515
2933
3432
6037
7350
3829
9841
9636
8569
1902
3210
6893
9341
2134
3119
2748
6638
5898
3630
7471
9422
9707
1936
1588
4233
6748
7584
3724
2635
4141
3106
1829
9818
4161
8087
522
1551
349
3036
5167
2371
4921
1733
3058
2520
774
9920
9096
6185
7391
1447
2457
9137
1683
2568
9084
428
8454
4596
4912
3643
1784
8046
1462
1482
6862
1028
9638
622
4688
9212
6429
9837
8876
8534
6893
9972
4480
8465
4026
4938
116
8017
6023
3028
741
3133
439
8478
8802
1541
820
7723
3845
65
2527
8191
2703
8469
1483
596
7107
7395
7271
3138
1274
43
6469
1645
8195
1137
6404
7534
5347
3973
3060
9691
6052
2529
5729
6196
1110
3033
3734
3457
5539
9373
681
3263
8016
9805
6393
6358
6206
7500
2614
2589
1240
3206
9803
5511
5976
5405
672
5337
1000
4997
1944
3558
3487
3720
1896
2707
3389
4331
5802
3325
5864
9243
2617
1655
7436
3045
7836
5723
9822
5987
7111
7462
6570
301
5598
9731
1356
8335
9430
2890
2729
7557
7307
173
5161
2788
6394
1186
7288
4982
2959
8504
6054
4577
2037
7533
2809
2844
6590
7805
3640
4613
4362
7913
1567
8398
1383
7904
8940
2667
9441
3089
9693
2607
9541
6834
1346
7511
8779
4473
9888
4261
3292
7120
2241
8731
7928
783
3461
5489
4759
8242
2340
6851
682
8771
2122
6394
4440
6242
7223
2829
6310
8406
4392
5768
1639
444
3199
7731
6016
4822
7079
5705
6825
9180
1688
1718
1723
2130
9564
8373
2186
6375
2453
4646
1783
278
3687
3800
172
7900
6316
6684
3191
9679
5630
8740
1751
6074
6806
4905
2626
6507
7365
6889
6286
4771
7625
4824
5742
4224
5239
5522
4941
9150
9544
7645
2895
4931
2054
7625
1746
3042
2689
4067
660
703
8744
7870
8409
9679
3067
6560
772
6665
699
7123
1230
2359
5464
5552
2685
9900
1794
5491
4342
8344
6160
1471
4509
7280
587
2943
61
4373
6584
8914
3919
8888
5526
9430
219
9668
5887
4134
5864
1547
664
8105
3514
1849
3614
5521
881
2760
9138
7739
9505
7177
9768
4803
7873
4584
1103
1979
9446
610
224
2038
6796
5832
4243
9382
9704
5947
5792
675
629
8556
5146
8722
7075
1620
9173
4789
5841
4238
8315
4711
3930
4735
2903
6981
3453
6776
8935
5396
2160
3423
5715
4888
5928
8753
4161
3573
4280
2731
78
6726
4642
8221
7903
7804
4728
7449
980
7881
1455
9740
4931
9316
2175
1766
9763
8562
3040
3653
4979
6939
7055
4692
1237
4223
7065
8026
5566
132
6118
7731
8582
3805
5510
534
4180
2646
5855
7471
5814
9973
8218
9383
3858
9528
7264
2523
5873
3850
2507
7686
8530
9454
1166
4787
4982
6818
6016
3693
5881
3889
5716
9806
5998
5494
7488
2544
8025
250
8395
8216
7195
3687
1439
4933
8310
3896
8585
4229
8140
9212
1371
3328
6369
4167
885
9294
7465
4381
5361
7960
4727
5564
7549
3443
2724
8977
7516
8289
4224
6959
6608
6748
1912
7941
9897
2726
2894
9794
691
9554
7634
3244
6702
973
9183
8423
2011
2601
9050
8254
777
2112
6448
4712
6714
2059
6395
7287
9116
8830
1138
9798
6202
2541
2561
9997
260
6864
494
3925
2441
8112
1807
8120
3623
6717
5774
1012
4545
1024
3700
9621
4178
6950
4844
5791
4486
4377
3845
3535
1863
8911
8364
2163
826
2532
3437
4311
2970
5342
692
309
5789
8896
2290
6779
39
2968
9837
8979
9982
9740
7429
8908
2136
5659
5560
7438
5345
6344
7027
2172
9515
3993
8220
3955
7294
5894
9067
3740
6557
1908
2442
7700
3626
3210
5861
7998
8526
4885
6975
4910
5322
5200
2277
6804
6791
2927
1543
2254
1229
5609
8887
4793
9522
8949
3922
8218
3795
6145
1504
3595
8475
1377
2551
7836
5839
1444
1298
1058
3561
4387
5032
3707
9661
5134
6884
990
1465
6236
3280
4694
2352
3184
1310
7477
1173
4971
5912
9248
2688
8056
4597
4498
8041
5888
8755
703
1286
5985
7994
5917
7701
8124
2146
2808
5406
9428
5186
6987
7814
6187
800
7866
1330
8567
2209
5504
5481
9743
4066
7142
6461
6327
8020
8909
7603
5296
2335
7893
2931
8481
448
3546
4872
2895
3136
1956
6393
7015
6251
3330
5575
4161
1717
9681
7037
4841
7078
9530
4554
5371
5387
203
6600
8209
1886
6794
7374
7615
1728
897
8278
9910
6970
3633
7088
5872
3594
2068
7323
4496
1428
2043
5088
2554
4828
6106
1202
3343
3014
8036
1682
9759
7496
6389
7983
8488
5740
542
1263
8376
5981
6704
9346
5262
9336
2706
220
4113
3744
5686
4334
7312
13
3151
6814
3858
9994
7300
239
7384
7236
9625
7942
4831
32
432
9177
4561
314
2651
6673
1396
8900
513
5759
9296
5995
1244
8020
2071
9023
9804
5523
9185
6564
8989
5235
7501
7833
9083
7261
5680
8218
6100
2699
7102
2416
6986
7852
7288
3029
9499
7334
1535
363
6482
5895
4513
4449
8562
4431
3841
1946
5821
6583
9305
8804
9654
7758
9577
4819
8157
6777
7411
2145
5248
9384
78
1244
2922
867
2546
8844
9671
5642
6712
8583
884
9230
6882
9416
564
7377
6703
3496
8209
5942
7132
6072
1897
9997
667
3273
8955
2693
4325
6635
775
8905
1228
7849
6962
2082
9534
3108
8695
2166
8956
7641
8903
6897
8984
5976
1036
5204
694
404
2489
1630
7826
5072
4521
2589
5604
5360
5058
1718
8313
238
740
651
4781
9692
3766
3331
1501
3479
3501
8314
7509
7691
481
7256
7363
2462
1933
3262
6899
5693
1500
4546
7488
9276
1067
3100
2183
4267
228
8956
2235
164
7236
1791
475
4135
6837
7610
5818
8311
7011
6743
3641
8327
4348
4853
708
4281
7049
4684
9636
1123
2064
9736
8843
2417
6492
8373
4526
8473
3325
1358
7895
3585
7161
1728
9804
10000
9713
7457
2049
3683
2644
3781
3193
1931
9475
5347
774
5738
8915
5467
6873
2151
502
6509
7737
5424
1859
50
4935
6598
7539
17
7133
6534
7781
7439
2256
7063
1866
7083
7912
82
1812
3651
4722
976
7734
3509
4369
3234
4181
4500
9042
6247
9461
2570
9509
4272
7804
4548
718
4766
279
9030
6194
5257
8166
6040
4977
3669
6042
1955
8992
1491
6170
6347
2815
3765
6771
5674
8095
687
5577
7175
5679
4626
2827
2908
5691
2908
4478
4228
7982
5507
7640
2970
4577
5995
5420
2366
3095
7069
7740
5025
7357
9989
4615
3891
9667
8744
670
3946
814
8100
4190
5409
7007
1937
4358
6815
3877
8276
8230
4000
7232
7313
9389
4360
4274
3958
333
3998
812
854
5435
7736
2928
2677
613
9906
5595
8565
7851
6467
1621
6688
9239
4780
1
5881
2383
3081
3269
4383
7870
7458
4140
4902
6329
4302
6591
972
3119
6894
9240
7720
1917
9840
845
603
3937
7454
845
4076
5970
6608
1553
8108
3265
5625
5257
2687
4002
6089
2371
8462
9722
2680
8962
2799
5184
8605
4796
6720
3989
5636
5020
2366
8235
3028
4498
800
6888
6038
5071
5391
7237
7543
217
1859
4080
3402
2212
3576
9656
2471
1665
9607
1507
1216
817
1199
8911
9435
5790
8349
6134
455
1274
6571
7044
8503
367
9506
7164
2826
4760
9415
1571
2620
3552
8
175
39
411
7297
7553
329
9358
4341
172
7884
4725
965
8810
7958
2235
792
1671
1941
7732
7078
18
2835
5701
9689
1414
6526
6175
2747
8774
6657
1994
3066
6992
634
315
7433
4255
9174
7516
6139
9308
1510
5759
9115
9087
9993
600
3354
6262
3441
2586
2134
3878
7780
1737
6213
1799
9227
8586
7600
6672
6461
7745
9186
352
8019
6322
9788
8462
2894
6919
3394
3786
9317
7931
2398
7769
2852
6610
6226
451
1039
8388
9867
5490
128
2516
8004
4815
6712
5658
9349
6710
1769
1858
4704
1612
4941
8789
8774
6399
3103
3238
4248
7531
3941
256
6353
531
1519
1257
8060
5686
9380
8409
9341
9458
5746
8126
2050
8201
6466
8533
4732
8158
6010
4302
1470
2557
707
8702
258
6495
6620
4972
4038
3977
2433
1943
8246
6628
2748
9578
2665
5134
2373
5654
7624
9138
1339
9786
3931
1998
7278
4839
8488
9471
5991
8973
5499
878
5209
4681
9648
617
5005
1831
677
6847
4421
2934
5330
7309
4927
1639
7675
244
3880
1263
6960
7702
2457
6806
1042
9357
6899
1469
1041
2054
7638
4964
8715
1330
335
9870
3776
6788
3309
2054
667
2965
7525
2431
4188
2528
2061
9304
6645
450
8177
8980
6973
6132
2167
1171
1873
9557
9555
2233
3114
5165
9617
6323
3997
8163
3019
3718
9759
3992
8344
4441
3714
1706
3914
8893
9027
2228
6205
9198
749
4774
8584
5581
7605
3044
490
8936
5144
4148
1899
1535
397
5534
4903
5878
914
4633
7517
8934
11
5499
1406
379
9464
7177
4073
8788
9058
8504
3939
8655
2980
5017
2785
8209
9053
4724
242
9991
2786
6156
173
8651
8033
2328
7767
6826
5677
839
3297
662
1670
5981
9569
6734
3910
169
3528
6266
7994
8963
9602
8237
9592
3186
8157
8285
2512
6623
2092
8624
7602
9806
2546
8391
9129
8400
6724
4838
410
357
9413
8749
1881
6659
2882
2453
8023
5840
3136
1890
3170
2498
7994
330
9634
9497
9588
4331
5726
5200
361
6688
7650
1608
8718
3468
9542
9520
9281
7135
0
6493
4098
5178
6857
9158
228
5258
2348
5718
8313
6491
8570
4470
857
1293
6809
5195
1105
6240
9211
2816
9122
4669
9716
7250
1370
1525
3246
6726
5714
2515
2321
8248
6663
5761
4239
6245
5509
7434
1360
2485
3685
6702
4844
1248
103
410
5727
7432
3723
1050
7294
264
1511
3019
9421
839
4891
7452
6586
2152
2536
444
6242
9266
6852
3449
1039
7386
2570
8332
9736
5820
5499
5568
7796
3653
7463
3027
7085
9881
6521
8080
7379
6219
9780
9939
8698
4780
1912
6949
4213
1643
220
8472
9044
309
6371
8238
9763
603
1411
9781
486
7493
8147
5655
7253
9149
2828
7239
501
7896
2445
5673
8891
7627
3312
2068
8666
2691
9007
1110
3391
2303
252
4152
1900
5091
430
1086
6224
3159
213
758
5376
8555
7115
9305
5459
3446
8907
5806
6544
1641
2742
1995
8320
6503
6255
8803
5100
4880
6396
5316
9227
5887
9787
5722
3248
8209
6275
33
3837
8056
7398
1540
5239
2526
1216
2259
7924
7575
65
2568
9639
6808
3800
2103
4880
5087
7884
2510
3738
1118
2675
3162
6979
425
8450
3932
9801
8601
2170
7445
8286
7568
4294
9712
2837
1935
4661
2312
1793
7004
5040
8627
7277
3008
1524
7076
5495
1289
7473
795
9235
8523
7452
7171
2775
1898
5968
9818
3556
7348
7520
4445
2733
1394
4214
942
7182
8170
7249
1137
4089
4953
8317
4096
6781
2405
4743
4618
7419
414
3984
3486
2576
9166
6685
7546
5720
9339
597
5445
8292
3353
1407
2361
1857
9297
9466
6673
8789
2915
2937
8128
7704
4033
1430
9315
6417
631
6280
1535
7567
3971
7441
4560
6449
3983
337
792
9464
237
1725
6033
2090
6406
2872
352
470
4603
9165
9037
8375
3708
6504
3191
222
207
883
2550
2558
2573
1547
4605
1039
1817
7226
9706
9246
9909
1387
759
4022
6141
4594
1338
3427
9466
5123
416
4883
6040
2696
9449
4311
5659
460
7182
3279
1543
2716
9673
7209
5430
4083
3705
8030
1771
1338
8754
287
2150
9150
9739
5298
1570
2515
1112
2567
3537
2696
6984
2230
5726
3967
1138
212
9906
5455
9064
6130
1232
9346
2953
7880
9825
6119
8046
9437
2401
4473
3652
455
2216
7604
8100
9397
6157
4904
7823
3741
7209
8250
7878
2296
910
2992
9072
4456
737
4941
2773
7257
8859
8845
1496
1490
7453
758
7358
9913
1873
8144
1457
5234
4004
355
9057
9424
6386
9982
9195
3560
3753
6681
7665
6931
254
7033
8405
2492
7154
3456
2882
3013
8216
9328
3211
301
6460
3683
1380
8808
3886
5330
5124
4671
850
2422
2202
5927
5316
3974
2942
2995
2611
7774
8460
9938
9615
698
1214
5631
3447
5040
1562
2631
6310
5868
4427
4661
859
9962
3569
7335
7697
847
2616
1889
2975
2038
7921
2933
8358
5154
3364
660
8154
959
1764
9059
3807
8045
3927
35
3388
3905
2643
9861
1410
70
1201
9509
7933
8625
4753
3304
5815
1664
7679
5301
8955
3925
3995
1479
9870
2323
9068
4055
3715
5780
9255
8530
5223
1922
3232
230
3896
5449
6500
9619
5403
3831
4669
6901
8377
899
861
6729
8210
4715
7594
3326
3233
6255
7372
1795
6548
3958
8894
4835
2410
8607
3510
3330
1505
977
4339
3526
1462
1007
1601
6048
7422
5988
8377
6323
3564
367
6615
9737
3503
1761
7974
6697
7732
6392
1680
2228
8885
5942
2310
2515
3359
9217
1669
9035
7646
7192
3152
816
1384
4672
5475
5014
2761
4392
4908
7854
5732
2967
1273
5832
2494
3810
6764
4745
3302
8631
2695
6511
1374
8104
4799
1575
7407
5837
8507
6042
948
7010
877
1781
2852
162
7752
4770
910
7665
1467
2453
3747
4457
2654
9687
9547
3513
7114
1549
4084
4971
4961
2913
9656
4899
9200
5691
7322
5660
6928
4744
403
2366
6662
9230
5779
6683
1695
1861
2731
3750
6628
4084
1829
3234
8396
8489
1219
1254
6034
8185
9814
9655
96
635
7074
705
477
1975
2283
9356
6378
1918
2852
6455
6768
2510
3495
7438
2016
8357
2492
81
9351
3129
7232
3005
4880
2307
4467
3087
1687
2847
1677
3332
4300
4221
9264
191
3765
8476
9992
5431
6993
318
9246
8025
2166
3850
6620
3259
5619
6356
4124
9125
8211
5164
5166
9481
6917
6972
5927
7253
6543
7989
5340
3264
5507
7631
6360
6739
5
7799
6599
2053
2532
4518
4542
6626
8220
7075
8918
4227
2563
6907
4957
1803
9848
8276
9865
1498
6370
9965
9493
7710
8740
1804
7402
5035
6045
4476
6730
1759
2735
8401
6431
7620
6985
2302
1069
7378
8525
4339
4744
8773
7193
3043
4095
1440
1740
69
6772
4049
4851
2375
7959
2198
9058
9802
1043
3453
7076
3833
4979
8768
6809
8137
2843
2407
9974
6188
1946
3839
3397
1710
4866
9161
6914
3863
7742
2769
8872
1029
1205
8046
5732
5090
5893
1614
2438
9245
5824
8927
4923
4448
8787
1180
2509
1279
5891
5113
4305
621
7223
3296
2817
5780
7095
8757
2438
2697
7928
5992
1550
7841
4773
4250
4801
8648
9819
1743
4936
453
8611
5750
4808
6589
4366
9252
5933
3524
3757
711
8687
2825
1846
6556
6761
6596
14
3419
3502
8526
6135
2426
7140
6198
3241
1961
7058
9930
3034
777
8916
2329
5715
8878
5898
5031
9124
9950
7130
985
485
8573
9118
6134
9496
9674
2204
3266
6632
6962
6009
6927
2214
2755
5945
6965
3959
8546
1362
8633
6444
5775
4549
4787
2473
3850
4418
1065
2698
2456
7020
1548
7824
3473
4644
7604
1568
5728
449
7158
8553
3810
7045
3083
3583
4555
6632
5389
487
795
3541
3417
9170
3172
224
8253
1841
7634
4709
6906
9369
1762
7755
3662
9111
2676
4116
5173
8407
8194
1941
7117
2955
9752
7180
3943
5387
5046
4654
1827
8545
6202
4116
6506
4647
9464
8158
8240
8257
8645
4572
3155
1411
2260
7611
6968
3003
5370
8356
5953
7706
6910
8010
5987
9153
990
2078
9078
3779
7913
1456
9668
3794
144
4265
646
6109
2298
531
6377
5357
1522
5759
9205
8958
205
7068
3745
5090
4719
9448
5388
1359
8139
2916
7893
2556
1194
1491
4286
7631
4110
5931
5332
5453
6435
6804
3309
2815
5854
2414
1235
7262
6537
9923
9642
6641
4381
9991
2835
2611
1649
6734
8174
2323
1217
5248
9711
8752
6813
8981
11
9502
7143
3680
1003
8393
3458
7762
1464
8209
849
511
1539
8138
8868
3857
9938
737
8867
6241
7366
6030
4281
5399
4514
8376
9890
930
8431
3723
6605
2745
2597
4951
6740
1726
1993
8902
6517
8415
6736
1577
1065
1271
5834
4781
7571
3657
7056
3465
2324
4847
3613
3087
819
1473
3166
9798
4110
3566
8464
8387
1111
5093
1358
7159
8452
2014
6786
3742
1345
6149
8246
7057
6787
3398
9913
664
505
7916
1261
4189
5868
2474
4181
4808
1318
2718
1498
4691
5759
2169
8363
2201
7618
4259
5008
6097
1448
2291
7657
5176
9349
5383
7382
2568
4993
8596
9033
9882
3704
9189
7257
2638
2854
4204
311
8855
2300
7202
5927
6469
4793
9411
8423
1396
47
1292
9380
2408
4415
6683
9122
962
5541
6211
177
4119
7145
2990
1609
3268
9865
6312
796
5142
768
7713
6549
2370
5171
2567
3418
8777
8028
4232
2027
8536
5694
8072
3023
9210
424
5111
8524
7384
4344
7264
885
8498
7095
6551
5759
3988
7999
1472
5207
4158
198
401
1850
193
7275
3685
664
3991
2001
1219
4692
6162
9593
6307
6287
4195
2607
640
643
4758
6635
1258
1980
3590
6588
9768
4018
9452
1126
2220
7021
4802
9479
7488
4281
6750
5307
4080
201
2858
1602
5490
8635
2889
3173
779
6472
1952
4658
1192
275
4561
6940
2957
1282
1406
1786
9426
7895
4039
7371
8945
6141
8638
6560
7536
4735
5933
6443
2794
5953
6408
2907
8392
7335
2484
5029
8196
8202
3187
1761
414
5014
7430
5554
5841
1082
7375
3960
2924
8439
630
9349
7429
6956
1622
5101
3939
5580
6138
5332
9702
1113
8946
5589
4060
7910
1563
2117
7734
1500
2593
335
6231
8612
9961
3150
6462
5500
1012
5410
8305
649
3880
5639
6501
8567
7509
6463
2699
3106
9113
1381
4690
4507
9880
6610
4193
8614
1851
8898
871
3637
7
1061
8205
2916
89
852
5936
7417
1539
583
4834
1871
7315
4022
6275
6394
1347
272
7520
507
5322
4745
2819
2984
7929
4802
3628
8444
354
9975
2297
898
1120
2372
2430
5277
7821
4663
1184
2762
3304
8629
8685
2656
5819
5572
1113
6212
6844
7275
4350
7475
5859
2179
2166
6310
317
4786
75
9027
6279
8265
707
2485
2291
2223
6588
4879
4340
4163
3799
3530
7507
5549
5186
5558
4722
1340
3628
4845
7985
8506
1104
5144
8072
313
5719
1120
9011
8316
6416
235
1063
6415
6385
8342
991
599
3199
1787
6652
1900
9956
8295
2686
8360
1652
2904
2378
6215
4115
1498
1203
1009
6103
400
9779
8242
2160
1785
4694
4873
5230
4962
1404
5005
9706
7252
8931
5607
4701
8927
528
2994
5616
2297
1554
2041
3008
151
1895
5689
6213
8167
1789
4038
7391
4976
3343
612
4061
9432
8092
1081
4539
4201
2523
5756
1533
399
7781
4890
5602
706
5094
4080
3857
6519
44
6582
6196
4755
5004
2388
1841
1999
3199
1065
6794
1838
4096
7943
1046
2604
3790
9996
3366
6701
1463
2504
8543
4644
8072
7184
6528
342
6373
739
7794
846
8309
7283
4432
4963
8628
8303
4258
6259
8724
2260
192
5580
8140
9851
5464
4866
7860
1613
7258
7054
5379
3694
6122
3438
6556
9794
571
9799
65
560
1850
5847
5479
2820
2613
935
3156
3472
6924
326
8352
5738
7961
6082
3685
2550
9141
2930
3330
3465
1846
4713
9867
8434
5041
5741
3855
6148
8225
6244
4130
9353
2885
462
665
1021
9757
6895
3856
8498
9967
4631
8878
8870
4895
1706
133
5845
5703
6020
7668
6178
1781
6235
6645
6755
1250
7570
6032
5048
1346
5839
9245
3651
8088
286
2344
8122
967
276
432
4459
369
934
9483
9976
7983
5011
3662
2080
8792
3330
5948
5848
1304
6393
8719
7802
5338
7938
2984
2362
8067
7265
1055
1021
9044
5189
9513
6397
9173
2787
4389
6221
6170
4846
34
9187
3011
763
7531
4241
3043
1124
8928
9548
8395
1960
9856
2960
3443
7319
4884
1066
8347
4111
9233
9535
4061
4675
4438
8373
8596
122
909
7842
1033
6004
7936
1484
8305
2089
5173
89
2426
4032
7142
4125
1303
5367
9930
5740
859
8796
9125
9351
7216
2882
3081
6049
1520
9541
2712
6505
212
6896
2682
1409
6097
9456
7699
1904
1138
4014
7512
9929
5995
5813
3343
4322
3703
323
8088
550
3519
3524
3506
1476
7613
2153
5946
8698
82
6531
1296
2781
3877
4880
632
2447
5534
395
4680
6788
4548
5666
5579
4135
9777
8295
2848
3476
9938
1586
2082
2302
5900
8515
6704
835
3521
3646
9902
7680
5992
2472
3056
8951
5766
2856
5640
569
5337
7988
3773
8010
491
3270
389
4950
6312
9306
3377
4705
7889
4589
3616
9220
1196
5787
6403
6051
3683
9550
4694
6012
3174
9928
7331
3265
6415
6355
4043
7895
7491
8872
687
69
3407
8426
7007
9717
5626
3607
6090
7378
8186
9123
22
3199
1044
7611
1322
3625
7
4899
3775
4713
5633
3397
2
5059
710
2513
4768
6072
8114
1462
5965
9311
4089
6961
6597
5766
9756
7750
8858
6865
7217
9136
3469
5804
1415
803
7882
7959
9746
4621
6557
3160
2022
462
1034
2042
9124
2741
9760
837
9049
8365
6719
9529
3169
8434
9039
2307
8143
8840
4847
1192
9492
1531
9852
5248
4621
3135
2717
2970
9024
7074
642
117
2179
2294
9538
4115
2180
4053
5612
1248
7573
2825
3597
7436
4048
7131
7036
5168
8271
8866
7562
348
2397
6551
8923
6350
4313
4284
8276
1594
5295
9121
1321
2774
3228
7237
9801
5716
3900
6539
8125
4901
6354
1437
9938
8750
4180
1304
7957
6164
610
1490
7394
4382
4564
5981
8992
9722
1998
8947
7930
7123
8569
6847
371
1446
8041
9062
6724
9349
4442
9739
1424
6990
865
4934
7432
2256
8991
4645
2084
9368
4933
8049
5267
8468
6949
2008
2921
8698
6423
1952
9745
8398
5989
1516
4825
3708
5640
1783
6200
478
3038
5473
3095
7456
7572
3602
3943
7813
8140
9339
9962
8355
363
5301
2678
7096
6483
5242
4479
7911
8281
6835
6692
8742
5461
8795
9531
3812
9429
2579
7397
1726
6044
742
7178
1368
7908
4098
3661
3036
6686
8615
8755
4538
8985
6429
1235
5739
4614
8416
5448
7755
5692
1144
5871
9975
4320
1802
7187
5931
1372
7536
4568
511
6974
1342
3828
7018
9746
2988
102
8544
5316
1071
406
4597
1860
9734
6212
4253
4068
9953
1395
7459
5635
4593
9223
4904
6381
2000
6611
7134
5820
732
8942
2723
4653
1424
7242
6567
5722
7645
1731
904
6534
6456
4210
7252
7886
9060
8695
529
5682
197
1288
9937
6425
7733
7462
1608
342
7262
2384
8515
7471
779
1681
1838
7341
9543
1719
5768
9679
8566
8506
7405
2025
9480
8778
4694
7236
1919
9234
6921
2507
2236
697
8519
4291
270
8708
6942
3663
3645
1390
7742
2217
4075
4371
5305
8624
8617
6934
5604
4633
5724
9971
3319
723
1237
7960
6314
1263
7351
2646
2596
8189
7995
1478
1273
5545
851
1599
7008
7956
6490
8379
2485
5646
3121
9938
8891
5550
4920
5260
9395
9152
8480
1671
4010
1136
8588
8312
5152
2365
7743
6598
2035
5233
6132
3297
123
4001
143
7003
9851
3902
2215
6002
2833
3714
6761
1418
7160
5842
7675
4843
4689
16
9792
6334
8032
8559
3278
8556
5053
3197
2601
7996
113
1132
5526
877
3942
6185
9143
9295
8312
6521
6247
6434
3533
2785
6429
1272
9109
4320
6570
6966
7831
4888
2937
9899
9208
7813
2717
8019
999
5334
1845
2375
7565
455
9877
3169
9677
7027
6242
2016
5502
6937
9343
8764
3858
3580
295
115
2639
6814
5010
1904
1351
9661
1071
853
3317
6034
7393
9548
299
1328
4722
5205
9943
802
4638
3810
4839
7278
6391
739
93
4611
2319
9959
3131
6461
617
7309
1383
1163
8315
1538
1060
8484
4975
4393
4877
5312
5181
637
6396
6396
8195
197
9647
9058
7795
1360
8285
8281
6181
4804
2100
5314
4430
9022
4237
3286
6635
5554
3073
4320
8927
162
7171
2777
9150
2071
4530
2385
3817
6831
2896
3081
4066
1182
1106
3826
1018
9200
3416
5334
4556
7536
7161
6894
5513
2647
5431
5857
5798
5281
6936
2018
4539
9530
5404
7138
932
6290
1737
3059
6453
8998
3372
7087
4039
427
7229
5814
3517
5254
7095
1093
2623
5640
5598
98
8823
443
8915
2971
9375
9211
9851
1946
7983
8802
9567
3922
3009
2618
2266
1725
9919
5565
8670
9867
7736
1377
8566
1305
1827
4977
246
1762
3162
1771
2431
8217
2706
3382
5422
9196
9440
9726
7411
7096
1672
6073
7590
8980
8588
6289
1160
3010
9412
9515
892
7451
1423
7570
2461
137
1364
2858
3734
5937
5793
654
6754
5043
74
3176
1889
2829
4469
9777
6707
1048
1514
8125
8937
7042
6185
2165
9532
6378
9563
203
9259
2315
2015
6896
3501
1911
3930
5940
4790
320
8231
5990
1574
7269
20
5267
6021
2050
9692
9818
3518
596
6458
6169
1530
6411
2527
2622
7096
1818
7015
7156
6459
451
3609
8608
971
1659
2577
11
1558
179
463
1251
7790
6008
2276
3615
7776
3553
802
4540
3130
6718
8601
2575
8024
417
2093
7309
786
149
3663
1403
1981
6955
5790
9573
3909
5615
2545
2434
9787
646
1651
3416
7076
3207
7968
7438
8842
1635
531
3352
9103
6286
5979
6884
7932
20
7984
4121
8845
7909
659
4212
7970
2158
614
8038
2850
3909
4
1067
846
1818
1500
3667
9066
2970
7665
8430
9003
6029
499
500
4216
2248
4659
5837
837
7385
8601
3
2103
621
5169
4332
1106
8813
1245
1837
1133
4315
1518
6067
7607
1277
8471
9720
3976
9091
9709
2384
8846
2037
9565
5010
4523
7263
5777
9607
1847
450
4891
5594
7970
126
5803
855
6970
336
6995
7889
9834
2573
7833
2051
5422
3383
3495
2547
124
5369
8493
5706
2176
4471
1983
7366
1710
6614
3839
5594
1290
4016
4891
7827
9999
9765
4844
4791
3217
7009
5662
1301
2038
8807
1410
7848
8923
8535
4256
2072
1044
7700
7317
5190
2700
9190
6279
9755
9532
9615
6945
8266
8294
7247
5078
8064
5006
3729
4025
811
2016
3527
2770
6418
2723
4203
9531
9714
3141
977
2469
4432
6089
8253
1191
7485
1469
8625
6024
4739
286
7873
8329
1638
6761
8662
3834
563
8917
51
9192
7953
7314
1289
9788
7830
4993
8859
9220
7240
9020
733
2049
5007
4116
9998
6769
6757
4674
1045
3
3433
1047
267
8581
216
3397
9085
5173
2963
6127
6691
8657
7193
9176
7964
4781
2963
8981
7757
5925
2055
2472
9649
2400
2662
1926
3456
7112
2610
2449
7728
1772
5513
7624
8166
3318
4324
6850
1132
1899
8523
8874
6663
3811
9780
9839
7510
3135
6943
4463
4965
3524
3748
3484
2382
7590
8854
3264
3495
6598
3872
3373
7800
6694
1183
6162
9610
1740
3138
4975
9755
9114
6107
4410
6731
1904
7251
7322
6846
7943
1753
737
816
7092
5003
7810
13
5514
1609
9404
92
3417
3306
4639
2603
6146
7575
8315
8545
2335
4032
9761
5868
8861
6600
6008
2708
967
8930
9252
7923
9168
7763
7761
9589
116
7889
3982
4781
7267
6333
4328
8837
9924
1755
558
1865
6794
9287
9032
5605
9879
1709
2735
7099
7440
9548
9336
1262
5314
4833
3708
1989
6917
2736
1637
1810
1548
8724
1320
4556
7555
3907
5193
6626
6393
8103
4675
1975
1969
6680
8148
4081
5081
8947
9442
7024
5751
461
9565
6314
3365
7432
9773
6696
1769
3437
4263
5288
2384
1582
2580
8436
4964
37
7259
5544
2355
7243
4873
998
6570
7137
7778
31
9845
6973
5436
5301
5308
3870
7030
4866
726
3046
1586
547
5586
4154
4212
7853
8038
4436
6484
9624
9986
8177
8825
4242
824
6126
2110
9427
8657
5594
5242
7597
1077
2332
6585
4225
4056
757
6798
1005
6926
3340
9960
543
3878
6698
7394
9867
9084
6146
4025
9242
7480
3437
4482
4442
8852
2935
6866
9479
4698
2050
7481
7911
7375
6267
5568
8711
623
8093
2272
8289
5789
4911
2581
9896
2046
9333
331
5818
5821
3946
9431
1905
5618
389
8294
2564
328
3933
5452
733
3383
6377
5344
4776
4866
4474
767
390
3322
9252
442
9104
4885
2770
2735
6844
2174
8424
7015
8887
3926
14
335
5053
2638
7546
8878
4723
382
6932
6186
8968
1647
9438
8742
3986
2545
7105
1136
789
8332
6175
6354
3472
2057
8947
7176
3651
3556
1234
552
1394
6800
1683
1659
7632
6217
3058
2247
5754
6949
71
8936
754
1689
865
8129
7166
5884
2028
4397
5465
529
5679
6384
8162
4007
7672
7687
8088
6160
2299
5116
8499
9263
7697
7457
3547
9731
7525
6684
9163
2004
3753
2741
3545
203
8057
5221
7098
9818
7326
2212
4352
5990
3250
6471
9484
8349
2867
3122
8675
609
95
9957
473
1280
207
8592
4135
8554
3282
3114
5432
6011
7007
7161
5483
7098
3191
3391
9903
3909
9234
3304
4994
6769
6737
8392
8819
4239
1586
853
2140
4114
2250
2671
2814
3033
7474
4372
1346
6972
4660
1594
6813
9499
6731
8311
5120
1723
2017
8514
2208
6704
9988
4687
3988
1614
4813
1938
7725
700
492
2863
6243
5944
9593
4745
6541
5681
4992
8358
5423
2456
8979
8189
846
5002
9463
754
4127
4877
1490
6028
2344
4689
8915
1751
2531
5362
5636
6394
5601
8654
1783
2924
1798
2436
3470
1180
1921
1515
1912
6180
9447
5805
9523
174
7410
5259
7345
5697
5237
2722
4533
7933
7185
649
5323
2932
4262
730
8758
2224
5976
1707
124
4106
7900
9073
199
3199
4991
4187
2082
6296
2578
5529
6202
733
8928
1037
1148
2586
3770
4252
4051
8243
626
9596
2787
3546
4010
5725
7875
9848
6302
7055
3926
559
1916
660
8385
4455
8149
5910
6219
901
683
1517
2165
3829
4057
2057
1077
1310
9359
1252
4627
3861
5370
2927
6074
3956
3846
2693
5095
1322
2744
3859
635
4467
9776
9279
6060
5843
1167
6203
8883
2246
2584
1109
5542
6241
4807
5008
9175
3096
6541
1335
9457
2383
8926
4407
3066
5025
8803
2937
8681
1271
5877
4006
8325
1390
1717
5692
3363
1930
765
7016
5605
9678
6172
8814
5994
6076
2281
7702
6603
7819
138
6423
4429
6335
2405
6351
3080
9449
2526
4912
8948
1726
8107
8986
9208
3256
555
6646
6277
5838
3794
402
3387
1254
926
5769
2982
4770
851
7500
3640
7194
8250
7099
7875
6599
9892
1431
7665
8209
2445
136
206
2625
9508
9489
2661
6287
377
5338
1051
5684
3126
9417
7974
75
6204
4966
2792
4198
2672
4275
8632
2753
3585
2456
190
1418
2605
8356
7998
4447
7078
3095
6666
7553
2039
9198
8821
7389
6866
6349
3489
5759
6186
2848
3745
9870
1888
7691
956
1012
228
2991
3003
6292
3758
1128
1274
1264
4438
7864
4539
1421
1905
2222
6933
4012
1973
7773
1981
3294
806
8553
6418
5049
8924
9954
7569
6477
6972
2196
7868
3988
8380
2701
6193
4385
4202
3674
9852
7589
8400
9356
4154
6228
9069
5933
8996
8993
6808
4260
303
7292
6627
9388
7571
8045
8901
1474
1579
5661
117
9218
3010
935
831
5891
8194
7626
9380
6056
1266
8971
6693
9441
8136
9159
4513
687
1184
2434
1980
1917
1967
8314
5931
8447
1021
6812
2608
7513
7862
5298
1796
2176
2183
8533
329
4025
2608
1293
3433
4768
7894
2798
8353
9756
4320
9884
9238
5456
6031
8677
8270
3210
298
8205
7984
1638
9189
3642
7969
9610
5247
9685
5529
3757
8608
3369
719
2797
4137
375
8730
4201
1102
7734
2590
4874
6304
2937
3382
5406
6628
3008
4571
7724
8595
9582
3655
6399
5024
8422
408
7339
720
8006
402
779
3156
6182
43
1537
3935
4906
214
4238
6147
1656
2568
3639
3230
3230
729
417
9285
8205
6134
5773
7959
5369
1446
4936
2330
8469
8623
2808
6516
5075
1858
3117
9618
2414
3523
2761
7100
5837
8460
2148
2006
4475
3515
2134
2259
2044
9690
3361
2507
6719
6804
1568
2139
6815
1301
9280
2942
8455
4861
2304
5134
1666
260
5556
9624
8715
4376
3591
9081
6064
6377
383
7843
8795
8344
4311
1123
7713
819
8069
7881
8753
4552
2640
7291
9121
941
5765
8303
1052
1287
4251
820
3860
6983
1263
4659
5556
5929
7909
534
5989
6010
6461
656
8887
4526
1835
8070
9847
8640
8651
1942
1289
798
8664
7355
6612
2717
6440
9745
1241
2503
8413
4959
8221
7750
6059
3538
7919
1445
8145
7893
5251
44
1833
2077
9487
583
4529
4948
590
1108
5661
369
649
9664
6650
4246
9889
3617
5659
3895
8307
5468
5186
5133
7513
8603
5308
2748
7238
5807
4333
1802
7417
3838
5050
8704
5829
4172
37
5714
4280
6450
1392
6375
4989
3761
4442
4162
4426
9277
7614
6603
7458
2155
7684
2115
4260
9646
8713
6833
9707
1322
3526
4804
2676
7534
6533
9251
650
4091
3419
9291
180
9909
261
8396
2585
8054
4258
8922
282
5002
1685
4324
1172
2110
7574
2258
5267
5982
2981
6755
4077
3803
1593
924
4958
8641
8131
4757
72
6052
6555
2659
6873
702
1737
6380
5021
1584
8904
3089
4153
4346
9212
2092
9132
9027
6661
8343
2720
151
7486
6160
8117
1560
2776
2139
2716
7332
4766
2136
9766
2277
5427
6744
9842
2867
7117
1631
1418
1213
2833
3614
7540
2074
1605
9645
9040
3565
2047
9088
9511
9988
1880
63
3951
3071
1629
6432
297
3564
8665
6855
386
3937
2960
9767
5025
6771
2636
290
7358
1728
2196
2962
1718
6696
3956
9763
8338
3470
4768
660
1426
5929
356
3988
7648
6179
2088
3821
2026
9594
2244
3706
5343
215
2459
5773
3914
8694
5119
9444
6444
6759
5189
203
2759
5536
2223
8287
843
4130
8420
3545
7817
8397
5509
6251
1101
1562
693
8332
540
3553
432
4172
9700
8305
9614
1406
3801
833
196
8609
7310
6257
4763
8113
7371
2230
7749
8066
2413
7480
8556
3609
1764
1293
6560
1142
113
150
7937
8948
1973
9552
6615
3707
7621
3539
4579
1771
3329
7767
6251
9590
6411
8966
1748
4419
3267
6133
1896
3350
9997
2628
6270
6570
3203
6614
5173
9101
6976
2647
4852
2106
4175
3191
6761
9677
8704
1653
2201
3729
2464
1412
3327
9278
1387
8792
3708
9108
2017
2809
1932
2823
4437
6998
3615
7277
432
3215
7156
1562
5109
3528
9749
872
4552
182
5603
1411
3675
6220
5759
1382
9461
2139
8036
5156
1669
1988
4576
9261
3584
9427
5710
1437
7697
4961
2798
4230
7246
2241
1332
3469
1705
4114
4284
6940
7707
8788
5406
544
2571
7448
2769
3752
7216
1732
7525
7377
8016
2902
7896
2142
5402
313
1944
1058
4349
1067
4032
8116
3131
1479
6306
9354
3545
3306
9000
7139
250
6524
4258
7231
8055
9770
8091
4948
3022
6909
3105
8684
9011
961
869
1833
148
4415
4750
9894
7018
1990
722
7578
5285
9589
5892
5486
3523
2180
1386
3054
8545
262
7430
5338
9844
2552
5309
4301
1144
9983
2014
3358
3043
5363
6135
8470
9011
7570
9283
3160
3235
2843
2165
486
2714
833
1041
7996
8389
441
1520
1809
1373
3275
2792
784
4903
9633
9232
6231
3253
187
6402
884
2882
3976
7566
8350
5976
4220
1867
9771
4549
9086
6593
6724
6046
1409
3924
4649
2229
6987
3269
7180
8991
1558
8415
4482
6600
5849
2921
339
7940
3260
9862
7320
9472
522
7508
549
5613
8745
7458
3855
3865
8533
1658
1589
8239
9364
6070
8234
5136
5801
3365
9353
961
7805
186
9741
9262
2478
2739
9896
466
7707
8315
6879
6425
4465
2345
1572
3531
9611
2275
6207
2845
1414
5742
4400
1166
3270
4878
5144
1406
439
8061
6261
9570
4229
6227
3304
6707
8821
2539
8871
9090
5377
3517
8845
7927
4408
3124
853
5566
602
9467
1180
7287
2872
929
4917
9272
9740
1203
6000
7154
6044
8009
8525
7373
7993
786
5748
9769
3446
9913
8366
155
5951
5966
9738
2540
5154
145
6772
5424
255
395
455
7078
6349
8991
5568
3684
8262
6655
1390
7783
3391
9712
7689
7459
184
3245
4702
7562
6556
9409
2630
4445
3960
84
6573
4115
2237
7491
9902
8854
7499
793
6773
1803
8904
3589
7754
398
6671
7325
4437
1897
7187
7373
8553
9459
1299
898
3366
197
5894
3856
5139
4248
3886
5437
4736
5687
5413
9072
2199
4335
4712
2388
5282
9778
705
3729
7
3531
8361
6359
6987
5534
4449
9498
7259
7826
6582
8991
5237
3120
6076
8760
4781
6789
9937
8038
3858
1464
1454
8749
9836
4872
1704
5633
7855
5293
1689
8234
8373
6319
5493
6485
4134
4257
4626
9734
2675
6394
4404
8534
1434
617
9401
8393
3738
3835
9944
6750
1131
6809
6771
8282
9031
5008
6180
9920
3836
616
6404
4447
3842
8080
2307
9726
4788
2591
3120
2284
9860
4182
2687
7048
8329
2889
3233
3358
685
7090
228
1585
6913
5187
5336
267
2821
1471
3327
787
6666
4894
1496
6744
9081
2854
5756
1992
2261
4993
4069
3257
6933
7535
392
1637
855
3009
6446
4958
9958
2261
6001
575
4645
7206
5420
7944
1928
8993
3493
7027
5943
8360
4122
2867
3231
7796
6126
1921
7559
7371
1517
507
2784
8522
9201
9103
7877
1926
8430
3280
4099
1531
1954
2143
5603
3057
4464
4383
9898
9695
5072
3850
2986
3356
2918
1205
1683
9292
2594
7105
4653
6358
9183
3905
6791
2980
809
6066
2264
3596
1346
9857
6340
4296
2679
5831
1971
3555
5557
9336
1763
4736
3306
5707
8506
6722
3690
9929
1140
1009
4347
616
1707
7719
5373
1757
9908
3120
4776
9581
1618
4703
7752
5288
914
5746
940
4680
6727
2953
2648
8283
5414
2130
9779
3926
8203
7027
7629
5150
8868
9724
1011
7909
4415
1571
2466
2306
1193
210
1308
1094
4968
2805
7699
860
4996
3164
792
4882
8256
5648
7785
7220
61
3178
1083
9367
8396
1339
5454
8816
1133
7802
7508
5438
5235
1696
1952
8323
8837
2425
4234
9322
1499
9172
5155
5274
5669
4516
1555
1542
5645
1214
2680
3484
5839
3597
1142
7812
456
4807
4733
9522
5136
668
3511
83
4267
2993
8034
5124
5658
7373
5764
4676
9148
9519
145
8856
1748
1524
2560
7894
7025
7461
1055
493
698
1967
3762
4535
9033
5436
3636
2049
6821
1774
95
1954
1340
4493
802
971
7861
2587
5679
2257
5111
756
8487
8669
3320
7921
7524
1405
8670
2631
3004
1646
1170
2177
4339
9482
7364
5092
4846
2227
6486
8045
4854
7293
9941
5980
8306
1128
8714
5362
1587
8519
172
3659
4195
8708
2554
9234
487
4369
3137
4664
9368
9025
9995
5874
2940
4322
7130
7091
7031
9112
6958
653
9663
2847
3675
6141
891
6627
7514
9822
4562
1479
3248
1875
7180
1320
6639
1425
8942
9813
6361
3650
8767
8887
7700
7498
8590
8221
3824
9444
3438
1739
2773
7925
6677
4962
1777
7636
3213
1587
1525
9179
3445
6330
9710
9770
1644
7033
3407
6289
6063
9968
9615
2178
5177
6652
5677
8509
2375
2055
8029
3106
7274
7608
5573
1338
9909
9858
8069
1199
8158
3246
4606
7691
473
545
3970
3104
4298
4558
4991
6434
9264
445
1343
7524
651
4789
9461
4918
9430
9695
3059
4082
2143
2376
3482
4671
9729
6758
9476
1845
6875
3567
846
7330
1224
6946
4323
116
6347
9370
2056
2122
7725
5861
5701
6865
4479
8425
13
7189
1181
594
4743
9311
4852
4126
5970
6925
4858
1889
3517
1073
6276
2382
947
4817
5970
614
6326
4228
2257
1773
1257
7597
7203
9079
4719
414
6535
59
3342
5960
9600
1323
60
1086
3615
2372
486
3100
6700
7515
326
1697
4828
3171
1238
4353
356
8342
7744
2782
1400
7436
8939
7342
5375
3381
9760
2235
6396
8723
7900
4382
8866
6718
8672
1409
6815
2644
7595
6308
3953
3827
471
5991
1555
6204
2962
4135
2956
3540
6764
8661
2751
231
7287
865
6572
4909
2708
3966
4608
6716
6905
4524
6149
2040
7867
5435
3716
5275
607
1229
6480
8206
5568
5426
5582
6694
8134
7882
1593
2485
6026
2161
6663
5297
6236
9203
9275
1954
6237
7134
2750
4238
9157
4895
7261
4247
2237
6470
599
1592
70
3424
6534
8736
1746
7689
535
5410
9136
8054
2159
8877
87
8190
2122
3317
6874
6752
8958
1725
5152
5119
4052
3849
6378
3708
4860
2650
5531
6813
4431
3763
5825
3085
8771
5234
9492
8128
3107
9418
3756
599
851
4804
553
8490
3842
9740
2080
7961
4544
6038
5598
7243
2404
3779
3232
8460
6772
851
4775
9539
1823
3236
3998
7094
4791
5878
3949
9867
8231
1907
1882
6670
4157
8164
382
8683
2613
8971
8045
1870
7488
3699
5439
3384
5604
6060
4839
8474
1111
5742
4783
8885
3403
5398
4622
1412
3820
880
2121
9539
6040
8552
1488
424
444
7372
2981
3350
9845
3367
1786
6256
9141
7710
1611
4095
5630
6156
8620
7056
1816
8545
8804
3032
8009
9486
1958
8316
8228
7975
4232
6718
5198
2381
5196
270
161
8377
360
2167
3128
7005
9576
2721
894
8646
6146
7403
1168
9399
1385
1269
5805
7699
8833
6957
4091
4512
5088
5368
6485
3231
3764
3535
5859
7727
475
6490
2035
8246
2988
8915
3319
6794
3159
7984
308
2934
2802
3972
1569
4230
7913
283
676
3967
6323
9652
1032
9407
9152
8739
7730
3756
5846
9738
5590
9763
3229
7083
9621
5908
4450
6072
5899
1403
8546
855
4948
2146
7706
2585
9390
6858
2303
899
3266
6719
5801
13
1094
2595
9427
4029
2781
1507
941
8952
2028
184
2545
718
4096
234
1863
6737
8412
6111
1579
6550
7797
2514
2855
4130
3169
6617
1251
2958
1744
8680
8006
3768
5219
1441
305
7941
5306
1933
5214
4532
8648
8197
5278
2417
9985
6171
9287
2824
5221
3718
1792
1377
9101
4857
631
4667
4858
5053
4588
6466
3193
6228
1188
6370
8563
4817
297
4864
1062
6076
1344
9269
6536
3786
9164
7940
3808
5269
6105
5335
580
9172
4461
6497
5949
2541
9625
5261
569
7665
2933
4910
8130
736
363
892
3916
9690
3661
4090
4123
5202
9956
7254
6829
7316
9014
4950
4774
4447
4342
3381
6203
6620
3277
9640
7567
5415
278
4932
9095
6412
9230
1172
8359
5768
9385
7018
2284
5051
9392
895
6534
6654
7284
9193
3723
396
2614
8004
820
8252
2456
1448
5856
8414
9749
6191
7195
4548
6769
8455
4327
1126
8536
2540
3353
1025
4400
5993
5778
2904
7151
1191
8050
5549
9497
3256
6177
930
8703
3809
6024
5114
7613
4247
8715
7796
9777
9644
9137
5840
8295
3912
1248
4737
7312
8405
4280
5529
3955
8266
151
4773
1230
7940
4455
1086
7554
9564
5296
6157
5788
3580
5271
7315
8130
2267
9383
7232
9613
9449
8056
3544
478
5041
8951
9780
8636
2203
4274
9544
7746
9210
9863
4345
3290
9840
8998
284
5135
4084
7210
5795
5060
5734
4111
8537
9074
9374
6543
9053
2238
4795
8268
3126
7767
5838
8174
8825
8239
476
3986
1714
9664
9540
1105
9216
3193
8073
7231
9983
7914
649
6147
8187
5227
3508
8368
2876
7141
9364
8069
8725
5244
1867
2911
8803
2714
2970
3941
7953
5242
1796
31
9379
7889
3891
7634
4167
1450
7303
4758
8757
8491
7156
6077
514
4650
2307
8643
4337
8500
539
5047
9991
5494
2696
5562
5308
859
8160
6779
7206
6361
5227
3955
5133
5764
5343
2081
2429
2734
1973
8653
9899
6619
5007
3176
155
838
8272
7198
6019
4458
5217
5110
8945
1710
180
4345
8214
6512
5595
579
2493
6047
4003
8675
9366
1392
875
7282
1531
15
3768
1695
5823
9396
5204
8936
2758
8945
7189
2203
9578
8648
4691
3448
7463
47
6933
410
9334
9923
1555
8398
3994
8949
9646
60
474
9511
7046
3588
7792
3961
6151
3410
7426
8826
1404
1934
6327
5247
1835
2696
2569
9849
752
597
4704
4372
4523
4762
4737
4980
5141
2754
3382
9375
2526
1683
5164
3192
9945
7226
7950
3727
9031
954
4649
9332
5167
7200
2904
7090
6801
3766
5099
8761
4579
911
6257
9486
8072
5321
9513
6561
5202
3929
87
8458
1680
7198
1770
7362
5967
129
3700
9844
5856
3881
9165
2745
6629
2895
2513
8230
770
3321
1726
81
1945
9318
3558
9184
6917
3312
358
9948
5817
769
3775
9193
5348
4076
658
2061
8401
3485
5491
3046
3381
183
4855
9391
3006
9354
7929
1948
4767
5649
2508
846
6948
2040
7668
3237
1019
8335
3285
5232
5988
9022
2186
8592
365
8733
5470
9047
3097
4023
2645
6259
8283
1629
3080
6400
6872
3494
3607
451
2705
8856
5067
3369
3142
2800
7569
4526
9567
4801
1286
3392
5094
3864
6793
3260
6853
1987
1217
3073
1640
5152
8541
4371
8263
615
2408
6835
9687
3837
4897
2367
1390
25
917
1988
5563
7
6138
4680
3448
1950
6327
573
2974
7206
4047
9342
7436
7882
1066
4193
5281
1385
5286
5330
4470
7496
1200
6956
985
7496
8549
5647
786
6618
9546
7542
8269
5679
1045
6225
6386
9524
4542
1752
5415
3248
3413
1430
9093
1072
3082
8485
5058
5658
483
8321
3063
7554
9737
4477
8701
1762
6583
5759
6556
2104
9648
6925
3426
2491
669
5617
9697
5032
808
8651
3267
8237
7934
5455
8228
3449
6854
5252
9464
367
2855
1666
6950
7093
424
204
8086
4038
3890
7532
9349
5643
1034
1949
4656
7423
9703
2519
3468
724
5286
9906
2234
9375
3532
7471
9971
6887
7736
6592
6997
3521
4546
3146
9454
8573
3921
3310
5819
8305
1945
3907
3255
2457
1896
497
7903
8332
4761
4457
6495
8280
5163
3983
2343
9902
8532
3501
9563
4180
7046
3197
5752
2683
2917
6105
1711
5717
7050
8022
1741
6241
9579
6759
3312
1777
4023
1213
5336
2804
3297
9796
6530
9272
1467
7919
5675
4569
346
6180
5320
4161
6760
1254
5912
4263
3810
913
3605
9957
5593
1064
3799
8944
1628
9264
780
2528
9612
2892
3528
552
8023
8800
9812
6382
3576
5401
5491
4935
7550
958
3432
2662
75
97
3162
887
7572
7689
7625
6651
3636
8438
30
989
875
7790
1666
2707
3200
9432
7474
9386
986
3050
7391
25
3740
3265
247
7989
3352
8431
5924
4791
8133
8732
6244
7323
5787
6153
5002
3205
7871
2147
9757
6550
5972
9840
4592
3374
3376
7561
5153
4410
1249
7489
5843
2361
7866
8473
816
3233
7692
6673
8824
8424
4426
5577
1898
7313
1248
1533
3722
3121
6491
7399
5034
9945
1504
3405
426
9300
7411
287
1663
7574
5440
878
8053
22
6237
2984
7912
1044
3711
8053
7682
6968
4431
6726
4049
8444
373
6703
8118
9711
5257
7053
2394
2279
4770
9568
7870
7786
9295
3670
1288
7766
4590
2831
6860
2510
3748
8274
1333
9021
6388
3073
8056
710
9525
9628
6391
2104
7650
4750
308
8894
9642
4298
3651
6972
9727
7399
7297
3611
6155
9726
899
6145
6410
1289
5561
6906
7148
1899
6738
8591
7635
3844
4999
4814
7918
5957
6183
4455
9458
3252
4474
4330
1528
3115
5043
8971
359
4879
509
5452
3414
3266
7579
9547
7425
5426
4114
4312
1221
1362
1446
9209
6689
7977
9718
2121
3320
2420
3652
1975
3385
4884
1258
7757
6344
9423
8312
9340
2147
3187
1830
9444
8266
4459
2011
901
6063
1433
5440
6744
9763
1127
1346
6363
6114
2305
7210
7620
5133
5956
8635
8080
7834
1331
6287
4864
4922
9883
8221
9894
4688
5121
4052
4131
5105
3400
5475
7869
1207
6470
1766
3231
5235
8057
1692
7565
7410
8223
2390
2070
464
7547
2810
2783
1596
2517
6650
8993
5039
263
6806
3787
3232
7604
4044
4474
2867
6745
935
7920
7975
9909
7878
9264
1042
6016
8719
9190
6421
7009
408
8702
3494
4336
5674
3686
5002
2414
405
1687
230
1759
233
793
3303
8965
7946
688
6768
1110
7598
8497
2437
3995
1467
9068
8086
5022
2393
5581
3701
8455
5215
5101
8384
7783
7582
8747
5253
1327
5279
3550
6796
805
8473
8033
8228
6772
4192
5368
9301
2913
7969
5649
1921
1846
242
4806
8191
5997
286
5786
3897
4403
82
9795
3540
4857
2876
9153
9477
4590
5483
3222
8868
4388
5623
464
7437
9130
6674
4375
4680
5318
504
9645
5111
3943
7707
1886
4750
6942
9107
9174
953
7547
6274
9072
1481
1078
6480
5806
2773
7027
7232
8832
5519
3352
9627
6865
8083
274
3436
6612
1750
8787
3264
8348
9856
9208
485
6190
549
2745
9898
1353
941
2802
1602
3558
3091
3402
4594
5824
1309
5423
6111
1558
4315
8780
1561
1059
4498
1545
4325
355
3842
2019
197
6510
2621
6560
5000
771
7770
1314
9340
3978
8625
9876
8441
5268
1993
3667
1266
2536
2456
3402
2398
4120
8189
9382
3947
2300
2829
461
4526
9072
3981
251
4663
1634
4704
3521
5929
4891
5009
1662
4316
5075
6985
4307
9784
8524
9940
8853
2280
4449
7167
2691
9084
9057
5807
1272
2351
2070
2206
2243
5268
2192
9589
7778
1342
130
1914
5422
9258
8442
7569
6906
9654
1450
3318
9984
9152
9686
7414
1408
1021
755
7167
7515
4783
4268
3684
425
8550
6399
4400
6033
355
1310
2634
4513
8274
2836
7902
4298
1398
3092
2542
4821
7365
3637
5320
7677
639
5850
1865
8714
5909
5444
769
3227
7927
1201
8227
4243
9504
5629
4405
1773
7803
1334
2665
2514
6571
2356
2759
7345
5146
289
7708
4568
9497
4189
2352
7368
1104
4876
3388
9622
9951
4680
9775
3018
3467
2324
2170
2328
2314
5157
5453
4188
5905
1461
2758
6490
2364
1002
415
7299
6624
6773
1069
3063
3112
9714
3329
6820
6047
7689
1415
3018
7297
1321
6384
611
5744
115
8953
886
700
2575
3038
8495
1570
3858
8383
9972
2556
4345
5937
4834
3004
9921
1137
1864
7508
3082
4720
9092
5595
2657
7119
7177
2731
1909
3428
1449
5798
1495
2380
6865
3810
6218
9986
8166
8325
8849
9174
4452
2399
9510
9340
5740
6731
9471
3868
1552
6967
9878
5264
8877
9846
1327
2330
6701
1175
644
1898
4663
8122
956
3753
380
5495
366
7422
8244
8327
8117
4659
2252
1595
1227
6332
7427
4625
3522
150
148
5459
9166
1473
460
1179
305
3677
4032
9247
708
9928
2357
6410
8699
2053
8589
2171
9720
2581
7150
1443
3913
775
7469
3074
2965
2968
1894
7600
4551
6592
7183
3626
7497
8278
745
7784
5607
8365
2890
2751
4464
3400
2864
1467
969
3846
1930
8041
5121
9626
9990
5489
5948
9063
1646
7810
1425
216
1278
8974
8762
7545
6461
7641
7079
659
641
8153
3941
1140
219
6608
4719
5159
9963
9334
2488
3192
3637
5160
9198
8419
6597
7707
7412
1195
3047
8298
4756
1979
8220
8032
1713
6569
271
1189
748
2171
4988
1543
7702
6414
6126
3198
9343
8859
6716
3802
1378
1744
5792
9387
4095
9770
8990
9153
1811
579
9978
3297
5635
2874
4505
2238
8573
6190
8083
6518
6520
255
1994
9354
8281
5649
516
7119
3551
9930
7515
9046
7259
1771
8786
2410
2019
7629
7827
5405
1591
6130
7207
7620
3615
9326
6372
2703
6139
7556
8729
2652
6834
6667
5500
1592
5740
8154
1508
4535
9350
731
6698
5457
7527
6156
6643
3632
2197
1593
612
1301
1629
7248
7629
4647
7060
5713
9461
5213
298
6412
3682
6571
1804
771
5316
5262
3702
9280
1084
85
6516
2649
8796
3262
1961
5095
333
3874
9685
7514
3846
2002
7682
8186
5556
4352
4810
260
9083
6633
4965
6401
781
5623
5145
7030
1966
1919
88
5577
9337
8376
8091
2037
3947
5601
6844
4898
8933
5796
4950
2180
7760
674
3651
6905
6540
9726
4317
8277
8490
9459
9998
2221
2973
6855
298
6871
6602
8431
2161
2918
3619
8581
9387
8430
8624
8926
6160
7616
4818
2054
2732
874
7188
9104
5542
76
60
15
8290
8865
6713
1981
3491
9407
289
8370
2402
6640
7101
1336
7904
2568
8747
5401
3140
2951
1099
8726
654
7308
1316
585
9107
4753
312
3450
4242
6302
8896
3765
8623
1490
564
2508
238
6604
157
7310
2846
3631
3522
7233
8364
6656
7511
788
8714
4606
2352
409
518
8064
2885
3896
8247
5751
1982
2807
9511
7280
9023
1994
5660
3895
2144
2696
1522
3320
1399
2795
1396
9739
7549
9148
6952
393
2327
2398
3975
4413
7878
471
1774
9706
4827
9433
7117
4910
615
9447
5868
2027
6093
5826
359
8492
6796
2066
2919
6360
2631
7711
3780
9112
7458
564
5555
5262
3462
3462
4693
8074
9106
6979
2487
615
3552
1119
5416
8653
8374
1977
739
6552
412
1571
5086
2461
8258
6802
1807
2956
8100
520
6764
9065
3352
8409
6533
5188
6652
4197
5719
3268
6930
7291
6939
6345
8502
7168
5877
3622
4912
9682
180
1817
8406
4034
2985
3926
5547
4012
4649
2203
3997
21
3061
1338
5072
7818
95
1596
9467
7934
2754
7313
5152
159
2429
8658
3042
5933
7630
5331
4891
7517
5264
3671
1177
9833
5131
8181
1234
5861
8308
8695
3001
5012
7712
2933
9039
8705
473
8531
7173
6549
9097
4133
4423
3889
9449
6192
1779
321
240
5980
3092
2
3889
4533
2011
4377
8298
2963
2511
1976
6490
9020
6155
8824
6156
9613
1834
4847
6420
1567
2894
8452
8884
4713
9794
9049
6970
412
6351
8602
2519
7645
7410
7970
4728
2173
7582
5634
7388
1603
7398
1584
2936
5072
2310
2702
1816
6572
5090
9403
7805
6232
5086
4751
3702
3209
3699
7160
1024
7147
5987
481
2506
7505
9828
1770
9571
1145
9400
480
4212
477
7610
7497
221
6128
4066
7521
3593
3513
2825
3309
9733
5670
8115
3198
3
6455
9620
681
7581
8727
3558
1345
9288
3095
7093
6097
8925
3131
6513
242
4723
7277
5813
7209
179
586
4470
8635
4085
5830
1346
7654
5634
8878
3530
55
3918
7143
9420
3194
2923
4500
5392
3915
6166
4100
1616
768
112
3925
234
2329
5282
6573
3254
7541
3086
572
4828
3867
7704
8642
102
1666
6155
9423
204
9433
1478
9337
4462
9759
684
5840
4665
2738
7974
6469
7376
9968
9125
8490
3698
5056
9563
226
4788
4415
3876
7328
1575
1857
5145
5554
8118
6202
7030
9495
888
1740
7225
3718
3054
80
3151
8127
1765
5158
1711
7071
1449
6507
1040
9160
7659
8664
1535
94
6908
3534
6039
5747
3473
5593
9574
6522
3068
2251
5047
2871
6271
5701
2943
3670
7867
6764
8684
8606
9717
9939
4108
1572
849
6119
3825
8760
101
9843
9759
8623
6256
206
8537
4828
6352
3223
2587
9330
8546
8439
9663
8270
609
1419
9022
821
5988
4674
8460
6966
7005
9636
2312
718
7962
4985
9976
4857
4971
9109
798
8825
4656
2387
6046
7186
2614
9820
9599
8920
8099
1315
3745
4910
4275
7201
6667
5620
9239
3450
5564
5740
2620
4050
9441
896
971
6795
1423
3144
5192
7218
8861
5900
602
1865
2141
2201
1581
4347
5713
148
4822
4872
4320
908
9912
8569
836
1812
5199
5123
6678
5245
4877
3720
2336
3520
8302
7849
6160
7896
7956
9776
5868
8628
5103
492
4556
6517
5367
7608
7379
5484
1036
6360
6375
4209
5391
9753
2072
9932
6949
3965
63
5734
7483
2698
4823
2617
4464
9669
7584
1643
4088
4741
7126
666
1157
7085
1161
4416
7681
8903
1035
7164
4787
7854
296
785
4240
7990
1694
3213
9964
1197
6728
7902
5510
2572
1320
94
7299
4038
6475
6516
3317
1864
8480
2487
1181
6990
1875
5499
4798
5696
9287
7353
1412
6839
2891
340
5325
5482
2973
4501
8745
7859
9990
2983
843
7739
5930
1921
5739
7687
7123
8520
624
5095
6809
7718
2068
2578
860
2595
2309
4733
6789
796
3416
8153
1275
3931
4613
5684
2710
9054
492
2046
6858
6042
612
5937
1482
5646
7914
6850
6523
1295
8054
4232
7651
488
612
3944
4239
8300
7016
7246
7374
9681
40
1301
7354
324
2571
7935
7892
7688
4203
8049
3242
3100
2291
7239
965
9955
3652
4373
1965
5889
2313
2462
2408
1539
537
7637
7937
3097
4026
4732
2537
458
6909
974
6064
8573
9921
9506
5361
5333
2255
3297
9021
3472
5994
5041
4105
494
114
591
845
5809
7259
6045
3436
5490
1103
2015
8398
3508
6146
5715
1574
3599
4079
9921
4049
9822
4275
184
6765
9217
2048
9985
2205
1385
3309
5629
8980
3801
8257
8629
3437
3324
5072
6341
7798
7665
3890
9764
2091
961
6640
4649
2094
513
1922
4120
9225
9166
8109
839
8703
6958
9871
339
8243
8402
354
1035
1472
830
5578
861
2893
386
7355
586
5274
4665
3840
282
1807
5659
3711
3131
7278
3204
1887
254
8726
5927
6839
654
3382
6158
3992
822
4685
3562
6541
2489
1213
8160
142
2921
5382
6070
6754
9326
2528
427
2085
692
8941
4297
3726
1066
1950
6446
7266
6228
6252
5915
4698
6040
180
2830
7308
1220
8621
3829
8500
7824
9878
1864
1283
3407
754
867
1226
7456
2077
1806
391
3632
6345
7758
4445
5407
8302
2991
1545
2088
9117
5377
7849
5634
1511
5770
845
3593
7483
8002
3223
2536
3567
4385
3307
3386
1896
4991
1391
8461
2911
4925
7011
9092
2684
815
3665
5910
6628
1895
7748
8017
4321
5474
4665
362
7256
1046
4036
86
354
7119
9261
91
2580
7740
9005
2111
40
8571
200
7916
4216
926
9798
8188
7388
5174
1872
2083
398
5953
3535
6575
4234
300
5794
5659
6528
4656
4567
5824
3525
4339
574
6780
6276
1923
6314
1137
4424
3461
9037
624
7193
3493
3335
3662
2870
2950
6224
5255
580
7879
6001
7274
5883
60
4217
4743
618
2036
8159
4439
3366
8144
2865
4600
3478
2898
654
5614
9179
7048
5830
3135
8332
5726
7931
7343
7057
4767
4171
7607
7671
2001
12
6712
6145
1691
5562
1587
516
1551
1226
2208
7389
587
7305
2009
1757
6638
3783
7888
9503
8303
5954
2323
3015
5150
5379
8727
4033
1010
5176
4097
8018
8221
7020
8384
5205
1166
1161
5941
1667
6692
2787
3467
8242
3231
2385
4692
5572
8372
2534
3481
7597
7284
7168
890
7557
1520
2331
6647
5223
4132
8841
1670
7059
2145
5834
9512
3587
1168
3072
8036
1626
2850
693
2345
3819
5911
5903
6355
4090
2690
5798
5535
4587
5648
3325
2442
308
4619
557
3023
3234
8074
1392
1610
465
7720
1135
5550
7915
503
9373
656
996
1642
6470
7108
9689
3961
9999
119
2794
6178
3469
1219
6338
1405
683
276
3459
681
1730
5773
7872
9400
5226
9290
1421
472
9078
9502
3799
4899
7792
6589
5603
3622
2413
2336
8023
3020
8513
2850
4302
3076
231
1171
838
347
1608
3774
5897
4574
2876
3144
1697
1063
2072
3514
4220
8150
5299
1669
1988
1981
1479
1157
923
9384
9039
4581
1352
3485
7174
6466
5761
2886
8319
5087
1245
9473
9453
2989
4111
834
2369
1150
6564
534
5160
4621
9634
1605
4185
6391
6967
3550
8345
6518
9395
4319
5434
8564
8386
5482
5805
5478
1969
8614
5069
5475
7632
7123
9037
9425
8706
3589
4229
7921
5080
1075
2332
186
3698
4177
4161
6403
1409
1120
4062
4342
9467
1248
7021
2870
2404
6052
963
4911
1773
5509
3875
1566
9466
8207
1721
5107
7239
8491
3647
5451
1377
8462
4002
6702
9908
7372
168
4509
4631
8045
6901
7935
5800
2033
488
6104
4294
6479
8752
2568
9352
3112
8450
4921
6732
9621
8641
1260
9176
6193
5755
3997
4018
7716
9149
6340
2481
2433
8957
1910
7111
1875
2042
2318
4397
2483
7368
8237
3196
5651
4593
1485
5406
3037
8551
5776
4627
9466
3529
6472
4880
2793
2514
7864
571
1001
4193
2072
4389
3030
4741
3179
6173
9344
3977
8753
729
8930
6576
1289
9068
519
4476
2989
1419
527
1016
9186
3428
1272
2161
1720
155
1067
8223
3314
9056
8844
9508
7603
7550
7620
8516
6937
3601
5488
1014
7357
7536
7108
1604
3366
3723
7025
3676
7742
711
6682
7387
3026
5956
6403
7749
7399
6711
7406
6467
8106
4557
3908
7332
9548
2142
1270
4419
7891
5171
6815
8923
4761
2743
1180
1403
2914
9625
4123
9501
8495
2447
3070
6416
9187
244
4294
6124
3134
1
9624
6507
9324
2193
2723
4479
5912
9354
3841
7905
3014
5320
7170
8305
4662
3573
1989
3171
9118
3722
4066
8244
1951
5207
9345
4282
6190
9087
2714
7745
4719
8695
894
5492
6326
4075
1261
4120
1531
4331
6736
2046
6998
3138
2983
4922
2431
7008
6919
7831
2997
3546
1388
5382
4247
5008
7262
3749
2868
7853
985
8617
2864
4451
3901
4889
8866
4787
5966
8409
371
7161
6650
9032
9307
3847
3063
1399
1574
5777
8033
5603
613
5
515
9567
3370
5211
6621
6215
7654
3436
745
4677
3805
6536
8542
1863
4922
184
3929
2388
3522
1884
6527
4294
5209
4190
5620
8006
8691
2707
8102
8896
6175
5777
2179
9159
7883
4359
2180
6577
6027
6384
8105
5313
8668
8186
3198
6527
1010
5336
6668
4323
8688
6592
542
956
8865
4302
3642
3270
3725
4856
5862
7606
6459
6477
2843
9572
7115
9627
2924
3940
10000
2527
526
8484
825
6462
2534
9932
6539
7518
5044
3491
5333
1059
6041
3703
6555
106
1502
7598
4737
128
1005
4343
2696
7161
7283
5106
5211
9942
9401
5173
2708
9477
5329
690
1474
5122
55
3527
9521
2194
2409
3893
885
8073
467
6573
1871
3387
5361
466
4889
3004
7022
9453
2772
3071
3800
5418
6221
9243
2135
4844
4961
8725
5883
260
4770
4863
3634
9759
1527
9484
7386
3099
8064
8314
3014
5711
1597
9500
1851
5088
5558
7872
7367
4054
6651
2759
2804
23
7761
8372
5198
1383
89
2788
2784
2337
6023
9256
9937
759
1030
6277
3551
1143
4076
9651
6230
7421
4817
7745
7708
897
3625
9680
6678
878
445
2974
6449
9092
6640
1412
9982
394
5555
6608
2631
6187
9552
7027
6672
9065
1075
543
9554
1504
4580
6132
4095
6855
4375
1433
2539
2605
2786
5644
90
6111
6635
6106
4691
6517
8676
3888
7623
3746
6723
4356
8984
3639
3807
633
8818
8349
6253
5153
7108
7309
2361
7655
6996
6427
6064
4111
9282
8265
9436
8961
3718
7850
6909
7160
9915
740
1203
3574
7664
1562
6243
3879
520
7592
4013
9477
15
5353
1949
8355
7936
6037
412
6624
7691
8700
398
1022
8865
8592
5820
439
8237
1597
2160
3920
4977
6590
967
8346
9467
730
7632
5665
5674
9731
898
7934
3748
7265
4201
1057
9007
9179
1572
1621
305
5051
5322
8271
241
7794
6331
2046
1598
4530
3437
5391
9479
598
6724
7746
2614
4952
9561
5455
6854
5871
9664
7091
7607
1047
8281
6693
8636
9238
5669
6102
7189
4124
7473
6691
7112
1186
6682
1160
3879
6578
8286
6279
8072
8454
4159
4526
4652
2710
1014
7699
2246
804
1883
596
7373
5578
3403
2179
2675
2389
1878
5456
455
4662
8304
4838
3528
9861
4462
3677
402
7030
2280
2227
2241
841
4744
6139
5967
8347
2126
3212
6737
5539
9830
5282
220
2384
6062
5471
7955
2782
7573
5742
875
1608
5940
5423
249
4321
1087
2115
8276
2980
2356
2191
2342
1856
586
5324
3428
8478
6981
670
4379
8623
557
282
1707
1185
4778
2964
4229
7039
6966
5195
9987
5613
1034
7183
5160
6807
7777
4605
8802
3920
733
1410
2827
9355
5249
9652
8334
9978
7661
706
6268
9200
1086
7685
5564
9721
9939
3029
657
7033
7277
41
401
8074
6372
8241
8688
7019
5837
5280
6096
6165
7113
4477
9267
5503
4694
2448
4177
2603
4529
2377
5107
9209
9565
647
3710
367
4846
962
3852
5493
6722
3365
4421
3237
1463
9061
345
1751
6329
9619
5651
849
9652
8601
5640
640
6681
4000
5481
8762
7885
7041
720
5378
6157
7432
9811
8538
9338
5527
9018
8762
1148
910
8265
5733
7069
3260
2626
854
3507
4680
5954
361
9204
1709
7126
8276
5978
5279
8414
9459
2226
8965
6939
2647
5607
9729
739
1133
2936
6394
905
6694
4085
4759
2983
1239
5377
1439
8094
8778
6304
4510
1053
5451
2384
6684
8379
5437
7317
7169
2182
5287
1830
1709
8569
9397
2487
7810
4594
3891
4965
3946
2803
4936
5148
5121
8099
4201
6705
3628
1044
1666
405
4898
6092
9113
8335
8898
1910
7863
678
2410
9012
1747
5929
967
6765
7773
7329
2351
5961
2580
2362
4429
1493
229
6433
5217
8143
5525
6378
2279
7079
1049
2676
1559
6437
2575
3145
8569
9893
4144
1371
3725
4212
4847
9197
3002
8852
4988
9617
8602
5564
192
7464
1044
4469
2722
7866
3734
8023
9760
283
4073
3714
5384
6198
4055
1421
5020
6062
605
9855
1857
1288
2471
7048
9443
6147
5217
3477
61
3684
3746
3767
1874
2224
3373
6336
504
9361
2734
1294
2003
2692
9555
9837
79
506
8790
9603
5923
9923
5288
4599
4342
9191
2824
2773
2284
9017
6890
9872
8104
3484
5870
1303
7346
2953
3774
3279
6886
596
5283
2195
3434
6948
4737
9775
5757
5574
7096
4303
2814
2663
8168
1085
7943
7094
8272
6555
3274
7704
4083
6482
5615
3345
5279
8134
4996
851
4471
2022
2696
2630
8134
3625
8265
3616
9086
576
2015
9714
8236
643
8022
9836
8628
9500
4431
1537
1932
5322
9052
4090
4919
6301
6359
6029
3077
2067
6678
5768
4955
2129
8114
6048
5082
985
3676
6146
1841
2209
9981
8790
1765
4784
2503
2160
2861
4406
4231
8397
8943
7362
7275
3290
3552
9365
4108
9252
6821
7958
3836
2251
1671
6774
821
8350
3613
4953
7374
3939
4438
6612
8507
3388
9266
941
1220
3146
4351
4074
1813
6277
396
7062
571
1618
6147
372
6096
1855
892
452
8170
2538
6265
6093
8224
4931
945
101
9267
3215
2479
1324
2728
1031
8561
3826
9956
5077
5359
9359
7418
6489
9655
5339
8363
7899
6190
9450
8333
656
9446
9453
322
5039
1267
5949
4242
6888
3588
5197
7662
6653
3759
401
5874
6957
1435
2904
6287
4239
9134
1077
4870
421
7405
1534
4443
3741
8900
7639
7747
5307
6349
1282
2673
2428
248
3307
523
8538
9797
4519
9614
4000
5478
9691
5997
5053
3437
1872
2080
7106
1579
226
2606
7243
4798
2925
654
655
6052
6396
9445
4332
3487
5062
7703
2783
8815
4082
138
4744
1775
2930
6515
6843
4358
9957
8733
9984
705
3776
2482
7370
322
6714
272
5284
702
1837
9739
2629
7730
9358
2029
6967
8115
9538
5162
274
531
815
9498
9020
300
8849
4350
2887
6983
5545
1397
9018
1930
734
5456
4548
6363
371
6701
9470
537
2980
4184
9083
1420
5411
6877
353
8977
5781
4758
1736
7766
5685
7233
5984
3123
2677
3972
7852
8654
2536
7306
6011
6642
6314
2276
9448
9059
5901
7178
5829
4842
9511
798
345
2153
9709
6445
849
6601
3023
2152
5021
5182
9501
1153
8826
2914
8835
8619
219
157
7955
3103
2882
1780
792
5672
8015
2912
6041
579
5605
7045
3293
3102
7501
8679
9406
6521
7905
4408
762
7425
9254
8666
2055
9175
3427
8025
7536
8093
8349
6458
715
418
768
5016
9236
3828
6094
7120
2802
8652
2433
1888
5955
5058
9545
1546
3392
4373
663
7572
3784
7111
183
4735
1469
4224
5465
2945
3780
8437
215
5169
1387
8236
6581
7867
7554
5719
960
2762
1762
7220
5825
8734
6992
9165
5009
1708
2641
8200
4555
7084
6171
469
5860
7254
4239
5832
1747
9788
1971
5636
646
2513
8927
2687
5483
5768
2499
4398
864
3902
49
2175
3919
7063
7862
4431
6172
2041
7777
5804
1700
7727
4347
692
4069
7465
6713
6587
2704
5066
8376
1386
2772
9636
928
949
271
1290
9493
1390
2239
4294
1077
7904
4670
9558
3591
1448
8587
9670
8532
8810
1705
1536
2243
3675
2423
183
6951
3390
5863
7381
827
9628
3406
755
1218
86
7901
5107
1214
4291
1657
35
2991
2664
8399
7246
2063
4817
9809
4683
6155
7360
212
5584
3600
5921
8395
4119
8829
6277
8878
7595
7548
8443
8108
4919
8890
3035
8928
8089
3624
9355
6315
8917
1314
1016
5787
715
2531
8285
6541
1086
5537
4759
1960
9058
6578
7211
9300
6596
6583
240
6671
1351
6065
5660
9631
34
7228
9657
6133
9323
9812
5274
4405
5565
7948
1742
1194
2650
8092
7067
9585
7944
312
2099
9598
6550
261
4867
2153
7602
4432
6669
706
2540
6110
6143
4331
3420
2182
1962
3393
7000
7596
2992
9286
9973
3270
6215
8511
1518
5486
7478
3094
6782
7539
1179
4105
9040
3982
9626
8639
8907
320
5804
858
3128
4643
6883
1528
6499
2927
1413
544
9891
2595
387
4545
2567
8056
4605
3919
452
2531
4002
5824
9764
7217
677
6761
1462
7872
743
4731
2149
6872
2773
3817
7191
3916
2849
5029
378
815
8419
5968
3398
3836
166
7210
3663
2573
5514
5062
5382
8886
8324
9928
5395
8455
5956
3460
7523
5698
2228
6715
1976
9347
102
7410
6349
3837
3501
8796
2026
6697
5397
4095
810
5629
3324
3379
5359
2469
3971
4629
323
642
1022
6967
3139
9342
354
3169
633
6665
3621
4602
4146
9992
7187
6473
8625
7169
8023
1681
1199
781
647
7062
5051
3785
4717
130
1437
4787
4523
7128
6069
6623
7579
2151
5461
5081
3205
4806
3566
8435
1755
2605
3797
3360
675
3750
7273
4335
9997
3054
901
5188
2112
7883
7385
7688
8169
137
8722
9873
7387
9304
3638
1477
2140
1088
6910
3816
9003
6961
8501
4237
9520
1280
1436
3119
4744
7061
5553
3604
7285
8874
8932
9874
375
5588
1984
5871
222
7700
5448
8979
8372
7755
2722
2509
3648
6601
569
2433
6185
5299
1369
3636
6423
5662
6475
5619
4057
7261
7022
4955
8655
6239
8428
7739
8936
2579
5190
2726
80
2659
1602
4229
2635
6374
5448
9327
8665
7199
3252
9927
4350
1520
7942
2591
7641
1439
2056
4852
7288
6393
9083
8426
1249
5710
6502
8249
1301
5520
1472
3112
6040
1259
1906
8352
5795
9865
2879
2661
8447
156
2112
9591
3955
6049
5950
2978
4431
8623
3177
9395
8466
9625
2443
7306
1925
3113
7569
2492
4868
5522
3363
3982
3702
7269
6861
4931
4591
4667
7403
3288
3073
6795
9699
4441
7563
5799
9103
5138
7881
5881
782
5866
4702
5064
5436
9013
6991
5345
4622
6538
9358
2507
9203
3773
4787
4762
4227
2159
1531
7560
4931
910
1299
7887
1489
1840
4479
3464
6883
9437
5411
8666
2874
2973
1111
6534
5550
8727
1591
1290
9039
1528
402
3288
2457
609
8810
9658
9277
9192
7260
836
71
7535
3861
9555
7955
9273
6198
508
6496
7959
3454
9387
727
7174
4099
8740
4755
695
8368
8630
8142
9442
860
5735
1170
8626
3414
2723
3322
6263
5975
6503
2554
6179
9701
6307
1368
6311
2670
9356
7440
3774
4796
5004
2716
6523
8063
9418
5565
1917
2281
690
7596
1089
2998
268
8559
7885
4194
4705
2515
5058
1995
3016
2696
6985
6581
9953
3582
9787
4847
4269
989
3046
6517
2833
9232
349
9022
7445
4990
1523
1281
4762
5667
3605
9107
2756
1041
5774
1084
9849
1519
4319
7196
7275
4021
2259
4470
5844
4288
1773
2518
1393
2736
6267
1636
5133
1070
8024
1389
9283
7621
9014
1573
6697
4257
9994
8338
6457
3207
7913
5486
3159
9819
5967
4885
9827
2401
3805
6167
5594
9215
2320
3611
5885
7477
1988
3536
9401
4911
1550
2948
5313
1106
9331
9550
1301
1971
5022
6010
8989
5666
4531
1430
6414
1326
8837
7386
4753
2680
5456
1462
3419
8278
4184
9967
1103
1118
1832
4827
9474
2731
2937
8476
3969
669
9672
9431
5299
2702
4281
7728
1891
8190
9510
8267
5002
6081
8956
4158
5212
8389
4812
2260
7318
9120
1499
8941
7469
1431
3784
8397
8728
2187
5114
252
4976
7315
3580
2403
4202
9982
7163
1861
7668
3835
8321
6625
9943
2736
1216
2960
7654
3448
5021
6255
1689
2928
2794
7100
4867
4698
1303
8647
9875
4176
3962
2970
5760
6426
4971
1530
4459
4709
1205
5108
7056
2591
4400
5699
5977
3600
6924
9888
8632
7932
3050
5859
1674
4661
3154
1504
3828
9375
4154
1821
7731
8860
6876
344
932
9790
6437
9182
333
1807
4433
5678
818
7016
6845
9821
366
6618
47
7318
7308
3801
3162
2623
1509
7947
4162
5546
8540
7681
2480
9236
3860
5973
460
7742
3294
6134
713
9959
7920
4258
3726
6871
3900
7212
8122
7387
5798
3387
352
5637
2699
9820
5612
572
115
2901
5737
6822
846
5824
7810
2932
7394
7591
2312
4335
1946
8434
8139
3397
590
7735
1552
2211
2003
7458
3159
907
9835
1254
1381
6170
1033
5015
1986
6205
8746
5451
275
1880
484
3233
6337
3952
7298
4314
137
1528
8496
8036
9337
9730
1151
243
4820
8259
3907
1758
442
3489
3876
3633
2075
7494
9873
9598
6849
8354
8397
1569
6810
1055
3642
8380
3014
5899
317
4588
4419
9468
1735
1387
3022
3957
4373
9023
9789
7870
1238
2300
6276
7844
7077
6087
2401
5783
3385
5403
9322
704
1717
4445
8559
5227
8794
6615
6242
5247
5926
2509
5265
871
5950
60
4005
8602
1328
1432
2041
9607
9438
5843
8018
2423
5458
5325
9848
2471
5547
1599
6196
4576
5767
5277
6960
3949
5414
8761
5816
9781
5617
9181
5232
3400
429
1113
7619
5812
3021
8377
2743
6904
9125
5089
5121
1367
4640
4330
8699
7349
8713
7042
6313
5894
9203
9375
8724
935
5208
4687
96
2963
4769
2005
760
5294
6591
3716
9931
531
6303
5696
4785
8453
9008
4236
3854
8440
5205
9884
2248
6127
6028
546
6880
3585
7211
4365
5246
6672
7991
3161
8751
5757
6845
7062
8808
3008
3149
1663
10000
6177
1590
9407
8115
4986
4044
4450
6937
3132
3162
8952
54
4636
8109
4294
9337
3843
2236
8710
7345
8944
3318
6121
9393
882
7373
8235
6574
3975
1524
4715
842
8364
1008
4396
2073
2520
7652
4301
5373
2979
7674
475
5790
9851
7317
2449
8159
5511
1366
819
6734
5274
620
538
2537
1814
123
9596
8952
3975
1916
238
2706
2230
2436
5723
3973
4156
3493
8048
5028
8792
7633
4164
8537
8747
32
7614
2424
4343
8442
9618
3392
473
6176
7447
3160
2370
6845
3011
9356
9274
8182
4155
8167
7617
5685
5420
4046
4356
5473
2771
5586
9636
9137
6587
90
4102
2209
8844
5103
4030
744
5671
3819
9071
5834
1386
4389
2485
6480
1978
809
8468
3792
1464
703
8927
4758
5107
9952
4179
8416
948
2978
5591
9595
4798
7346
4337
2554
6198
6746
2474
9438
5871
1
4930
8900
5640
5290
5715
4552
3677
890
4947
4375
3311
8539
8197
9842
1692
6647
8003
8782
5570
379
3413
7117
7770
8442
4023
2055
1678
7118
3286
9128
8349
7207
3056
6577
789
9899
1888
3296
9842
7201
8616
9887
4279
6638
3878
9217
5107
1026
1741
3430
9833
4941
747
5468
6837
7760
3595
946
5291
5025
1345
2687
9005
1997
5469
3999
2318
9949
6478
7333
1357
2076
7055
1163
5054
69
7188
6471
9256
5595
3157
2609
2982
8969
1119
6904
4921
619
4734
287
9369
9701
8194
6253
676
3314
1836
4630
3501
2747
3819
9865
3554
9261
7756
3431
6993
9023
7126
1662
4300
1002
6599
2052
770
2270
2469
895
652
6632
2165
3944
8657
8021
3464
6251
5738
4697
7999
3414
4471
1458
394
6193
6750
4722
4067
7175
9635
5624
5230
1987
2583
2479
700
7150
7031
3263
2097
2715
2094
7811
9562
850
755
8157
9580
6248
5940
9811
5230
4246
367
4630
3562
5120
7175
9774
2397
3762
4807
3186
2966
8786
8953
3600
5725
3985
3012
2336
5968
9156
289
2015
5
7820
1564
1987
7321
5238
12
8285
9784
4049
4475
6045
8316
192
4959
4274
4487
8375
1615
5666
3508
2167
1771
7112
1134
2272
3236
6067
7285
7066
408
2642
2529
9599
2620
546
8131
4832
3454
7702
7256
1460
6829
547
5673
6823
1073
1719
9696
8518
3210
6145
8423
9962
8821
1326
4747
1932
9447
5612
5766
5982
5137
4744
1545
8223
406
8050
1906
4607
5918
2132
2961
780
9691
6150
9897
1732
7787
4763
6407
2091
9593
1312
7149
7515
3379
7829
3696
5160
8590
2109
6543
79
1411
8455
7839
4225
5175
1114
2853
9540
9782
1499
4972
8794
1056
1932
435
9276
9290
9939
2358
7281
9594
5591
9112
7795
3914
1150
1649
4331
4653
3266
5799
983
1823
3360
3968
4262
360
8907
1541
6622
5713
5260
8111
1455
8113
5747
5296
9711
8292
5790
8181
5241
9838
5437
6695
6907
6162
529
6493
9703
7824
3173
1853
9332
9861
6504
6540
4306
7887
7863
682
9438
7129
818
5715
3967
1837
201
1132
4520
4343
2964
2666
3162
2576
3841
7900
9669
7278
6797
5816
1088
6562
6145
7488
9645
614
6741
9917
3846
3633
3461
8320
6005
8844
5439
5329
5331
9803
5877
4728
3678
7212
1824
598
2406
5143
3746
4752
2118
5095
3184
6913
6256
9820
5791
5549
5277
1885
7711
9827
4847
5051
346
6147
1347
7035
1642
3940
6210
752
4658
7131
4048
5892
7959
3501
2003
676
5314
3719
1725
1942
6076
6161
1137
3278
3273
8018
9861
7376
6655
2631
4850
7433
1524
8784
5062
6607
7084
3916
1567
6258
1846
3450
8056
6402
424
1150
7513
7787
5805
565
3671
1070
5479
4601
1690
1219
8785
6418
9455
7516
7810
1356
1450
8189
9594
3184
4209
8629
5057
6224
9000
4358
5333
7862
112
2011
3375
372
8126
8931
8576
5180
3206
1229
876
4732
1043
7232
6839
8333
3474
9280
6193
5944
8740
290
2300
5975
8528
7842
6393
3786
16
3010
7590
7212
2351
6505
1843
7284
8297
8305
7772
5304
3182
449
8885
2920
9976
7001
1478
774
3767
7131
1464
1441
8831
8818
6922
2002
4448
769
758
4702
2622
1744
1600
8979
5896
1093
1369
5878
7179
8280
9876
9660
10
7354
1522
886
1418
4129
8033
79
3011
2710
7938
9239
2114
450
8421
8714
5356
9797
3496
2427
3215
3586
7230
8692
6935
2965
4224
2548
202
419
7267
324
8000
6797
1827
8469
8663
94
3992
2490
8533
2126
4327
2552
5480
2714
8867
3268
8474
1219
5530
7879
4327
9485
9084
175
6124
6595
7349
2118
7913
5214
6048
6226
9651
9083
4504
4697
5497
6726
4387
5488
2826
6822
4086
1458
419
706
5660
6106
2239
2416
8106
3580
6325
9462
1861
9234
9762
2631
5344
2832
6306
6986
6614
7515
9017
2706
3362
7387
2406
1930
9895
9381
6930
2912
5432
967
5842
2142
6382
2040
5460
2522
77
5424
2804
6360
4945
177
9900
1470
9217
3755
6671
3039
8528
9121
3074
5870
8251
3341
9025
9768
6633
6623
9101
1156
2604
2030
2206
9212
7203
1933
6477
6721
2675
4839
9841
3951
3712
8128
7828
6020
7582
1445
4921
4290
2871
7162
7391
1666
2360
176
1026
3144
2846
3706
1452
2647
557
779
2091
9303
598
1050
424
8359
4885
827
3794
1655
1497
2619
4147
8998
6350
9524
913
775
729
9628
2064
547
157
2746
8059
3890
5426
6354
6081
7006
9662
250
1375
929
5957
198
8528
9989
4562
6370
7563
619
5247
6402
324
2573
1504
4182
668
7156
7865
8660
3105
5713
4840
5941
4059
4325
1642
2471
7307
1658
6322
4160
6804
787
6265
9886
6465
4746
1488
3046
513
7345
7379
2195
4811
1705
3335
3226
4783
8663
3344
9542
2570
9495
1734
5218
7204
5924
3658
9877
8456
8209
4958
2945
2899
6847
4731
2163
5637
3278
8273
2865
5247
5094
6692
6575
7808
1033
4523
2360
7286
679
399
6561
4266
9931
7258
819
6974
968
2548
5064
277
2164
29
9985
6359
5792
1826
5291
2366
549
8060
8648
3882
6923
7305
3342
2949
4019
6262
5743
7602
638
4510
1672
6532
8020
8025
8885
3851
5434
3436
7102
4264
7932
5409
514
6857
4871
9620
8542
8315
3677
302
4975
2574
2798
7794
5925
808
9915
7614
8487
2254
6392
9298
6558
2095
5490
7651
2975
1945
8587
1298
4745
1369
2132
2288
7361
2372
3263
6259
9065
7098
9721
3098
6765
3745
4347
7748
4653
7649
3642
7348
8874
6208
6597
7926
4599
5153
2098
1994
3205
6788
5284
7449
3502
3623
8816
9151
9614
5040
6570
9749
6222
193
5897
6982
5678
9760
6321
7097
2539
2375
8410
8777
8483
7803
4510
8175
6977
4302
58
7012
6995
930
9802
4512
7354
2677
729
6594
6741
5350
2763
5333
4490
451
5771
6167
949
1513
8224
4287
5476
8551
3723
9689
1225
9799
8324
8881
7290
1886
9916
5493
5842
7414
6914
7700
9399
3329
2630
7108
8790
773
3309
4961
6862
9612
3685
8853
5648
8876
3337
4766
9088
2566
6167
9719
2919
9294
910
2370
5296
6379
2777
3236
3599
7175
1579
8
1977
7612
388
7563
6490
8392
6955
1406
9868
7801
3982
1171
7309
9466
3656
551
6769
8289
744
8828
272
5130
5162
9774
3524
9715
7470
6429
2066
5708
3533
833
5478
1927
1154
5850
7389
5325
4166
8882
6775
4433
2604
6774
7378
3828
7433
4830
6965
308
3038
1363
489
9699
8303
1034
8091
2708
6990
6982
3515
5892
1193
9445
4448
8076
1528
5661
2081
1184
6718
3569
2429
7464
9775
194
1651
393
934
8638
6399
9807
557
9918
1814
6381
6453
687
6768
935
4113
5058
8059
2628
686
7630
9591
9487
1495
446
6731
9760
3594
3784
4530
9950
6636
2732
5249
6483
3587
728
8379
8249
137
3308
7695
6995
8470
2356
8892
2021
2444
7037
5363
9078
485
4435
128
7629
6727
3417
1009
9513
6669
7657
5850
1656
7733
7150
9036
5534
4798
3762
1599
7950
9498
5845
1299
3324
2735
2594
2850
4495
1117
231
7955
713
6523
1458
491
6238
2931
3483
9566
7078
9633
5477
5863
2036
963
4071
9357
6578
8128
869
1450
2458
3233
9556
8280
5543
3627
4722
192
2549
4641
8483
3175
3985
9250
2032
1911
3692
368
3400
5028
3560
1572
6858
458
1016
9993
5115
4241
7809
8443
8248
4568
6639
3047
3746
9409
7693
4489
3939
51
2147
8593
1318
6975
4187
8095
395
2518
5302
5118
2708
6652
2619
3271
3236
5193
9596
6872
5285
6572
4266
2167
7713
6500
1497
7762
6146
3521
5976
8086
6978
5671
5211
5133
6763
7541
6492
1480
4086
7867
7570
788
7702
3500
7067
8706
8494
8061
7990
4883
4674
9817
3717
743
7083
9932
5403
5154
3420
9919
5872
654
6689
5254
2130
8371
2004
5154
3979
5834
6486
5459
7787
8066
7245
4552
6036
2693
8595
7837
1255
3485
666
6490
646
4530
5303
6947
1668
7377
9993
5806
1278
9689
1513
9326
1534
1022
4801
80
9136
6400
4245
8013
8783
4322
7588
9965
6069
6614
1396
6054
8670
1904
2305
3105
7968
7685
2192
9248
1854
416
7211
3632
3229
4692
9743
8364
5845
1112
9650
2956
7563
632
2356
209
1688
6709
5521
5462
167
9290
2844
3280
690
6149
6217
2648
9508
674
3376
9963
5452
8082
6405
6004
1824
7898
1063
4022
4308
8078
7731
5532
6371
6058
858
903
7654
1116
1792
8675
69
5530
6764
3379
359
8390
8258
1145
1658
125
4875
8503
1377
9205
2592
6726
5149
9881
542
5995
2051
5349
5507
5164
6879
7540
2209
9054
6327
1676
684
3113
7708
9813
6587
9871
9503
2772
2591
1072
111
7917
4315
95
6742
9914
1834
6154
7513
8514
9078
9254
8452
7000
5332
3171
2153
6624
9514
6896
3859
9318
4998
5355
7037
4852
8855
3717
6654
7891
5510
8075
6705
2635
2338
3873
3520
3414
350
2361
4181
1301
2304
8011
3678
398
4112
7080
8818
2424
6102
9692
7874
2751
1467
9672
4795
3865
5861
1024
7512
9622
4477
5765
3181
6527
1347
4085
7779
6799
2341
8497
4979
7566
4513
4002
2349
7930
6781
5101
9828
6645
5007
8998
1861
819
7520
1745
2340
4023
2364
2771
7342
5027
2779
5841
2139
4052
6453
2093
2110
9426
4851
586
4633
9420
4009
3837
8814
142
2140
2294
4603
479
9852
4207
432
5416
713
250
608
8438
50
9599
6251
3806
6186
4423
6937
7329
4476
5449
9363
6626
1590
1565
1101
6177
1029
2151
3230
6595
9574
4062
649
7198
3562
30
3359
2264
7798
2699
3732
2745
4361
9835
891
6946
4528
3219
620
8860
6957
7937
5758
2752
8069
9131
1938
7825
7174
4937
9224
5658
5821
6546
7641
2274
3797
1919
4802
7254
5222
9092
8398
9129
4456
3990
5250
1803
6109
8383
3232
4886
1410
941
2440
1244
9681
1529
4438
9189
2586
3852
3097
1211
7189
6665
6987
3563
2514
6934
8632
1555
3675
6967
2964
1124
6807
6950
6237
5879
6521
3382
4808
8599
4718
1703
6760
9696
9303
8661
4870
6106
9168
523
6583
9058
7330
5036
6108
6173
6515
3004
6342
2428
3371
6757
5719
8698
5637
4533
5748
6018
9310
6670
957
7023
2258
2371
4743
1248
659
2698
4277
1663
2145
5274
5423
8109
9013
4156
5583
4786
4663
6798
9713
7129
8239
6628
4865
2107
7245
2479
8044
3077
1972
4601
2491
6170
2466
9042
4911
9460
9009
3062
6617
7031
6753
5981
9507
3095
9838
5991
3214
247
4135
3582
8815
8619
4573
2764
4547
599
6274
1273
2534
24
5420
5646
3556
9413
6957
9858
5109
920
5554
5705
8325
4599
5310
1578
4772
9087
617
2819
3738
8080
166
9189
4154
6966
3693
1041
9850
5395
9963
6312
7239
8610
2886
6972
6111
2142
8943
5395
2184
9269
6219
7713
1558
4815
770
8701
3734
131
7324
7925
4149
4884
8716
3602
8480
7574
1732
4801
2181
2522
7105
8091
6640
2549
790
6370
7376
8719
6878
3052
9098
7803
8198
8799
9636
241
7485
763
2490
6533
3233
8290
7148
8191
6146
2671
3392
3827
8525
3966
4900
4099
909
479
9155
1917
3643
3811
9867
1115
5645
592
2045
702
2027
7971
6285
5995
9722
6727
3303
2702
7445
3361
1527
9487
9508
3012
9226
5575
4924
4111
8801
3605
3935
5474
9236
5001
4142
4822
4044
3911
361
4211
904
2283
2750
5757
6774
5671
4913
4760
8907
7982
5221
3731
6766
4071
3611
4711
917
3143
1800
364
7902
1999
9016
3025
9175
3007
2059
2832
610
1059
3977
8481
965
9973
8236
5158
6233
5168
5881
2102
6999
8694
6236
2381
8232
6228
4540
5376
691
1431
423
2443
5155
6808
3271
1149
8984
7189
4833
1508
8578
3623
6360
6976
7997
5576
9545
428
6749
1667
5031
223
6784
6109
731
2254
2635
1458
1702
1711
3716
6649
5846
7790
491
1530
6294
2360
5226
4433
1673
8629
1790
8748
3826
3100
8922
709
3962
2344
3774
765
8915
1027
1446
4984
7555
8110
1302
2409
8841
2190
2232
5311
1702
3107
3477
7710
9985
599
5521
5742
7521
5754
9905
6462
8462
6774
253
6789
1067
959
5918
9199
8149
2757
7416
5567
6898
7897
3279
1888
5815
4091
8043
4792
1678
7326
5308
9027
6363
9682
3670
9471
941
992
4958
4641
8382
13
9010
4815
9186
2474
2788
5236
619
6739
5440
8990
204
6122
7907
3544
1981
1522
9072
8297
24
8686
9321
2472
8295
7354
5061
3441
3798
1677
139
8436
8460
7350
4626
7381
2851
9496
4782
9449
8494
2313
3707
3489
8079
9645
7994
7551
6612
5785
1750
1100
8537
2406
9738
3569
6046
1082
5664
4806
8116
8989
1076
380
7784
1126
1384
5153
6455
4207
189
7285
6981
3636
9397
9736
1651
5507
4024
9859
1715
2682
8848
3880
9747
8343
2991
4999
1933
3891
6895
8298
347
8362
28
460
2178
4659
5109
7213
6394
1801
9324
9816
1663
5742
869
3806
4107
4346
4883
319
6380
482
6404
3973
7934
6810
7841
2358
3625
1416
3330
1309
8431
6798
5939
6642
8660
6196
9566
3807
3629
7195
3350
6656
420
7499
8146
7271
2336
9545
976
7727
7625
8021
4924
7579
7932
3910
6432
1034
7629
2139
935
4018
7252
3451
7731
2616
138
3323
2596
5360
5860
7868
6044
253
9852
9961
4039
9348
5717
5961
8805
6290
7290
1757
4510
8870
4907
9796
8015
8480
1951
6295
3131
7239
8740
7191
5678
99
1622
9095
8068
2434
9824
6305
969
3058
4122
5826
4902
2385
1958
5330
2629
3076
8674
6162
8523
2075
6495
6597
125
5534
8671
2516
3503
1947
6239
3104
5737
8398
3654
2292
9811
4807
1992
3401
6978
6689
8179
6833
525
3564
1342
38
6620
2514
2829
9749
1867
6530
780
3410
378
2796
7488
1536
7970
712
7325
9417
4677
9671
7214
3046
3805
5118
1946
3731
3584
6609
7082
4693
7767
270
4028
1126
2270
400
683
576
1115
8351
2832
210
3281
2501
7666
9143
184
7804
8775
3612
1213
8134
833
9402
1136
5445
4381
8597
935
1276
811
9387
5640
3435
1263
3937
4502
2806
9353
669
9157
4166
8773
9431
982
177
8820
9915
9535
3577
6404
1053
4110
4590
4124
6977
4305
8868
1307
8647
1574
8111
2677
1244
8204
922
1406
2540
9417
2288
4912
3559
4410
40
4868
6374
1977
7367
3297
18
303
3716
3081
5163
8816
7666
2787
8079
4909
3539
8785
1516
5607
3402
4162
8040
3344
2111
2017
4777
8649
969
6179
1645
6672
1580
7481
8710
5065
8544
2391
7609
113
8288
596
7415
4565
766
2229
7806
26
9545
4362
9810
1382
3643
1492
2649
3232
9395
742
1555
4368
375
4034
2982
2929
5336
9080
1280
2806
1666
8837
6094
3243
5914
3098
1635
9048
2054
5669
2655
3360
4006
5554
9368
858
2383
8348
5610
6948
7245
1485
3971
10
1629
5457
1422
2454
7737
7729
7920
7966
1246
1413
9577
6888
6655
9226
5101
9576
4906
2846
150
7892
7471
5167
2491
8579
6344
3472
5746
0
645
2898
4584
2310
434
7243
5608
5695
6112
9958
5337
5762
989
2158
6481
3790
189
5432
5670
5875
6254
1559
6184
376
7901
7209
9900
9658
7961
6144
2568
420
1841
3896
780
2834
5993
1072
6699
4106
6128
121
2113
5390
6996
3670
7978
1253
8131
9944
4563
3970
4596
9042
6252
1864
7396
4376
8180
9717
633
3438
7738
9976
4475
1870
6248
5626
2017
7925
123
7437
2836
6117
3595
7685
6817
893
9470
3226
903
8907
5360
9979
470
2790
7326
8254
2032
6109
2308
5713
3233
6161
9886
1289
3381
7229
3099
2696
636
5511
9804
508
8936
1772
9155
1662
3302
8010
4441
5356
2069
5341
7668
2295
3442
7404
1245
6994
2853
594
6962
2102
2234
1137
5165
4606
9907
1354
1793
5560
2970
6300
641
9235
8227
120
6195
8139
6366
2579
8955
4728
1993
405
3128
8351
8554
4753
2777
6907
5551
3670
7858
776
8397
4213
3185
9306
4444
6914
2269
6422
1728
8584
5793
3429
4883
5384
3467
3178
5688
9585
7523
6155
7334
4250
4350
2406
8661
2300
8598
4486
4982
3844
2742
2206
9920
2225
2674
9056
9029
2653
7008
4520
3478
5404
8509
9809
7996
7639
6496
5499
4480
663
589
4773
8079
6763
6946
7769
568
1535
3258
3634
3004
459
1902
7533
1693
2487
7008
1429
2076
9141
5516
2148
5779
8070
7019
67
4821
204
851
3696
1310
2422
5374
4406
4753
5108
5398
3367
565
4090
9679
124
5612
5709
3024
6445
6280
1479
7669
2221
5655
1638
9027
6638
4015
1095
6822
6763
3527
5448
8464
4022
4994
7415
664
3128
5919
1676
6454
92
8601
3235
3321
1449
9546
5845
1849
8298
5952
514
5849
4233
9624
2310
9621
1837
1775
2406
2125
5220
1372
824
7612
5206
3133
237
7682
8465
3703
8199
2996
7224
3697
6099
3773
2028
1702
9957
2824
9871
7854
4694
4562
2664
8576
77
8635
5353
8651
8303
6099
5060
7680
475
7511
3536
6821
2009
8751
2097
4053
1018
5727
752
4341
7336
991
3338
9197
2457
1835
1407
3861
7027
8015
229
9495
6956
433
9479
1918
1042
5999
5143
3425
7692
7844
5980
2722
9832
3644
6829
6335
4610
8033
4796
5411
5867
6933
3804
1934
872
1418
8587
1666
5341
7465
2800
9048
2741
9779
4861
3371
4924
5479
4707
5355
1200
4457
867
7744
5177
4866
5982
3003
7782
2554
7368
5200
2223
5528
3330
8741
614
3315
167
6926
2559
302
9544
92
210
3829
973
6665
2428
9343
1368
7317
5360
4885
4214
3305
8222
7725
5829
6540
8669
4858
6047
8802
591
5283
127
6493
4707
3470
5231
2087
2341
5563
1500
5376
8284
8069
9453
4408
278
2556
2918
6543
1885
3559
8669
3229
7147
2362
8011
1321
4015
1126
4816
244
1508
8236
2943
9572
379
9388
325
2885
3292
7434
4354
3899
7204
1358
4557
6530
9321
2
6003
8887
4419
1608
4978
4490
8268
35
7475
833
69
7125
9605
2875
9543
8302
9187
7806
5872
1541
5320
2745
6929
1695
5575
6685
5799
4024
9828
4655
2144
6317
4014
7025
3276
8108
8371
5037
6679
2103
7728
5417
7095
9998
7497
8631
1582
3404
3986
7352
617
4529
6266
7934
6257
5242
7449
5777
2611
2541
678
6695
480
452
7459
2888
6036
8708
6736
8244
5893
9216
3187
4586
7929
7758
1310
6605
2866
7569
6805
9190
5718
410
1662
5813
7533
813
2942
6411
8881
7989
8492
3959
9930
9001
7981
3165
3478
3172
1255
6613
51
9073
1879
4891
8774
8331
7411
4805
4733
6947
9750
1694
6982
5140
9389
4913
9613
2061
7283
6224
6000
6872
2361
4974
7173
4893
2138
5913
2131
400
7311
4009
8933
8862
2778
1352
1372
6535
9317
599
3409
5381
7160
9411
4379
6540
6174
9126
2878
4337
1166
5445
1676
3388
1496
8031
9008
1234
6186
2433
9999
2499
9477
6082
670
6713
9222
4341
3446
7963
192
7179
1945
1979
452
36
8700
3350
648
4375
3235
5121
131
8213
7680
6874
7749
5956
8161
3419
3744
5921
5654
4216
4390
7596
5629
5567
7450
7571
6538
5981
8560
3988
7682
242
3291
1819
5962
9490
3577
6368
7041
7248
5397
7133
4322
4999
2476
7810
4554
2514
8630
5589
2693
1225
1380
2280
3364
1183
9927
3931
2055
734
1761
8602
717
8350
4229
9174
2427
6235
7241
5635
8551
3423
8265
6563
5273
728
5356
4695
404
2525
909
2833
9226
1787
5714
9820
6449
7779
5034
7400
389
9320
2542
9911
4836
6006
9199
5668
7154
6792
3397
3124
2585
8758
7919
7828
1125
7119
1441
864
4720
9630
5618
2651
6429
6214
5204
2003
5161
4684
3233
3700
5829
4842
2167
6955
2433
9610
8160
587
8790
2571
6388
1245
9374
1556
9762
5598
8072
2890
5261
5330
1931
15
2928
7324
3722
7859
8070
7843
4548
5626
3905
1531
5027
3586
1351
1114
4596
7508
9496
9442
6676
7606
4652
1479
1703
6574
66
3508
8077
9425
1466
8969
3357
849
2106
3507
2785
5135
5116
1375
9301
5980
7692
2503
4337
6734
205
1826
8735
140
206
4320
6153
8270
8767
6671
1613
8035
5155
1579
5257
499
3455
2478
683
2951
5412
5351
1402
3520
5398
3827
5318
2148
4820
4496
9829
1853
5610
7874
2671
1641
6022
5353
6061
976
4345
378
5304
6290
2009
6921
8967
2418
9532
2226
9037
7171
3625
7272
1004
9120
3350
919
8658
3053
5341
7455
6344
6884
7589
7763
6826
7115
5988
8110
9890
3028
3538
8806
9681
7363
2809
3144
1657
9212
2391
739
1131
2544
5817
1307
2724
3409
3349
8795
4054
2740
7837
43
9660
8047
404
9020
6847
8861
6001
3515
3796
2150
2569
6413
1632
5902
3515
2900
4880
2902
6373
4185
3642
4566
5901
1595
2412
3568
1000
7058
465
1298
8515
9804
5677
3953
7587
8677
5407
3987
4307
9930
7338
762
8514
8044
4812
4696
4790
3015
7195
4824
2845
8005
4685
2699
1382
3880
78
3550
5049
330
9180
6735
9657
7351
6831
2890
8561
4931
6439
5296
1754
4152
53
5944
421
2022
429
6230
5806
9224
6832
2026
4075
3947
9536
1118
4700
5486
897
163
7973
7466
3115
6042
6019
3930
6005
4559
3154
5181
3672
4222
818
9800
8594
4461
7797
8787
3785
8746
4306
1029
2051
7805
9385
5545
9168
2084
3469
1019
3113
8280
9495
4944
1680
9447
852
5002
3826
9859
6588
5042
874
4778
6195
7236
1227
3195
1734
2259
2019
8190
128
3875
7633
5377
2411
664
9786
185
8147
5591
9714
5855
1214
2775
9333
9935
3542
1481
2024
9664
7679
6827
521
835
5235
1880
8523
7849
976
1560
5725
9349
2605
9532
74
7930
6867
512
3200
4523
8758
2574
1036
6261
1324
8126
7480
1381
8191
1021
2110
2025
7758
2589
7344
5205
3569
6798
1384
7506
8877
9433
9375
230
2986
1644
3869
5225
3169
635
2166
1466
3449
8164
6555
7491
8629
9346
7481
2010
8660
6214
2861
1864
9597
4791
8612
7943
6951
3084
9108
4245
7093
2954
629
683
8917
8914
8559
7724
6030
7311
7967
5579
4276
4660
8893
8183
4069
8588
459
166
659
9313
8184
441
186
4724
7342
7025
5187
6949
6072
3088
5727
6952
9719
6177
4275
5801
2717
2533
36
2806
8364
7224
6804
2422
6248
4015
3010
9637
565
1366
283
3010
8299
7139
5065
372
2704
325
7609
7511
4237
3266
1546
6522
6201
5298
5893
1111
3821
6649
2774
1910
4414
120
1385
8371
9634
3967
1487
4518
3783
453
4001
8801
4080
5279
5938
1736
4222
5720
8613
4594
7834
2168
7241
5374
6656
9115
7743
1428
8012
4738
262
5447
6536
1949
5529
9688
8733
7787
4237
5053
1871
8226
531
3823
9393
9505
8772
2385
8484
1005
6739
6859
2513
3286
6040
3087
4354
3911
3469
7598
223
4194
8278
5875
2513
3048
3527
6524
2263
2345
8964
1690
3658
5286
2581
3884
6632
7608
1161
8906
7557
7467
7749
2897
4611
4590
1593
2053
5770
2498
4499
9033
6093
1222
3479
5903
9073
7919
2894
9649
8826
8736
8575
2011
3844
9016
9648
8975
1469
4717
7606
5212
7115
7149
2354
4896
1452
4182
6228
9056
430
325
6751
8239
1937
4310
7333
495
5979
8793
4205
7017
1436
8205
6750
8570
8596
7260
3458
9770
30
2224
8027
6952
7960
9274
2454
3523
2449
5966
3183
3129
2253
6567
4316
4152
1060
2971
4225
7699
145
8818
3005
9013
2157
7286
8377
1127
9522
8177
0
5968
7133
6406
1365
4638
8198
6051
1262
5421
7192
9299
3458
1076
6197
8946
201
549
8273
7733
4487
8392
6621
8366
8912
9273
7660
2060
7410
9445
9293
2206
1603
3791
4791
6830
5747
8791
7795
1429
6691
7254
6853
6666
755
4428
2058
4585
4574
2567
2124
223
1100
78
9197
2415
2166
6541
5287
1107
4048
630
7310
916
5326
5130
6951
5243
7465
9294
9959
8841
8163
1016
9720
615
7490
7237
4306
2809
9864
8766
5483
158
6158
2555
4595
5679
4833
6386
6819
2639
7073
1591
5544
6172
7637
2145
1926
5814
1552
760
7673
7926
4710
5631
2227
364
8122
1150
3708
6022
7218
203
2750
9062
8906
9977
5073
892
7852
2929
8414
2541
2981
6252
2647
9889
2345
8332
1244
4289
8252
8573
1033
5121
6262
1207
5014
5497
405
4268
755
969
8476
5151
1102
3720
3858
4523
3176
4992
7200
4554
4684
4525
3290
2409
268
1388
1385
2078
8069
8851
9860
101
8799
8149
4887
4391
2827
1131
5966
6485
220
2140
7545
3941
4506
2722
8762
3532
8075
7066
8051
8602
7468
368
6536
6220
6179
9041
2540
2973
9475
377
863
6085
1720
3894
61
1144
7594
2706
2347
7937
8287
9419
4746
2299
9774
899
1913
9572
7552
8198
5925
910
8946
7730
9785
6984
3784
4673
3730
1966
2611
8491
6416
2464
5812
5296
4037
3233
842
6463
6143
7698
226
4556
3882
1381
661
758
3235
3452
3512
5651
89
2772
2107
7346
7760
1252
2426
7423
6366
5282
3626
7762
7435
7725
7587
850
4909
5118
4007
206
641
8476
3254
9944
2493
3115
1307
8890
8608
7229
1690
1250
5433
7916
6576
2581
4350
5063
5189
7245
5287
8727
6012
4683
7011
1600
8098
3935
6216
7622
4452
191
9978
3527
4155
6988
7914
2684
7467
9076
7617
6075
1357
4202
7294
3804
4534
4974
2065
9835
3128
6600
9405
7803
2841
3531
6101
544
3868
6862
9815
6955
5318
655
7543
6812
4555
263
9202
2322
297
4852
6728
2565
7426
3643
7147
6691
7490
4554
5540
2339
3598
5098
9811
1369
7494
5575
7920
3085
321
8002
9956
6221
5884
1
8978
8314
4118
425
9414
6124
732
4603
7527
3335
1986
2193
5249
6309
7155
2672
438
4320
3241
7559
5027
51
973
1088
439
725
7021
8124
392
5925
8967
4078
9354
8102
2037
8966
7106
2366
2200
3406
2269
6746
426
1004
4699
9530
8367
2769
7071
72
2775
9438
4148
4354
970
9415
5647
9466
7573
5451
4128
2676
7093
1723
3283
165
7175
8148
3632
7575
7402
1924
7428
8025
2562
1517
4980
2667
5466
9156
1589
2974
6805
1238
4788
8478
8155
5194
2186
555
7657
1830
774
9242
5401
6760
810
1355
7720
5374
4121
2891
3175
3056
8442
8832
4289
2883
5667
5975
5518
664
819
8582
3549
7569
6808
9444
3161
4566
3323
5489
5371
3796
2691
9739
8291
2735
9261
870
5268
4202
5335
7273
2779
6669
1131
9329
3939
8632
8370
7033
342
680
1298
9983
3038
1532
9895
7102
8268
8456
4980
1379
8569
7145
7985
8819
1467
3182
5599
5542
417
2684
5651
8046
4715
9236
4689
5093
2558
7270
7906
9043
60
6610
1406
7685
6068
6152
458
4713
4932
2021
6708
2524
6887
9958
2025
1325
9789
49
19
9947
2368
3754
606
5167
953
8880
3087
8541
9201
3168
2022
7829
8861
3185
2679
6446
1895
7893
9977
6943
3608
9722
9951
4838
9325
2470
1676
8286
63
8820
7851
3033
3381
966
3364
2410
256
9725
8360
5598
9285
3810
4994
3784
8370
1390
2740
3601
2952
4471
2037
2781
9455
6931
8360
4565
5704
221
3001
623
1986
266
953
1088
7217
7558
8808
1415
805
5992
3730
2562
364
539
2494
7868
3588
2169
3151
768
3998
5844
7297
8400
1431
3476
5149
6806
5919
1375
2545
3399
5704
4495
1693
5947
2500
1009
2113
3650
4396
446
6819
5776
8244
6581
295
2584
5496
1091
2688
7004
7593
4416
4038
4354
4094
8475
1431
9094
7912
8235
381
2784
1958
3151
5148
937
7364
9798
8092
8776
4538
9219
1610
643
4664
5190
7745
7915
4230
3445
9286
7221
2186
5333
8567
7271
2453
345
7925
3172
2754
2308
1892
6094
4577
9341
6120
8712
8639
7269
3604
8408
3540
7392
7609
1686
2447
8398
5137
1360
3301
5330
3985
9304
4627
3525
2042
3946
499
4177
5240
4851
3337
8530
5177
1448
9630
2999
6299
6235
6612
4978
9087
1337
4512
1301
5076
8267
4315
4306
1634
5335
352
7597
5753
4287
7868
960
4095
8606
5577
2568
888
1393
3893
9733
4937
3053
7971
8040
4231
1730
9422
8607
881
4223
1406
8563
5598
144
548
2855
9004
6938
5545
1344
1139
3044
7370
4911
4121
6460
2933
5531
510
1735
7725
1177
970
9971
2870
9669
4744
4973
5515
7574
1230
9599
7351
4524
4304
2005
3883
6949
3388
1393
8380
1485
216
6364
7998
7666
4364
7320
2960
7855
2053
6500
8000
8775
3252
7920
6847
8971
959
4946
7320
4497
6906
8189
442
6414
276
5877
4343
8763
1885
1836
7774
2675
1794
4921
7631
7985
2361
8878
3587
1810
1757
5180
5209
5495
5459
282
6553
6391
1004
8542
3705
5692
6017
6284
9996
367
9342
2084
7434
9656
7408
2464
9264
8833
5564
4112
2713
4342
4995
4446
3057
6292
331
7991
896
7148
2222
8359
4601
3391
6810
7614
6958
5072
2164
4668
8288
4510
1262
7843
767
2627
6793
915
5741
7443
1283
5284
8519
5721
3607
9005
4344
7906
5882
4674
5823
9222
5587
9500
308
4062
5136
8717
8566
2132
476
3234
6425
8310
9240
1207
1452
6174
9057
9628
6319
6742
5008
4764
4022
1154
2462
1611
2778
2171
9631
126
9201
2268
3941
2583
6698
7145
7504
996
4445
5147
8404
8904
6879
5843
7461
8971
382
9041
2834
2394
1692
3007
7938
7419
3380
8111
2467
1966
2020
4275
4294
2281
7523
9072
7792
3
4414
2208
9767
7219
5968
7424
8962
792
3705
49
5825
2118
1921
6583
9752
5697
1605
9936
6001
8800
9034
1383
781
5609
6106
1804
8956
4511
5061
9143
6847
560
8324
8980
3781
6284
4188
523
5455
3135
9260
2901
3201
1168
3057
1480
5225
3542
9384
5081
41
5213
2135
458
2810
4701
7917
6086
460
8120
7716
7942
753
3259
3102
239
8229
7241
2415
3544
5898
3770
7681
4113
8830
5179
1718
5455
6963
2206
3513
8730
7459
730
4033
7978
5501
8738
8983
4626
7120
3351
9638
2110
7381
9817
9899
2381
2432
962
6040
1666
6913
8563
4897
966
1985
5753
8839
9656
2627
63
8729
3357
7712
7552
6239
6837
7297
1868
1150
9474
4590
9340
9928
688
5589
7583
9191
5707
7913
5697
4091
6060
3280
5253
5094
7099
8165
5571
9380
6750
7266
8861
3917
8634
3716
9172
4132
6801
6894
4870
3969
744
3272
8710
3234
6347
2563
8320
8476
1082
8611
6349
9613
7112
9077
7326
2885
8277
3160
4442
6693
2024
877
6689
7711
4849
7644
4039
7347
7508
360
6191
9911
5772
9304
2295
9430
4566
9726
4052
4651
3080
9862
1617
2198
6497
1257
7887
4528
5986
9791
345
9930
4495
5741
9282
7364
218
1868
3763
5059
2277
7396
9321
3006
9674
3649
2402
3144
883
7102
1305
5833
797
5352
368
7865
9373
1784
7378
6050
4059
3756
133
5722
2813
6248
1023
6215
9436
1139
9798
1902
9729
3690
7933
521
5793
9038
1036
8207
661
1057
2032
3097
8977
7898
4908
5324
8359
448
8746
6109
7789
2767
8839
2332
27
8754
6802
9069
2160
4946
42
3100
2408
5810
4455
9442
3980
2181
2210
8335
6404
5817
6545
4167
7122
2459
3062
2718
2389
7529
8474
680
2675
6032
6086
5894
7893
1442
8778
6757
8208
6483
1765
9342
9392
4898
4245
4760
7497
9367
8419
9094
2495
8392
1784
4359
50
9890
8550
294
2385
9279
8516
8156
5542
5148
7791
4837
4613
2314
1488
6067
5180
4990
6253
3112
7676
6804
4463
4650
7601
6469
7072
2181
8064
3026
1695
2055
9559
7087
4381
7694
7091
3572
7573
3770
10000
2022
3312
5255
4771
922
1054
8989
3516
9441
443
241
1072
7634
2888
3339
3462
4941
5151
1076
3885
6504
2383
6967
1576
4966
5867
2530
4415
9409
5615
4999
3652
8546
7649
9464
4625
8157
6701
9492
9249
4443
3789
117
9744
1393
1462
1366
990
7949
4449
6704
3258
6792
6112
2068
5504
6522
1175
5533
3180
6113
4212
3893
4265
5221
4550
5081
4928
7938
4599
2422
5992
963
6106
7167
2803
9572
793
8403
624
6108
2956
5539
9882
1947
8305
2486
4375
6603
9321
7888
727
8920
9297
1309
159
5367
1676
9370
8880
3037
2710
5601
26
502
6772
5628
1364
2626
1387
4477
1679
8422
6570
21
3644
2859
9510
7404
8920
7337
259
9179
8939
1452
9985
1941
463
5090
2607
1884
6053
1816
8198
9310
306
9794
2990
6453
5582
5361
9541
907
4367
3163
3131
8527
8122
6709
9674
4168
6743
6978
8358
1774
8224
3130
8306
624
5043
7601
1247
6706
5133
9209
9656
4925
6234
3293
4619
4433
2695
5145
9960
2009
234
5696
6375
110
9809
6605
3557
2301
1541
3480
6670
2058
7514
9956
8702
7524
5568
9260
9075
7586
8843
895
5925
2186
3335
8256
7188
7595
2847
5582
4013
5908
9440
8208
3196
6935
3133
8341
9081
428
5296
3554
8664
4584
8147
5314
7460
1080
8652
8066
3875
6298
7501
341
1657
8120
8513
9970
2248
3390
6195
5976
9850
7071
598
2655
7319
3238
2138
9827
9214
5825
6314
1312
9562
6455
7003
9823
1774
5516
8534
4352
9638
2305
2094
5697
2664
3131
1746
6057
7999
2402
502
728
4567
2895
3265
1345
1837
9310
1578
2924
3263
3944
1961
1419
5048
8656
6532
705
3034
161
89
7610
8679
9271
2998
8373
7816
8150
3939
2667
8288
2791
6328
7079
7791
6634
6486
7576
8927
3364
231
5962
635
8293
4241
5495
1910
7576
5404
7208
9247
341
767
9098
8767
59
8542
3247
1129
1557
1719
4578
5643
8057
5317
8557
6396
8584
2007
496
4182
6604
6312
5600
5704
2106
3816
5928
2457
8714
9090
5313
9061
1477
5972
2941
2102
3614
5059
3131
1982
8407
5399
1120
8264
6943
7103
7310
9969
4945
5899
9614
3422
8495
4776
5910
4097
5159
9864
6640
6181
7113
3184
4673
269
1502
2451
2274
7304
1913
2060
730
8257
9469
6766
7350
1927
2917
3093
9859
1814
2347
3657
1123
2204
3355
8016
3508
4386
6588
6966
214
4230
5358
8717
6739
102
382
3830
1913
5301
1135
1115
9611
421
6329
2954
8952
3453
5961
2478
1477
8774
9126
8119
7598
8916
3037
1380
2039
2735
4311
8001
4389
3049
4859
1733
7736
911
1404
1417
5113
2532
2679
9055
7171
5134
360
5386
3472
9788
2890
3161
2593
6072
1614
7217
3241
7905
8460
857
2595
8459
7317
522
8915
7229
3470
9439
4719
4207
8607
4283
2491
863
5017
2199
3600
1694
4322
3476
7374
8062
8841
541
8905
1303
715
4153
8484
4957
346
2983
3183
9510
8815
2824
1903
3140
7347
7814
5464
5406
2911
5823
9879
2662
7497
3174
4238
127
7347
8473
2685
5810
4502
3967
426
8982
6154
5925
3467
248
8184
5482
3260
427
4327
3631
7903
6409
2452
5237
917
6873
4594
7494
6487
4945
7151
6775
9889
7123
510
3743
601
43
9940
8857
3086
9320
625
5252
8566
7730
3124
5664
3513
5782
5458
7700
3287
3514
117
4949
1618
3143
5495
8063
9474
9583
7416
2752
6365
2420
6159
7131
8718
15
8057
6149
8518
359
2808
6
9896
4003
2617
5619
2662
5303
7531
703
3898
7123
9080
6533
1883
8676
2614
5244
2322
8471
4131
3791
2796
8926
1371
5504
5575
3890
4382
6733
7514
7870
599
9740
8755
5483
4662
8953
6509
1599
522
467
2833
7852
8871
1511
7271
6482
5370
4653
4784
5682
6610
2817
2919
3929
83
1532
8671
3346
7061
7580
1432
3724
7277
3184
2445
9759
9256
4760
6812
9871
3306
1805
6490
5249
5818
5827
9455
7339
6625
6761
4901
7233
1860
8595
1417
8585
8076
75
703
9521
3444
1171
2717
8153
8069
5483
3393
1303
1680
8534
7012
9625
4503
415
3406
7218
9484
9551
3655
6762
1834
6598
3687
1473
999
5646
25
6982
2612
4130
8087
2069
6351
2837
5616
233
1528
6123
3557
5422
4080
6758
3220
1491
9774
7366
7393
5786
9895
1051
3447
8196
9536
8256
783
1829
9407
3971
195
2383
2957
8413
7339
259
3997
2727
8975
1348
3046
8615
721
3084
6948
6059
3745
3135
5281
2161
862
1580
1071
2971
3780
9657
9139
7337
7952
5678
8846
5758
5528
7710
9199
9820
3948
3134
7154
4799
3928
8346
5316
660
5515
6792
113
4707
4458
4216
4449
2049
3895
7199
2982
3743
506
2777
1553
2753
8204
2967
7474
3229
8538
3220
5379
6751
6458
6194
4484
8860
2006
8764
2251
9777
7405
1625
5529
450
5420
203
63
1948
4261
2344
2708
1664
1281
2212
7864
9861
8469
4474
5331
3600
2757
1981
8599
8098
3295
5960
9520
3113
9890
3747
8945
3054
1333
234
3898
711
7438
6721
886
4483
6738
4248
7693
7109
273
3456
6606
187
4179
7652
6171
684
495
3618
5493
433
7228
7674
5849
5722
7960
1923
3735
8921
5360
4776
2073
8763
9060
9210
2205
6174
1083
293
1940
964
6501
3992
1004
8628
3914
1638
2256
5102
3052
308
8328
6956
4660
4020
7998
6190
6385
9207
8598
9060
5553
3778
8738
5181
6103
6884
2035
1656
5616
9283
7328
706
478
70
9101
7276
8354
8835
9933
9501
6923
5770
4625
2120
286
9749
8928
9895
9368
5759
6217
3377
3067
9249
5358
9376
8632
7259
986
5664
2125
871
1568
5951
3009
9434
4872
8145
9926
4993
1106
5939
1297
6071
1820
5834
3658
718
7217
7661
3993
3109
4587
2935
4883
15
9514
494
8983
4526
126
1488
5986
3543
3612
7650
3808
7430
5619
1711
3218
8229
2267
8466
4073
7946
1877
84
1566
745
1034
7386
7325
3429
1409
8386
2230
2066
2758
4445
2976
9675
2496
5527
426
2525
5673
7879
5160
398
5686
984
6024
3548
2925
9090
6740
2252
2694
764
7575
1232
1602
6765
7289
9691
6399
4240
8423
3513
3738
7528
7842
1316
5084
5946
1811
1952
1001
2006
8052
9209
3941
8043
4078
8243
4311
8225
1986
1492
5667
8019
2790
4719
600
1823
3853
2778
8115
4014
6796
3340
7459
5280
8857
5934
3091
2862
8845
4558
4960
2832
8167
7692
9475
5427
1420
1446
8374
1333
874
3255
193
5578
3052
3225
2809
6296
5765
7398
4480
1567
5573
5819
4832
5376
1541
1409
9636
4656
439
2973
862
4331
9435
7168
8137
6638
6140
2788
8215
2887
4736
179
5927
1576
4020
4321
3876
1248
830
9466
3579
9707
4114
7805
8213
7860
587
2251
6549
9614
3717
4840
5134
2119
2920
9205
6767
7837
3719
2752
9884
8114
7019
2352
5641
1096
4231
4940
4253
4278
81
8785
7539
4920
3778
2198
2980
6662
4241
8331
4651
746
5124
2633
2583
4573
1061
1566
7485
4360
5918
1086
5760
4646
9069
8124
5937
6908
4386
539
1088
5801
6407
465
7672
9048
2889
492
7558
3583
1208
3542
140
7247
5295
1318
159
3124
9979
5499
8368
6727
9444
4749
5300
4417
5603
9335
9094
8562
1861
9216
2365
2366
599
5632
8616
9956
4999
2606
1536
7590
2092
7965
3008
4298
194
3269
3061
9272
6975
1868
1468
2604
8911
6931
4364
1331
6202
2024
1065
5662
627
6001
3858
7294
7802
3200
4409
3814
5616
9168
8299
2764
3675
8981
9244
8763
2973
4893
1149
7724
5898
5306
5669
1158
6703
3723
9014
5540
2582
778
1987
6021
6410
6532
5573
835
13
1481
9700
9891
6558
4604
421
7760
1788
3248
2829
3302
3141
6204
7336
2629
8530
7121
1098
9984
4272
3356
74
4849
2574
9779
5979
3939
7741
3702
8918
4520
8451
7356
1110
3828
2757
5635
456
4292
7129
6466
3647
9451
331
6757
9115
9098
5455
6800
5092
7459
5077
7317
7190
2719
2277
7073
8494
1499
4196
98
1406
3628
8056
4411
8765
4822
5824
7762
8674
5021
2972
8328
149
215
5590
2711
438
6120
2596
1018
7300
4437
70
196
8298
8365
996
6415
1873
9948
2299
4225
5091
5548
3784
8761
2769
6845
4391
1157
4227
4799
4761
6457
6572
7899
6961
6918
300
4802
1903
8989
4062
3839
1135
5865
5485
1270
2070
9398
8923
1696
5889
6099
8041
3350
931
4536
1766
8361
3470
86
6782
3661
4829
9186
5326
7244
7931
4411
5414
6977
5601
1093
5017
9789
415
8293
2209
3810
3842
7602
8617
7999
4699
5354
432
8649
7770
575
7695
6890
3438
3378
1085
422
5474
2680
4928
6946
1170
6843
635
4555
7477
1408
7075
5037
4474
5741
2134
4879
313
5985
9417
5402
1676
4445
5898
7858
1702
9801
6401
7425
2784
6813
5647
7939
2729
8805
5158
1831
6601
9328
8262
4773
240
8569
9857
6943
6626
6802
8390
2397
6329
4167
204
8314
2203
6441
563
3398
701
538
2588
4234
346
9967
7458
1134
3588
2360
5363
8480
4404
4773
9763
9881
8830
8884
3549
3436
7791
9154
6667
3436
1242
4724
6118
1438
6047
6397
9828
8882
7330
2888
5135
8906
6166
5462
5099
9188
8767
9810
573
978
2190
5938
43
1708
8975
2013
7931
7288
2426
9828
6782
2136
5710
3813
2558
6847
5014
7346
8510
309
7230
3690
2591
3235
3125
7287
5678
3443
2695
5149
8471
6251
4236
5829
5831
7695
3585
6302
68
4426
6838
4884
3421
4225
3160
8385
357
6788
8670
9551
4036
3553
8827
4810
8572
7648
4520
643
1761
1998
4184
28
1507
5950
2357
547
6327
3215
6585
6781
3796
4621
5671
9171
6832
3206
6903
5696
3925
6224
7524
4290
5016
3809
9398
9202
3064
3434
4257
3235
2943
6250
5424
6658
4522
7152
1934
9704
6956
9280
721
9943
2698
7427
2304
2776
4706
6390
6820
4988
8955
6004
8255
6647
2543
6526
603
1639
9830
9929
4594
395
768
1776
9953
1648
2644
832
184
8498
2224
1195
9932
2513
205
4136
5224
276
2181
3891
8211
3377
5212
5222
5969
5598
6436
8967
4200
8845
9996
2404
2067
9711
606
4410
3778
2245
2910
3670
7812
5461
9233
9371
3044
8052
6250
3517
6736
8781
6495
3453
9463
7674
7217
356
1572
1423
9675
2868
1641
9312
8890
1246
5144
2619
3483
8305
6899
5055
6670
8567
2256
9062
8726
5410
2344
2991
6767
1755
5839
8268
5125
6123
2869
3114
8243
4940
1723
9228
1340
4241
5623
9567
9864
9411
3387
5029
9979
6217
2705
6354
1093
8581
6476
9168
319
8524
2335
6460
1036
1933
9433
1313
4892
2629
6911
8698
6701
9441
9390
1465
8090
7818
7588
4472
7702
8446
3506
5492
7378
7144
312
817
6673
2391
9046
1530
5054
6840
5068
4274
8101
2387
5597
3566
16
9627
2928
8472
2096
9489
4423
7823
8198
5334
4494
2796
5217
5498
771
7547
3079
6365
6304
8704
5617
3789
4609
5353
7751
9679
131
3246
4125
6248
45
5381
9872
2628
1984
1084
5520
450
2765
6336
4172
4123
162
7245
3488
554
3337
4159
425
8570
2254
6177
6107
5612
1539
599
4989
4140
1700
471
6081
3731
6144
2946
9157
6503
3996
9226
7242
2718
8768
2714
3721
3371
1664
9362
8323
7152
1392
2201
1555
3725
8169
7238
2561
6365
3680
1431
8406
1932
1782
1239
9844
1579
9016
4918
9562
7500
9213
8914
9128
4679
1653
2657
723
7808
6282
564
2361
265
3730
5818
8849
2051
1109
3468
7772
4160
5444
8737
8846
4412
5113
3326
6613
3564
4703
5256
5861
1550
9793
422
5625
735
6753
2039
6829
5609
7913
8882
6957
9520
7149
4543
3961
935
6061
6919
8955
4574
7856
1129
9680
4768
7049
983
8394
2233
6576
5955
3319
833
8618
4894
2401
670
5925
3368
5264
2656
276
9371
6424
6687
5931
7150
932
1432
8725
3473
1304
3021
1153
8994
2137
3073
5611
4405
2322
3087
523
7637
7317
1768
5996
7164
2256
8448
4163
4759
2002
288
5273
3204
2805
4340
5948
1419
129
5224
457
6839
5615
4818
1288
9237
6815
8224
710
8822
2468
4833
2685
927
2279
1469
3817
759
7892
4604
6137
2139
9135
6294
443
5220
6064
4710
4208
7973
6524
3230
9689
5721
5851
8814
1687
878
6588
6060
2543
1785
6917
9455
5331
4170
7793
389
4078
3830
2706
3138
8553
5994
904
9578
2090
7985
4423
6009
384
6798
6305
3500
2656
9963
3798
6435
5936
9737
5521
1314
7034
3879
1445
9995
9666
7976
9293
3195
6899
5692
8468
666
2595
5798
175
2826
9719
1862
3586
9068
6946
3905
3924
4014
8282
51
49
849
3738
1809
3209
4267
9224
4306
9472
4393
8474
477
4817
6042
1806
5799
9494
2837
4946
8634
8205
3543
6193
3959
261
6435
4746
5633
2689
5865
5061
7787
9371
2692
4615
9160
9717
2293
5033
3304
6750
1586
4099
8157
8081
4078
5262
1058
3538
6916
1224
3010
9254
6756
7064
2260
4225
4417
2135
1744
333
8473
3038
9680
6559
3043
6630
1003
2420
1083
4313
4274
7460
1602
5913
2138
1244
8911
4104
4571
773
809
7729
807
7894
3307
6230
3989
4874
1384
5555
2872
1163
1895
9643
1373
1507
3838
581
2100
3089
2387
8474
2679
592
2251
150
6916
1446
13
6559
7611
3175
2801
1412
3676
8270
1885
6506
7736
1673
4367
1992
1146
5308
9926
5188
2154
1560
5440
2375
1804
9953
8224
24
8105
6201
1615
2740
96
8316
8494
748
1641
9500
8747
4586
2830
5125
2428
4027
4891
5182
8808
1002
732
5581
5777
4924
8750
9967
8736
1960
3682
4804
8206
3444
1953
9671
2055
2273
5999
7467
182
9337
2473
9361
5640
7319
7018
5512
1050
6079
288
6087
2342
9075
5954
3773
3241
9050
5228
4261
7473
5665
5865
409
3777
8817
5906
5200
41
2930
481
8468
3243
5897
3238
9134
6291
438
6792
7017
5584
4653
9391
9875
9042
9887
107
7461
2403
9755
2846
3412
9995
3874
929
4748
5022
5231
5092
671
620
5979
1864
7407
3356
724
8630
3610
3526
1088
8700
3046
5194
224
6196
7539
8702
294
7489
2024
3674
3157
3038
1433
3551
6866
6543
9615
112
5793
4025
3984
5546
7907
3328
1632
1714
1030
2774
1305
8683
6192
1265
2235
4768
6810
3225
8602
144
9850
3073
2892
2741
2265
8913
347
951
53
8872
5366
1398
1468
9237
1321
2026
7911
6542
3888
7708
5383
4773
4523
1116
7837
330
3513
9300
5999
9104
1570
2197
4449
4309
1383
6041
3495
7332
2145
2833
7596
3895
7857
9395
8965
8319
4055
765
8112
444
3874
2938
7712
6543
1255
1184
2317
1393
7515
489
5165
6620
7159
811
3628
8853
2734
1552
4875
7652
5586
7860
2780
3637
301
1044
9152
6265
5928
1159
7462
8085
6148
4581
5904
6844
8725
6185
6927
6061
5364
6782
6998
3103
4263
9947
8416
9784
6267
3232
4936
2100
3954
9341
9650
8111
5465
7783
8129
7201
4215
3314
883
4475
1345
2732
3826
7348
3622
7997
8526
8153
3235
444
8407
7897
9613
8233
262
5554
4700
426
4830
4920
4801
7928
4592
9373
8034
7700
447
1267
7996
1603
7673
5356
20
4751
1572
5091
1619
5792
8659
5741
7741
1067
1674
5048
8251
9696
6346
3522
6276
7990
370
9072
8743
7766
7259
4741
3945
9960
8853
3847
7778
6257
1049
7556
211
2456
6272
5611
2879
5894
8422
8756
2390
7818
1
3828
1682
807
785
5162
9918
4067
2679
569
4972
4546
3120
6970
8566
5294
1331
6712
7477
8673
5650
8349
5961
1295
634
4043
12
4460
5221
1078
2422
8866
3113
9079
9613
3300
6227
8135
8545
649
1641
1148
885
3709
927
186
6753
7134
4294
631
8551
8384
3680
7216
4590
9275
9819
8522
8825
8275
935
6778
2230
3061
822
9414
3607
4756
8801
1156
9740
1767
2641
9637
2277
2057
6898
714
9447
648
4907
5726
860
2732
9100
6176
2411
7117
6037
1003
6095
5463
1778
4308
9518
5982
1020
894
4870
8159
8146
1409
1673
145
6452
8934
9382
5723
6450
6743
2143
4618
4854
5221
7373
6616
1049
1
2943
56
3122
190
1205
7354
2434
7591
1108
2523
8857
1334
8507
4079
1335
1033
1215
8189
1686
8898
2939
7592
8807
5094
427
214
5715
4234
5892
4391
5163
1836
1587
4753
7281
5014
8956
3967
7069
9880
9543
4415
3936
6314
7984
8368
8112
5380
7835
5802
1290
2707
7776
1560
1894
6678
8689
58
7484
6304
7126
9920
3010
5966
9406
8428
1734
7378
6738
7488
6594
8661
8296
7774
4552
874
7681
8727
9235
120
9641
349
5216
6803
7860
2945
3403
6484
1058
5916
4320
6594
9511
5370
4988
9345
2487
2880
6570
4890
5946
5552
3343
8227
518
9168
7599
2241
1339
9148
3381
7124
1082
3720
5243
9590
4971
7607
5107
1021
4989
7561
1584
7110
9194
1171
6008
1402
4113
4316
7326
5161
4113
8480
7684
1792
5051
3391
7935
7746
3785
8169
1395
2614
9733
7475
3641
1868
8458
8517
6140
3145
947
4071
3961
6317
4242
5259
8803
6552
5802
6762
7316
6579
9458
3019
7626
498
8221
104
6560
1244
171
9365
3435
1671
1074
4897
1916
9639
5247
8951
6255
2104
1018
7674
13
5522
5314
8901
2846
5020
4883
6763
9000
1549
9208
636
7428
9999
9080
8741
8745
9980
7336
6433
1718
1695
2271
8491
2975
5340
2427
4397
2562
1384
5782
542
9146
8716
9685
2182
4589
4036
9085
3387
41
3630
8018
8581
2741
3475
30
6605
6856
9770
6714
5911
3154
6375
1290
4077
9281
2629
1798
2726
5472
94
2250
3237
2822
6910
1243
7329
8885
6695
3395
6718
7481
1014
5636
2407
8160
2727
7918
9273
8514
2092
2218
6423
9017
3365
6351
3087
7306
9817
992
6260
4141
64
6760
5210
1133
4349
2627
5978
619
797
8278
8364
826
2140
7392
4015
9782
5509
984
7316
3709
6019
9655
2197
2974
4986
6628
3700
383
877
5269
7078
3221
1629
614
6014
3234
7023
9425
5299
7869
750
2796
5069
6539
9145
4183
2305
3790
350
8099
1370
3905
7771
15
3004
5185
1854
3664
790
1891
3086
5651
6962
4178
9356
766
1879
6279
1217
924
3772
8552
7084
7701
492
5145
6317
885
1971
739
5899
88
5059
7147
3932
4349
2776
3608
6962
334
1809
8290
9983
3517
7646
6577
6468
1379
8888
4089
4304
9555
8498
5564
4592
1545
7636
7805
7017
1726
5235
5522
4437
3802
9370
1120
3690
7869
8407
65
6676
8979
4627
9047
7359
1724
373
3717
12
2801
4517
8715
133
3752
7226
880
2818
5293
9637
2737
1633
2974
8819
9276
943
8442
2534
1115
1649
2549
1758
8657
8209
7562
7888
3237
2724
6452
5333
6667
9255
1015
4861
3863
6235
5570
733
9330
1316
3314
3423
6002
8923
7743
5367
7761
9474
1101
4069
864
3094
6159
4221
1861
5337
3983
9525
4929
9174
5970
4643
7471
5531
6189
9485
7043
8217
7555
5747
2534
638
4695
6203
7158
1669
247
8725
9007
2325
7474
4371
4459
4332
4472
5526
4676
6479
6677
2507
7611
2548
412
6176
6037
3636
9618
3080
6925
9813
8301
7061
7816
379
4262
7345
1959
1935
399
7345
1440
6291
2674
6740
3765
4908
3257
9696
3743
9791
9477
7986
3654
5776
5980
1719
1936
3562
673
2026
7769
1346
5379
848
464
9865
3979
7641
3791
7699
2413
7974
5563
9659
4453
9028
7264
1874
2156
6443
4391
2282
2667
7666
9927
8995
8538
1996
409
9806
2143
7694
7846
7767
5417
4925
5628
4228
7767
1155
1946
1528
2708
659
1628
6299
7126
2357
227
7228
5636
4654
169
7571
7711
1925
456
4126
4441
7990
4219
5193
4684
363
5068
2330
6708
5418
9028
8846
1960
6826
8046
6543
7662
2625
8658
3369
8380
7069
3032
1521
7573
3181
7532
6875
7480
7699
6657
5076
5336
4262
2540
7630
2352
5072
5929
8318
818
8803
837
6699
9694
3263
1329
3903
2563
8181
4413
4257
2659
8156
8834
123
6575
5735
9113
1758
3388
2412
6309
5232
9210
5062
9740
5818
3537
410
9288
535
6682
7522
4422
7060
7205
7253
1863
426
3661
355
2617
4008
2610
9017
1588
7935
9083
8678
1365
5344
1004
7146
5038
8593
9770
5133
9835
2374
2868
6329
6077
6424
8518
9311
6332
4974
1813
2018
4668
9197
3218
6460
4175
2948
381
765
4848
3205
8179
3297
8923
4746
5822
8161
1410
5795
2929
743
3153
3445
2192
8994
9433
1248
3255
911
7694
3614
2104
3692
9111
1434
3309
7322
3813
2265
351
7883
8112
2934
8647
502
1609
9169
2766
1129
8516
1513
1265
5000
7039
4748
5970
3466
791
4511
1106
9395
5596
5365
8948
5997
1268
9035
4654
9738
9130
2610
5513
1850
9720
7735
5425
5279
8690
2413
3155
5478
9324
4722
4275
227
6546
9370
642
3217
9972
2981
3691
2602
2927
249
4169
8783
6794
1203
3478
4989
6203
2869
9415
807
35
7208
9546
302
1286
8156
5811
5964
1874
8697
248
371
8652
1514
8323
6315
9420
8204
8188
6503
7233
3301
5559
5391
291
6265
513
7130
47
8901
4599
2262
3291
9528
4342
708
6105
828
636
9411
9492
7444
7331
2471
1595
9574
9527
5247
7036
7839
5636
4288
9034
1233
6411
4810
8088
9519
9653
3517
6239
1775
4850
4952
9589
151
3181
2380
9004
170
825
7915
1851
6441
9736
387
1552
820
3928
4708
2936
9790
7041
5343
1113
7245
8110
4063
7448
8335
2356
9687
2290
1215
7333
1529
7854
5153
7716
1594
9714
4942
8909
7500
5254
4834
630
6794
4402
5333
1367
1140
7000
9336
9950
2024
7795
3945
1712
8795
8642
1046
8124
4861
4750
3891
1330
9930
5451
7094
5615
6886
423
1631
5783
5718
3347
1825
5551
5147
5793
8428
3138
4954
9000
8540
5373
4269
5819
8199
2435
8932
4572
3755
5019
7091
1855
9324
7456
775
5956
7565
6675
4256
2428
8639
5969
2126
1414
2034
4782
9273
4688
6644
5693
106
630
5182
8380
8591
6466
6558
9957
4192
8952
7334
8582
8736
3214
1764
9594
3767
1001
1357
1884
4944
6380
1016
3603
2317
8452
3860
9222
2703
5141
3821
1667
1966
6099
4721
5020
2300
3329
6418
6820
9657
3954
6253
1575
6705
1405
3714
9637
2366
9464
53
2444
2105
4797
5116
9319
2683
5142
2209
8898
4273
1551
355
3654
8522
2128
4870
9240
5908
8323
8497
6024
7635
6258
1903
1442
3774
5892
5188
8334
9033
2861
4073
2434
2885
2099
7017
9916
7441
238
3910
16
1458
7899
4442
4239
3964
6500
9558
9936
7709
4169
3494
9078
7487
9549
891
5199
101
1436
7389
5648
5441
1463
3487
2016
2277
2474
3738
1188
5888
6657
2249
2917
4938
5914
3309
4346
4696
3118
5298
296
9006
8225
9164
9146
4199
8871
6183
3809
5820
6891
1323
8785
440
1087
6912
4959
6277
3432
4426
4549
5377
57
8574
5069
3594
7123
1189
6768
7028
1061
817
6793
8156
2220
7646
1166
8958
2139
638
13
3588
9297
9287
9950
4775
5144
5036
5506
985
3504
5103
2085
4264
5285
7527
5174
1596
8949
5544
5740
1279
3296
3856
6218
9788
5980
3786
5914
5268
3806
2277
4891
5507
5466
8523
2971
6232
9069
6315
5017
2318
8604
3188
3846
537
8049
260
6742
5419
9036
548
2436
7070
6352
8621
4124
4456
8480
3370
978
1740
9161
6727
946
7012
2449
6647
3206
8246
3998
411
9456
853
6666
1031
9284
1408
9616
474
9671
2453
2135
6882
362
6730
3788
9375
571
8648
142
8595
4197
2117
656
489
6272
6582
494
5592
234
6836
2542
6488
9153
3190
3571
8109
8758
1067
2229
5838
6635
2687
9940
6143
4707
1746
4127
2124
2280
4451
7472
3018
9268
1828
8180
72
6565
8217
1668
1409
9545
7357
2797
9222
2222
6938
7125
144
2834
3897
5324
6245
9153
1935
3174
4792
9921
7659
2821
4140
5832
3440
3297
3864
2669
4321
1151
3969
9965
7069
4117
7363
523
3702
3587
6990
6802
6742
3
216
5280
7167
6904
6349
1627
2387
4811
1295
5194
5100
1527
7194
7791
8309
3918
2356
126
7786
2396
8533
2655
5654
8084
4721
2521
4031
5694
1175
2186
2125
8740
1507
743
7894
7690
8554
3197
8698
7372
5854
5547
2543
261
1318
29
3941
6731
5806
757
8317
9289
6842
1968
524
1918
6948
2054
3355
9198
6777
6748
2529
2659
149
509
2283
8445
7527
6080
106
7716
3818
2803
1942
2352
7745
8481
6378
9604
9049
304
5622
8169
5320
143
6530
8215
311
3298
5255
3905
1153
5713
9472
8967
571
4662
9398
6707
6176
4813
9137
3245
7974
2017
5500
8327
457
9477
812
6566
1337
706
9679
948
4979
220
9976
9750
42
2414
9610
6301
2597
2589
4891
8763
9158
1045
8280
9074
5963
1493
8299
8620
36
4412
5781
8970
6033
5304
5547
5992
5713
2592
8736
2624
910
2174
9424
5528
2013
2601
6534
5674
8400
5874
83
2492
5896
387
3861
2557
6157
4712
5140
9124
3655
1663
2967
4934
5409
7899
763
5267
1776
1113
9386
2555
4591
2653
2612
4844
6661
8789
4694
282
5721
1949
5144
2247
4725
2409
613
9355
5513
8991
1286
5618
9079
1778
7919
5225
1850
373
4553
9489
6792
3481
9655
9739
8425
4073
2567
5120
373
1497
3013
5739
8680
8334
9630
6320
7249
1139
2419
196
6388
6916
7922
159
1152
2513
1657
1170
9593
6748
8140
9480
8045
8523
6146
4884
2903
5629
2874
5244
9386
786
4458
4242
3388
801
8616
6113
6801
1537
4302
3297
5661
1489
2584
2376
743
835
9672
2209
4269
4656
7946
6371
486
2750
1472
8589
8913
3998
2359
7760
3697
8400
1488
3915
5572
1185
892
190
5100
752
1614
3580
4433
9114
2182
6272
844
9166
534
3542
673
5755
4185
9680
8545
9857
9880
7109
3006
8157
5971
3238
3558
2216
6440
607
7417
6833
3293
8035
3020
8397
2442
9939
4939
4006
771
8555
4461
7724
2427
3129
25
9522
1671
2773
91
7473
3908
2512
5456
8721
2259
5650
1042
1242
7304
2651
6443
1588
4826
2468
313
4645
7315
1451
1436
9970
2436
9712
3052
1050
2153
1521
8827
7680
9393
494
1033
1712
3734
9238
552
6990
1446
2394
8238
987
1894
9006
4040
2070
766
6259
7434
4362
4592
7983
311
3191
2237
1931
9320
3149
8130
733
7393
8997
2278
2982
3411
5610
2193
9056
1961
144
1328
8893
3461
224
2915
9534
388
5613
3783
8447
8905
1341
6550
7603
5226
132
9293
7758
4248
8746
2010
1693
3351
5388
1352
4790
4519
6694
4930
1882
3229
6501
3343
7913
7129
3264
6810
9303
1371
3750
3288
3364
1637
1043
2179
4505
982
979
9158
1308
4410
9751
5665
6490
3271
6838
15
1915
9022
5953
2750
1895
6708
2215
3634
2156
8556
4105
7644
7429
7113
946
300
4794
1527
6841
2844
1202
292
4809
5440
5148
6571
750
872
7405
6931
1480
5886
5115
7572
6527
814
5411
6107
4703
5360
4291
7156
8709
6485
2543
8448
7152
8120
6119
4489
3589
5590
5452
9798
5380
1198
9762
1009
7536
8624
6213
2334
4988
5860
1172
4836
3224
3100
4301
247
8273
6172
4423
4857
3901
4983
7291
1888
7791
1335
4181
5648
7325
6411
5805
6557
1269
3486
4392
9922
7969
4367
5253
9403
7138
4004
8890
3805
373
4493
2176
4111
6490
4508
3413
443
9535
6340
6681
2882
973
2717
8729
5565
5545
8051
5660
27
1329
112
1563
1041
9832
4490
8222
9780
3968
8907
3547
6286
237
2816
5101
6827
2246
5248
6344
3352
6964
1746
6390
9834
7293
8270
3907
5069
5040
1687
761
9606
2362
449
5190
2209
6596
4436
4492
2739
3868
7564
2428
6320
9173
6648
7087
1870
3440
2736
3298
8861
1350
9957
5370
669
6188
8267
5353
5986
7073
1356
401
462
4740
3203
6655
425
736
4459
6942
8179
6002
9081
5972
2292
7710
1659
5412
6188
8768
6708
8661
3802
62
3520
3911
512
1053
6265
8473
7242
3211
2353
3759
4006
9122
3741
6801
7376
2592
2702
8591
4407
7954
4727
7691
451
5787
7418
4371
8378
5713
4449
5975
5589
4550
5025
6531
9528
4027
9675
2031
4694
4870
1897
901
7289
1741
4468
3201
9031
6223
5722
2533
3033
5718
5835
5204
9691
760
3694
6264
573
7405
8139
9995
2505
8730
9241
9763
3868
8659
8121
139
6315
4379
4803
2991
9571
6168
7914
364
2054
531
4916
5801
598
5696
2791
7011
2533
1264
95
2742
4729
2009
5909
400
1463
8663
3188
184
6142
4897
2684
4709
8486
2973
3898
8677
6779
8782
6806
3622
5125
2593
8982
6396
8832
9948
6141
5438
4439
3395
6690
3150
3367
7331
1790
5320
9534
1601
3606
5276
4082
701
2767
2849
6147
7381
6934
9981
4293
771
678
9476
5035
80
4202
2859
335
3391
5710
2760
1522
1616
7287
6884
3742
5876
5138
7505
4565
4048
7173
9435
1129
6703
8530
7298
8650
716
8541
5306
3288
2687
6831
6314
6458
9774
7272
5452
6360
2552
2171
3651
3744
7576
2110
9074
7191
0
2183
3766
3559
8352
5508
9420
7930
3861
1420
9500
4604
2996
9722
1060
4475
1670
5482
5593
3690
4020
5307
2778
4675
3377
1421
9430
4063
2958
2918
1674
2269
5499
869
8872
2623
3749
6878
3200
337
3642
4560
9167
3757
4411
6512
483
719
1797
572
8301
9618
754
8512
2997
7435
7792
869
3463
8360
4353
8521
6750
8166
3711
1682
1691
7694
2728
8921
5269
7737
5814
8761
1860
8001
2064
8862
3321
2237
9970
7017
7405
4373
7897
2391
382
2284
7402
4518
9462
6683
5391
9283
5410
1421
146
1124
1612
8882
3073
2919
7040
4973
2694
626
6465
8767
3646
3174
1338
3735
850
9163
1770
3655
1895
8867
1657
9132
1891
3743
7830
8171
9489
3980
7505
8189
2069
2360
6125
7938
5984
1224
9635
3365
784
1598
2894
2136
1592
2445
9007
3766
8601
9376
2801
389
1675
7728
7654
4536
8662
8656
3427
3042
7108
8292
6956
7098
3485
3162
697
4422
1482
1139
2794
8567
4827
4508
8206
9442
2418
9201
9078
9421
5328
5221
397
7453
7873
6525
6718
3025
6467
3509
8963
1484
2475
6942
181
8343
1834
9500
3162
8484
4680
5472
7927
9167
2562
4398
6979
7416
731
5976
7818
8123
9783
9869
795
9935
4135
2926
1078
8125
2546
3577
46
1133
3585
5619
5001
3855
9153
1455
8583
5540
9668
5236
5673
4473
2942
605
9660
4644
2722
8661
4473
4255
6553
6465
32
2355
853
149
9202
5615
228
9754
7197
9182
6198
3619
4425
1643
7131
5079
785
45
458
6927
8779
3229
6582
3902
6815
3226
3756
670
6016
5564
1938
8206
8620
316
947
8674
1720
9880
4236
6529
8306
6127
5010
1795
1011
6286
331
6035
6659
5670
6205
9700
3103
4244
276
3477
942
2133
6138
2877
3769
1242
1634
8528
6710
8830
4390
3331
1465
277
1080
8508
3338
2995
6560
1689
206
9276
3115
8899
9321
238
4867
4186
8063
2047
3657
8287
5602
3860
5114
4569
6039
9725
6646
9003
2767
4641
7345
4481
9368
5172
9902
6547
8560
2969
7832
1764
7434
2356
4249
6439
2807
2207
4210
8488
6631
5385
8198
10000
8109
6385
8242
4951
4043
1646
637
492
9955
1127
4415
2841
9079
8497
3724
9560
3981
3808
5785
2372
3989
3456
2502
1711
2642
9453
5482
4717
5117
498
8166
2761
9546
7312
4866
7483
3526
6759
6780
7612
1789
9060
3480
9090
1950
9079
9261
3916
5617
3850
6642
2655
6401
684
5841
4933
9222
8061
8950
2393
882
4088
7639
4369
6999
1890
5022
1513
467
3905
1826
8766
5602
9438
741
2181
6172
2880
5922
8130
3157
7392
8493
3958
5037
1090
4125
2305
6523
1217
7375
6705
1434
2364
4587
4477
3104
1182
612
5652
2834
7067
991
5770
1466
2740
3091
4120
7348
6076
3051
6061
6963
2094
7270
7881
7631
4140
3924
4639
3526
9730
5774
9930
9523
7804
954
6054
731
3650
892
169
6149
2436
9672
1592
3225
4288
1901
5168
2305
5337
5120
7589
3584
981
2489
528
6668
9296
666
3693
8810
7027
7781
8030
5928
4148
4510
2292
1269
2736
8131
3128
9832
3948
1715
9828
8613
6898
8615
6104
1467
8554
7913
9408
1194
6395
5638
7214
7653
7827
4338
3127
8674
8220
9805
2331
4638
4508
5336
5113
3977
3419
5222
567
3056
3003
1078
7389
3926
2635
3980
8369
3325
2726
4319
4059
3695
2314
1453
6256
9250
4922
3034
5298
7696
6074
5970
3056
2247
2371
1872
263
1177
5781
8750
5298
1934
9884
8535
2432
8470
9410
5350
3338
247
3182
9965
7061
5623
9630
3611
2826
3586
4313
8449
9021
3529
4390
5346
4806
510
8627
5051
5411
5636
7696
9835
3803
2539
682
5524
7575
5210
9875
9386
899
3563
5115
8048
1415
6878
6278
6669
3984
1209
8042
6312
8742
7028
5608
9343
7642
2359
1031
1490
1061
9075
220
4375
9801
4287
2290
1570
9373
4396
7506
2974
4531
8079
1984
2284
1043
4641
6165
9658
9209
2529
7442
5873
9051
2468
2087
711
8386
859
636
3586
2207
4185
115
43
2184
8550
6017
1204
4482
4308
567
8938
8933
3689
3325
8883
1237
547
255
9755
1951
1841
8695
9816
7247
562
9822
3796
2069
8827
9425
1325
3272
5320
6152
8278
3505
1761
2682
1497
404
6261
872
4416
3583
7324
756
4744
3258
5977
4399
1738
2851
4225
4810
4818
1476
5892
595
921
1838
8100
6596
1774
4382
8172
625
7541
5266
9317
2505
8049
9164
8786
8516
9285
7297
5402
7908
6958
6925
3620
805
481
5540
2819
3924
6936
3433
1424
9392
2385
3892
5040
1214
8268
119
5511
7742
6009
5361
3412
6936
311
623
7925
4357
9703
7709
5664
3445
4622
4505
7008
2176
600
6938
7272
5346
2942
3892
231
293
1640
6307
6205
3221
8604
2152
5926
4366
7333
1094
7740
3775
4993
6020
4243
3157
6535
9156
3560
3912
4592
1751
4752
4657
6351
4231
1638
2089
1522
3074
3289
6828
1966
9842
7938
6424
4067
2042
5482
1544
296
6721
3928
8699
4673
1781
4400
2926
1312
8029
8874
5924
415
4981
1275
2537
1005
8622
1164
8094
4154
154
3681
5293
5802
5742
1150
2917
2453
3782
682
295
6695
5024
1129
1742
7604
4478
1953
7967
2053
394
5764
3216
2054
4196
315
2651
2013
9331
10
9465
853
3001
2717
636
6712
6638
9187
3759
125
7374
8032
7786
3045
5265
1269
8011
5926
814
9346
8985
9548
3441
8950
4390
649
2759
8330
9481
7821
8589
3779
2801
7652
6614
9329
8745
9176
5385
3446
8648
9947
5194
6063
1668
9569
643
7768
7438
2610
7512
6188
2491
3068
8645
3279
4222
4793
1738
7551
3388
2108
3957
7370
7497
2953
1489
5524
5060
3347
8384
1866
8415
6192
5913
9113
5734
8361
8346
3175
3718
2777
1383
3270
9452
7330
4114
7879
2229
2476
2147
9003
5673
66
3998
2855
6977
2374
4614
5000
5511
9481
4844
2328
1121
6660
8356
2239
847
723
1260
1085
3500
1342
9913
2216
5454
919
9535
2331
2153
9465
7091
2720
1558
8080
5137
1986
588
3239
4898
5931
4084
4786
9135
5315
2222
8140
9694
2402
2258
7846
3058
5523
312
1357
7540
9486
6028
4952
6020
3993
8784
1140
3660
5583
6189
4660
3287
5503
3927
3632
6331
9783
95
8224
1716
9765
611
9779
3668
5146
8860
7785
9952
7090
9243
1626
175
7907
8463
714
6148
7749
7062
8707
1236
2977
2107
3035
8460
875
8053
2580
8785
2286
5403
4097
7572
765
3834
1264
6618
1141
7451
3538
4921
9303
6444
9627
350
8615
1462
7031
5539
8015
2641
9147
9852
6743
9369
43
3567
527
4133
3181
8739
9310
5023
8490
168
273
3767
4190
9221
3424
5985
9440
8200
2054
4182
9953
8404
7713
4719
26
6638
3310
9357
7423
8155
5733
8115
7589
4702
9170
9030
7049
6357
1822
7763
4947
4253
3035
8955
3541
4373
7941
3792
6531
266
5513
7093
4319
2740
9574
6060
6596
3068
9598
1547
3832
839
3401
4396
655
7720
8465
7788
6458
8936
1394
5493
5071
6107
4421
1973
5155
4514
4633
3175
8229
4430
2866
887
6071
7462
8538
1222
3124
5350
2207
3498
8866
3386
8222
6878
3516
7962
8624
1330
6801
8287
4859
4786
7362
1340
9401
3784
2317
9042
8777
9319
587
2500
191
5758
7529
2254
8379
3191
8056
3640
3359
1844
3711
4053
9927
2251
1270
8117
4332
3764
3842
7717
9715
1263
7466
3322
184
5449
1652
3697
6151
1594
8433
1292
6568
7379
6404
9019
8977
3848
1115
17
8371
9554
327
2763
6634
9844
6872
4513
9033
958
3671
4526
5904
611
5875
3638
4839
3415
2959
7070
7176
2539
4639
9189
2555
3269
1097
9342
1239
1730
1142
5883
5526
7202
5619
9355
5661
7965
7702
4799
5725
23
8731
1914
4743
9969
8460
2180
953
4373
9107
6990
4407
7005
353
3314
9661
5571
9360
3372
7061
2912
2707
4132
7882
7036
7064
8409
2062
1008
8975
2563
7985
7640
6646
8922
4063
9372
4394
805
7448
308
2313
9751
4406
6142
9614
6325
2754
8399
1309
919
8486
576
5460
8472
5166
540
2059
6802
2485
9238
2159
457
4910
8147
7234
4732
86
4608
3389
9616
1038
2221
8406
3779
9921
54
6680
1368
6299
8567
6624
9485
3870
5953
413
4171
8426
8509
8151
9409
9107
1383
2007
895
4880
6069
1596
9532
7792
5761
7761
3703
7780
2489
7230
6737
2179
9785
8502
6432
5320
9537
3626
8725
6055
5548
8081
1020
5910
5431
8899
8746
2368
7808
884
8440
8037
7310
39
5978
83
8459
2018
5798
8984
2213
910
1091
9563
185
1260
1906
6785
2296
8221
4420
4944
2042
6830
9693
8117
1812
7301
773
1658
3959
1753
8120
988
2567
7874
5627
1632
6309
8458
3261
3272
2970
3577
441
750
3344
6458
4957
233
857
4323
2263
2088
3713
6561
7880
974
4271
3589
5369
6535
6876
9094
8049
8459
563
1214
373
1165
5669
4648
1577
7726
4
6376
5983
9377
9959
3334
9293
1812
5913
304
6746
3364
1125
2541
8666
360
9964
8711
256
4832
7698
6958
2397
8899
2084
1833
8151
2054
5622
6201
4737
1864
9692
5129
9752
9986
1591
1240
9635
5673
3684
806
8484
2961
5221
7623
8305
9283
9000
5890
858
580
2618
9855
2142
909
6243
1586
2588
2845
7983
8191
8199
7485
3028
1703
2416
5013
4874
8936
6956
3662
8332
6622
289
7726
341
3120
3828
9081
9959
8759
3860
5060
3471
5645
515
9350
9362
2657
4934
9272
3215
9357
1767
1021
504
1604
8654
2261
698
463
4774
2105
7581
9154
2877
2011
4993
3330
9763
2413
4800
4759
3515
3721
4533
1006
9468
5724
3060
793
114
1189
7168
2915
1192
6393
1494
6225
2196
1165
7005
7811
7458
8263
7915
8184
7993
4347
29
7503
1830
5349
2825
5672
7707
7532
7999
3600
2811
3954
182
6534
1794
8692
5858
8471
3994
7782
3402
4519
371
9381
2555
920
8636
378
6310
7866
3699
6624
3281
3508
6210
964
5601
8061
9029
2146
8555
1471
4675
4607
9891
2213
2868
7937
8674
141
4002
7327
3554
663
824
3419
997
8053
466
5973
3123
7273
6000
3267
5266
7956
4201
3083
3986
4928
3423
4285
9262
2836
2958
349
696
8813
4861
917
8758
6564
3537
3825
1003
6943
6004
6462
9335
95
7366
2434
7615
4618
7411
8330
2959
2426
6758
5813
952
3209
2628
8083
8515
4126
7095
4731
5045
2772
992
7722
3413
9732
1563
7547
5679
459
6893
6424
3132
4536
987
3649
4860
2817
1063
1376
46
3386
1356
184
9358
4375
778
1630
8398
2786
120
7356
7095
4215
8427
3178
9433
580
6655
1257
7264
6121
7437
8274
9947
4595
1238
8359
4386
5750
7152
6688
3366
1115
9096
5260
2404
150
7705
4237
7581
7397
4069
1627
2689
839
7661
1388
5038
6217
6608
9793
5735
6433
5222
9927
9602
4853
746
511
632
581
6851
3038
4938
64
2240
825
8917
4640
6438
6399
9286
8834
9008
3454
2729
3016
9467
3318
3436
3970
6749
7633
4383
6180
9219
1113
5555
4938
8396
1110
1890
6593
4288
6561
8780
472
6435
3411
4152
6067
8697
3136
8798
1506
7734
955
879
4926
1731
7890
1799
9126
9018
6344
6071
8870
1492
8664
6462
1674
9267
4308
7913
6231
3534
5764
5598
183
4563
6609
4653
1794
5586
9475
1904
4794
3043
3407
6329
7922
3758
3627
280
3358
9661
995
5946
160
4390
3685
4644
5563
817
9807
7661
3580
5948
2265
8812
2046
823
8079
1479
3757
7835
4638
7954
1568
5028
8534
7474
5656
7646
6410
4987
6222
2243
8335
239
229
3795
4858
7933
4710
5923
103
2437
2102
1233
1972
1671
3039
6835
8309
4777
9693
9064
9765
3410
250
9301
8018
4369
6350
6048
2763
331
9233
4639
8693
5606
4421
9692
1058
8480
4225
4705
749
4945
6896
781
4831
9962
1697
2606
1218
681
2632
5015
1734
2002
9682
2609
484
1509
2246
6448
5027
7718
310
3184
4842
4001
1071
9980
8018
3178
8487
6847
9723
2821
8293
2774
2690
8504
9042
8146
9190
9361
6881
8936
9758
1904
1410
8398
9009
9159
8889
5784
4350
4073
1712
4301
8759
7795
644
8893
7694
2474
5241
1788
3820
9199
4175
3243
3816
7286
2914
4181
9425
6701
3465
6558
9858
8540
1069
6778
8547
7557
2951
2623
2942
25
1755
6905
1535
4085
1362
8463
2325
5101
5260
5061
8619
8959
7451
6165
1252
1189
1653
2856
9092
8291
1952
5980
9862
5561
1228
369
8846
6445
6508
6004
9518
24
4946
1993
6842
6732
8273
9786
7169
1057
9870
2574
8250
7385
4737
1291
8731
1231
8895
7128
7013
1689
5737
2157
7281
2073
5408
4225
8814
1802
2212
7268
8342
4020
716
9358
9931
9208
7508
4606
3240
1566
4721
8690
3832
7519
9006
7906
7696
5605
379
3316
9885
3107
7142
7018
2322
5849
6531
4996
1798
6883
8665
8639
2825
8789
5614
3192
6554
3699
8946
5466
9480
7223
7064
2738
8216
6752
6647
9885
7066
255
8542
6
6964
9446
4542
193
3436
5712
6320
2184
7943
9508
7979
6372
6157
1137
4899
592
9664
3905
2410
9790
5541
976
5394
4965
882
743
7088
988
4802
7156
3456
5920
6081
1555
9983
5137
4484
9863
785
8864
7603
5274
3367
1707
5082
4722
5498
2731
458
8396
1971
2713
4771
3086
4683
6322
8169
1570
9451
3727
2657
1743
5299
910
9356
9854
5457
7845
295
2990
3038
1022
8617
8853
7725
4154
8594
6242
9521
6333
3969
2834
5724
6013
9347
491
6739
1993
8972
4488
8639
9660
1011
285
4035
8189
9392
3703
1048
7488
1193
8608
3200
8328
4545
4779
2433
1931
7970
7659
8455
9650
7908
397
9407
9862
9450
2290
888
6168
7263
7151
5899
2150
5232
6930
142
586
1184
7917
4316
9080
6038
9669
2229
6313
9942
4491
9914
3754
6231
6343
695
653
5225
973
918
7096
136
1729
6087
189
8987
3628
4882
2143
4716
2155
5111
1013
4143
4012
7720
9350
2664
7460
6490
6539
2380
1891
2362
8059
3711
6783
2561
6668
2094
6557
2752
7351
2274
1310
4457
9794
7254
6246
4224
6529
693
8034
524
5381
9259
6087
9418
6364
1274
6131
1167
4251
9925
1195
6044
6944
7335
3680
7224
3851
8922
8081
5646
2017
2227
3662
5512
5695
9883
5987
3922
7711
1269
3817
1638
75
1545
4170
7212
5756
1791
75
4635
7091
2457
3871
8440
2301
2259
7081
8220
9576
6799
4113
3527
8326
1177
3140
7456
1201
2721
7505
466
6729
833
1998
7258
6596
404
6426
8157
2133
8834
8597
7022
6218
6289
6590
6837
269
9833
8340
7818
6215
9448
4155
9021
5621
7361
2749
5230
4756
6621
1134
5921
5521
3501
7459
7705
6052
929
7593
3716
5985
5334
1636
5234
3224
4137
3994
4144
9174
1570
5592
8425
914
9891
3102
3136
8089
7987
2589
1667
8053
9048
7040
5973
453
2967
4747
2598
8338
2690
8977
1405
2031
5026
9033
9359
1060
7969
8405
8324
6623
8974
7012
2300
8046
1626
3175
6393
7324
4570
2671
2251
2011
9344
7394
9498
9369
4979
6815
7949
8467
9402
2747
3602
4925
2765
8342
2433
9968
2661
1578
6950
2451
1001
7256
556
5924
8744
3860
3367
663
3506
591
8335
1950
9791
2075
2380
6341
8960
519
4577
3915
970
9562
5468
3604
6650
9332
9558
366
6239
6747
7619
613
7091
9275
4326
5290
8219
1704
1523
5923
8757
8291
2876
5488
9378
4927
3467
2660
3999
9825
9352
7654
8656
1165
3740
6626
953
6873
3837
5015
701
8606
5328
761
5096
6709
6814
8267
1586
4434
3111
3228
2773
9814
7293
8992
862
4094
7677
4893
6953
9442
1452
2635
5139
4306
9103
1902
6745
2599
7570
3594
1961
5823
2899
6098
2661
8669
6775
451
3715
297
9166
8046
4411
613
3864
1343
2894
4269
6736
8754
4694
3132
2425
3708
9594
1422
6923
1661
8433
5773
8991
6426
4863
9564
5997
7390
9081
1765
1745
655
7999
2239
6453
8989
1719
3501
6340
4272
7086
4707
364
110
1846
4704
2606
3848
5550
5381
7910
7471
7024
5575
6303
9366
190
3296
9471
9922
1987
759
6149
3717
2654
7554
1361
7138
3058
8611
2383
4737
6061
2420
9806
6005
771
632
4735
1137
1430
2423
9897
6307
4496
2942
5926
2379
2084
346
2249
3200
1158
3699
8521
2583
1019
3169
2925
9259
8576
8904
1581
613
9922
4048
150
4651
5110
7869
2784
3050
6991
8215
4000
6853
7387
9393
4514
6123
5829
6087
1334
6386
4124
6905
3011
7685
98
746
7784
8870
7211
6997
8236
7717
3617
6641
5668
3730
7807
6777
6283
1629
2638
2739
286
988
6806
536
9400
6381
1603
4200
2162
6796
9816
3671
935
7862
7699
2437
5102
336
3824
8507
577
2579
5288
3961
625
7659
4634
61
6476
3229
3472
3396
4270
9771
372
54
5421
8021
4140
6816
6979
6411
4046
5229
1746
3747
5417
1532
7859
7255
3064
5868
3264
5433
8277
3538
1932
6842
5691
7941
569
3231
5898
9038
8803
1145
7098
5579
276
2746
7670
9714
8104
589
5396
140
3780
4166
4284
8208
9908
9861
5931
4769
1804
5960
3679
9425
4700
519
752
8190
5353
4598
1560
2041
4935
4388
9299
3058
8515
7076
2783
9585
5592
6652
6624
465
6310
354
2576
9669
5196
3407
6844
2727
6965
5456
5123
7204
8137
2612
100
791
786
5552
1383
4983
630
635
3228
9390
7187
7333
6281
2746
9397
8277
9007
9047
7637
6484
4829
9537
8540
9839
5162
3999
5112
1470
3228
8956
895
5874
4288
6739
5476
1596
3116
4650
3169
3692
3096
5405
5714
7080
4262
6794
3899
6354
7857
7261
4153
3027
3492
4185
6785
0
1576
3151
6776
3798
7539
3540
2847
5696
3050
3181
4512
9073
3515
2198
8428
4062
873
7284
9504
281
2268
5001
9922
7274
899
742
7914
894
3605
397
5334
9387
6925
4070
6574
9854
6833
2760
4784
7071
6737
1249
8041
4272
9622
8655
4285
5234
787
7745
1034
7569
5523
5522
7615
1420
74
7269
8912
7876
6057
5494
690
4319
2158
7562
1210
5770
7782
3478
8345
2107
8761
7146
6170
7715
567
2834
9578
1416
958
8580
8678
6828
1585
7950
4885
2439
3374
2250
2956
6433
3741
4350
1145
1636
1476
408
6442
4271
6158
9956
9071
4538
9975
3755
5143
2888
3541
1131
9902
5862
3881
6419
4782
1390
4889
8182
1176
2391
3184
8028
4403
3055
2279
2768
8032
8593
9981
8332
1972
699
4061
251
4830
6566
1242
5070
7572
1453
2495
6920
266
4685
8753
2219
3902
7899
2827
4964
4944
8132
9824
315
584
8419
833
2555
3300
6214
7439
5819
5285
5434
5005
2444
1947
4251
3525
228
7870
4407
8585
3901
2641
498
8210
5577
8615
3609
3252
53
8792
927
7326
4020
2345
8005
587
9861
5226
5366
3732
7923
4677
386
3364
7344
3584
6877
6894
1214
1080
2608
5209
1489
9416
5051
8615
4545
9442
896
593
7184
6051
1766
8282
9666
2277
8782
6290
5154
3196
7604
8134
8562
5167
317
160
9078
4365
9145
7524
9194
3717
9625
7844
772
9361
9331
122
1460
5039
7358
4604
1916
2404
2741
8607
4375
7346
3423
8814
950
5135
5964
297
1085
5807
7893
4188
3117
630
8377
8180
6828
249
1955
1587
4092
8449
3166
3093
7689
499
3637
6484
4918
3307
2752
2258
9465
4430
4792
6952
80
877
5646
8617
2882
9885
5951
4123
2861
8137
502
8307
2112
5796
2584
1261
2478
4235
8118
9789
2419
2191
6218
1729
9378
3748
3456
9480
8467
2644
9345
1987
9756
8495
4074
9069
8
8817
6587
1068
3850
8929
7032
1513
9074
5574
4693
404
9430
2620
6532
4324
9111
6698
1115
733
6350
3373
4629
1398
6425
225
6826
2855
5517
259
1919
1682
8344
8045
9488
902
7848
6317
4824
6016
9977
6946
5672
8190
704
6599
5900
4970
3015
4007
7077
4439
7503
2730
3711
9815
2796
839
5426
7945
2810
1268
3125
2905
2600
4734
8858
7722
5464
7118
2186
7997
953
8400
6318
5212
1126
2377
8577
9067
3066
1639
9451
6267
7866
5946
8554
1253
7736
2129
9471
4134
1403
256
8659
755
6608
647
2922
2616
4373
6477
2076
5828
3968
2728
8138
5214
1976
6261
5960
6646
9113
382
8507
8514
5714
8148
8557
839
5492
9543
2020
6340
9357
1667
8964
6935
3128
1838
9955
6194
6429
4398
3398
8777
7559
6651
9109
7999
5527
6663
9878
1481
34
6943
5677
9435
5308
6524
1465
9734
8194
876
2617
509
1345
3747
154
3788
5935
8924
2532
9742
4458
5651
8847
2089
6384
4586
8504
9996
5532
3528
544
9508
2413
7957
8757
6875
2095
2009
4050
8624
2720
3000
4652
477
2028
5380
5198
3750
995
7622
5216
2325
9164
2992
2058
7876
616
8251
81
7667
5151
8208
5253
9538
8629
6409
4564
2975
5160
9146
4835
3896
6097
9971
2711
9520
2755
155
9562
5998
9919
8644
6293
675
5497
7529
386
2260
1884
9856
4080
39
9822
7854
7115
2362
338
8727
1997
7498
9292
8628
6000
9015
1705
2667
3566
1719
5955
2875
7027
8206
5941
949
6961
623
6764
4555
1598
344
6473
2225
8185
217
7156
8768
8969
1045
6874
5296
9357
3735
2930
5915
2006
7040
5447
5731
7066
2
4172
429
4973
6266
2840
7135
8430
7910
2236
1017
2321
4870
2865
8972
1508
9302
3210
6209
1616
8525
1402
2225
214
7190
9946
1837
9239
8387
2889
5039
5956
707
609
264
4286
6320
6191
924
2510
3379
969
2546
5920
1584
8847
6967
7733
490
5342
3732
7885
8134
8585
1321
265
9967
9791
7245
7033
7407
2057
3086
5803
8827
6827
3646
2817
4900
1935
4178
1154
4052
6666
6743
8707
8662
5219
3604
3754
9981
1332
1296
9775
4101
3077
8589
6618
7690
8860
3643
3413
1066
8804
1496
4365
3182
1983
2141
1190
4709
6907
9486
3582
7627
4590
7013
2053
2708
3075
8251
50
4309
4155
6685
6283
90
2145
9641
1503
4280
9781
6944
8903
2164
5672
3324
2810
1276
9094
8296
5330
3271
1537
9823
3169
8811
3145
8923
4636
3159
3255
8625
8840
5473
1583
809
4877
2774
7599
7211
5060
661
4242
6529
365
8827
1333
7453
9262
8789
9545
8012
4144
4833
4113
311
995
5065
3847
1011
181
5781
1382
1631
9020
8506
7138
2604
3847
4209
9265
6480
1400
6426
3032
5367
6593
5055
101
3751
5776
3417
3125
8328
9924
3649
6596
1611
3769
7549
159
3806
9853
6247
2805
9769
8302
9994
8620
2180
5475
196
5412
6035
4415
8802
1161
8249
499
9345
5726
7190
4242
1998
8038
5375
8971
7842
2176
3555
6900
1358
5617
9962
1469
9624
3363
6548
2950
472
2596
8934
7697
1278
3733
3384
5054
3515
69
2155
3294
9384
8411
8451
4782
3245
2779
186
6930
1445
8347
5640
2093
5831
5933
505
6942
8759
3777
233
9033
2406
3667
6839
8333
9432
3426
4782
3539
4725
4221
5007
648
4791
9097
3019
5838
9310
3511
7487
4163
6529
2664
7382
2814
8052
8029
2525
3714
4227
3530
7612
8326
6796
3762
8628
2310
8954
5437
1588
5314
4270
8638
8248
6276
4774
917
7851
8943
5871
8672
9002
7076
6163
7229
3576
1873
6556
1955
8502
9938
7711
5927
5027
7872
5649
258
4070
3546
6239
1420
1121
1196
3640
2356
794
9506
9737
9786
3699
2651
6226
1787
506
4821
5903
8611
6046
4609
8217
1009
6932
2968
1014
2464
5554
4022
9277
6657
5701
4930
2220
367
4275
7361
8541
5504
2691
9976
5000
7585
2346
5240
5976
6409
6104
8115
7342
3073
3487
9269
1172
6293
2698
1790
3852
872
8238
2092
9924
2819
4629
4762
3479
7765
5264
5174
9324
8223
1904
4492
1896
7808
8088
1478
2804
9133
8392
5813
713
1208
656
8426
4634
3596
6339
7674
5984
7447
3798
8006
1763
8207
8813
8066
5325
8141
5351
9049
9615
1793
1206
6674
8534
4950
8328
3244
331
3057
8599
1331
8387
2887
6895
8661
3440
4373
8681
2305
843
3583
6987
3176
4350
1201
4754
6702
5676
3214
2062
6299
299
1609
2105
503
3397
1974
853
2316
4176
3058
5959
1850
1160
8356
8865
5859
3171
9092
5227
9008
7973
8218
8940
5427
3274
4258
5853
7916
1151
5661
9105
364
6389
2982
1088
2940
2186
9039
9189
8112
5446
677
5476
6684
6512
4478
9605
3527
6924
5406
7613
9461
935
7251
2850
8077
5996
3788
7719
7692
820
4855
1851
2953
7580
9638
9337
304
1341
3178
7128
9723
9816
536
4057
9360
9566
5045
8479
4155
6731
1337
8003
9647
1290
1943
3521
8962
7161
4190
9810
5142
9131
8485
61
3519
2453
948
8143
6841
7780
5377
7373
4697
6536
6660
254
2123
257
8494
7550
7904
4697
712
1071
674
4140
1005
7764
5711
2540
8334
9811
5435
124
4770
2647
88
7495
4633
4926
7710
6079
9302
8409
5006
5217
4765
7751
9261
9077
4858
9126
378
2826
7171
7114
416
7509
8947
1166
2743
957
2956
2852
5944
9906
8433
8613
4681
5888
5309
3943
9237
6412
9935
8276
2612
1082
8295
4715
6374
6872
8423
2854
8645
6064
2707
7382
6437
6218
2753
1143
730
8808
9513
6391
3786
2019
7458
1867
7416
1101
4700
971
5408
7243
4270
5285
7260
5959
1071
5206
5228
9342
1179
1665
9811
9767
3745
1166
5200
7361
2641
1022
5225
9312
3943
7934
7780
7336
3154
5015
702
9247
4662
8415
2390
8327
6572
2523
9534
1092
2876
1063
7768
1453
915
4356
3123
139
3401
896
3879
8673
103
4849
7734
2856
2900
9792
1044
9107
1462
2679
6846
4685
2365
1756
6388
6199
7798
3329
4276
671
2162
2457
2419
809
9139
9780
8963
7137
8537
2462
4531
8213
4637
9971
6175
7952
3983
622
2203
2732
1283
2691
7593
5792
4553
2613
8884
1379
2011
2234
1268
5593
1677
6729
3412
1205
1038
2048
3716
7196
1297
9197
2536
5556
5471
2755
892
351
2894
9095
3129
5151
5672
9804
6317
5801
1734
5609
6663
8536
8798
1242
3979
9833
7586
8674
7172
3817
2523
9925
7199
1402
1533
4146
2427
4875
5036
2508
3423
3335
8724
9587
2736
9951
6124
9234
461
6967
4563
2317
7875
8886
6041
1087
4129
1429
2559
1786
6337
8077
6551
1821
5947
1829
1675
9068
1630
2231
2232
7605
2143
9809
1239
5869
6270
1790
1479
2135
6509
4001
9167
3094
6772
6905
8894
3300
5714
5770
6608
8410
8180
954
6372
7866
5254
293
6990
9932
9639
5725
1997
4330
4660
5312
5358
3826
5580
7749
8751
327
2510
2779
1174
7242
9719
5369
410
7875
5719
6697
5092
2104
4067
2807
1383
3792
7778
8803
9513
2068
1383
5523
3853
5023
1260
3665
1124
1081
8838
3573
4621
2038
5566
6414
44
5657
2270
7945
9571
2128
9511
9865
3142
8112
2978
2784
5328
4902
432
3309
9259
43
2089
5271
5172
4308
2631
8293
6657
7127
9499
5457
7013
1326
2149
3526
8375
3452
940
705
9080
6481
9645
1780
4882
7824
418
1985
4051
8015
7380
5591
6129
4418
7446
6426
9609
2750
2800
9845
2018
1710
3630
8602
1345
7604
1189
1575
8335
2927
7701
3145
1482
7458
9667
2969
1674
6048
3761
1376
2924
6971
9689
7493
5918
7727
9819
4673
8793
8911
3997
9719
9070
709
5225
9500
7587
4407
8474
3494
7916
5442
5124
6280
8599
9498
5372
5357
1487
6389
8745
8513
8839
8198
6486
2513
1279
5571
7096
2400
6481
877
348
6332
4593
5741
5995
2159
2466
9894
1740
5532
7685
7495
7999
8257
3667
6436
2997
2755
6516
5793
2236
292
7256
7177
8549
3531
5365
5415
9595
6224
113
82
5256
9896
8317
1794
959
8061
8454
4706
9013
265
8309
7872
4533
9740
8513
9848
3901
4809
4515
7559
286
1985
7611
5184
7647
3215
6421
5532
7096
4619
1126
3259
8972
9228
6001
6188
5091
1472
4465
4184
806
1030
1857
1674
43
3118
5671
5678
7142
1335
50
6090
8615
2998
8630
8923
661
6178
3885
6290
856
8550
3271
3115
3114
1127
7214
7064
5298
6029
1837
8870
1473
8058
3018
3703
8292
550
6872
5836
2030
187
7450
9174
441
8034
4266
3668
2299
5778
5043
9883
6969
5700
785
2911
5806
6478
4921
9626
3617
4771
5630
9196
9302
5311
4993
967
7076
6091
9785
99
836
1921
6516
6126
4438
2679
7435
5101
8570
3113
3184
232
8591
8663
4880
7582
3479
9643
4374
2665
8193
7030
6272
7214
19
6790
5093
2331
8430
5198
308
1707
7866
5651
9077
31
5911
7804
2062
5345
4260
627
2873
3121
8469
2609
5327
2987
6496
5692
2549
5146
8704
7995
8325
7230
1673
938
5610
7363
8757
9627
4164
2352
5240
8739
1639
8081
1571
6667
7046
4263
6172
9537
5090
4365
686
6036
6870
8911
1780
7101
9651
9626
6612
8388
7110
6648
6283
1201
8317
1742
2411
8305
9187
4934
182
3802
8639
8583
2854
8923
3497
5666
9076
5486
1186
9570
2136
8630
4022
4796
3593
6762
7900
9656
1479
1829
7683
7146
6712
4261
9479
543
1864
5071
4355
7505
3774
3394
2147
1712
1047
5089
794
254
6042
3862
615
2313
3441
2376
6520
1644
3800
7732
2667
2250
4528
1448
4873
8388
693
5050
519
3544
2059
8362
1620
4996
3439
3238
8391
1046
4265
7305
1956
7667
6149
4866
7595
2735
8056
9255
45
2083
4525
1848
2099
8433
4020
5340
817
6762
3484
6534
996
1156
2566
8810
9397
6866
6627
9446
1395
8097
8721
6845
324
3427
4475
9507
8030
8984
8664
8316
4809
970
1792
1356
8590
1156
3611
8546
3876
3991
8323
2260
137
7
297
8369
3888
8664
3154
1727
6642
7703
6100
1190
3172
3831
2689
8409
7902
768
4692
633
3182
3176
7423
6369
4907
9767
9041
5403
3561
9074
6286
1246
5882
261
5410
779
1494
8080
7052
518
6301
9174
2671
487
1295
8718
5277
1859
7668
674
6300
5668
587
1320
6347
2549
8473
6605
9704
1770
1530
4369
9644
8382
1368
4852
7434
9811
2601
255
5151
9750
8700
5372
4363
4279
6500
8264
1155
7239
9007
9730
2140
9942
7406
9370
5680
1735
4195
5054
6661
6294
6040
9953
9626
3134
347
595
662
2787
6075
3320
4138
1637
486
1624
6340
1748
6957
5455
4242
4865
2106
8037
4648
9356
6911
1654
8836
1589
152
7989
2042
1445
2376
3116
7329
5796
3511
3165
7239
6288
2362
5708
5505
9642
6648
9872
4728
3377
4460
6037
4790
1658
8522
3187
8183
1887
3534
7742
9038
3387
8938
398
9813
8599
9475
5990
5449
7946
2814
2488
3023
9318
4573
8257
4377
1260
3758
8229
2917
1590
7257
359
7677
3579
8107
8120
8515
1951
6603
1120
6161
8852
1938
2733
1924
3975
5653
2275
2718
1471
3115
3058
8698
9911
3536
3490
1406
3798
1759
1340
247
4979
8259
2011
754
2494
6957
6560
3394
474
2486
4794
7987
5798
4503
3072
4862
1373
9610
4326
5218
4163
1012
3277
1509
7273
6746
7347
3701
645
3713
4372
7089
1085
6710
9215
5421
4815
1364
2836
98
268
6414
3684
823
96
3472
4167
337
4008
6184
5013
6119
8277
4806
3795
7317
9353
2526
2826
8979
4258
5403
1234
3504
3461
5987
2375
6598
668
5737
3058
8413
658
3352
6813
2691
9974
9908
6892
4127
6215
815
9268
7922
429
7039
4180
4861
5796
4184
7149
4688
6169
8554
1226
7346
1560
856
8673
9202
3731
8543
2315
5040
8379
8261
1767
621
4728
8213
2649
3861
4264
3750
8247
4074
9575
7322
7348
8522
7410
7172
1760
6576
5288
6577
8304
4393
1520
9678
9412
5623
6520
1087
6820
4684
1916
6226
8107
3700
8207
4823
6401
3279
4017
1499
8043
9337
806
4105
4294
5733
1779
3381
5389
4153
5785
6562
259
4631
5206
7794
903
3853
3500
9582
3062
3071
1000
4029
8989
8228
1300
9918
7472
3248
368
659
1933
6657
1831
6
7070
2401
44
5351
8234
7686
9876
3785
3792
1585
9980
8637
4546
5025
2735
486
485
7424
7186
137
1830
1803
6440
2441
6155
4149
1761
9176
8474
2912
5902
3106
674
6122
8603
3753
973
8257
9037
7985
4669
4556
0
8837
7377
8092
7084
1110
6213
3268
6639
4890
8939
6675
5716
5500
935
6506
1933
5160
9413
1915
5031
5566
5141
5285
1315
1769
2552
7648
9747
1991
2328
9085
2811
5630
260
187
5866
5503
1788
595
4741
5915
4733
8696
8730
4278
7140
8832
2063
8758
1457
9295
9613
6539
5306
8736
9975
1915
3081
2761
2746
8131
116
6141
2669
3753
1593
1148
2185
641
8188
4771
8790
5694
5025
9188
5895
5404
1455
6823
4154
4739
7292
2664
6065
2701
5984
5031
5286
69
9709
1999
1345
4084
6156
454
7111
382
7262
7018
4059
5367
9844
7966
5050
4292
3458
9766
4428
3703
3118
4915
3811
566
2406
1268
785
2285
8938
9806
9226
6489
9354
9390
3166
6599
1562
9048
8163
2111
1340
4947
7628
5658
1569
1370
6190
6047
1788
7913
8834
6209
4059
7219
9121
4078
8010
3150
961
3747
9188
1514
6726
581
9207
5781
6971
2587
6832
4022
3291
5398
7137
1146
7552
9406
4
8203
8641
3399
2347
5358
1092
6057
5219
3974
6528
8818
636
6952
4059
1267
9922
6410
9745
8571
5022
2925
1697
7966
3455
5487
9351
4455
5598
7196
5258
4374
9773
5013
4314
1701
3046
1349
1991
4977
9998
2713
6226
8489
1754
4858
5635
5943
7324
5941
5926
998
3682
7893
6440
5284
8789
9915
756
4633
8822
4323
8064
7778
6943
1749
7487
1765
3059
8308
7188
9312
2013
6131
7442
4483
7089
3771
5084
8177
6365
9702
5372
3013
1757
663
8563
6748
9726
3004
6103
7296
5054
7831
6638
4263
4360
9896
8975
9887
2277
7053
3430
9228
2732
2961
636
9574
4183
9552
1753
2166
227
800
9998
3078
9403
6124
9170
9683
222
21
8702
1258
1230
1296
9022
6090
3814
4465
2052
5655
9018
6871
9562
4532
7205
9467
8798
7086
3589
2018
7988
6715
6434
9945
7424
3700
3462
8935
7216
8599
2040
5576
8504
8240
345
9211
4780
2953
8890
4952
2593
2842
7813
1479
258
1531
8402
8135
8583
419
365
1524
4932
822
5538
5317
3048
9635
3799
3308
4586
7395
3568
2465
7469
3468
3094
7960
753
2879
637
735
2007
9966
1897
3920
7120
3083
5721
5564
4788
3619
5340
9248
2147
699
68
5747
8000
4070
2998
9463
889
4069
4910
8474
6953
8293
5097
6008
7350
6949
2895
9457
6893
3692
5036
5974
3821
7010
5433
1055
503
9948
5846
2641
3769
8591
2150
3454
7823
8394
2146
4801
8620
7498
3911
8937
9643
6332
8531
9094
4344
498
2270
8947
8659
4383
9430
9683
2192
7848
5575
7576
2697
9803
4161
6117
6471
8913
6374
7819
1468
2549
5867
1528
6454
4389
461
9641
6905
7009
4804
9883
6248
1275
5573
6681
9375
2450
4123
3444
1020
7193
1722
9698
6817
7512
1953
1152
339
9160
2749
8438
1667
342
2347
2124
6607
3362
7322
2915
2439
8315
4442
6680
1506
721
4670
381
6740
89
8681
8582
5905
6829
3546
1961
9295
8465
6460
6532
779
8312
1545
926
4622
2527
1170
7021
1833
1864
5185
2108
9708
5919
6211
6052
6581
2194
3397
8053
7155
9827
842
8748
8307
8340
1761
9906
1820
1335
9911
9255
8380
8506
1020
6208
522
7749
7819
6752
9667
7066
2319
6852
2014
6896
7038
464
1000
7153
797
470
6777
3420
2714
8576
4272
5430
249
1856
2320
2994
8615
3786
3844
2358
2415
5836
9727
3371
218
7150
7202
772
9410
9633
7465
3516
3901
9632
7446
6449
3590
5735
9209
4522
3682
2738
4671
3701
5335
7312
3335
8970
8826
4608
231
2772
9066
7877
304
3866
8978
9353
6702
2429
5799
8089
2857
7896
676
8183
631
2370
4151
3182
2431
3104
4313
1109
3594
8589
5638
9452
2154
5095
94
844
6553
2912
430
7219
5681
4603
7233
9210
7934
3419
7971
6492
9085
6988
8248
9843
6632
5510
785
3591
1921
39
9813
6451
5328
2057
7836
3814
5648
6112
7069
6110
878
4980
271
1468
440
8645
3577
7518
9726
7386
92
4196
1494
7394
8095
8538
4343
2486
5758
5035
3300
2534
9249
2796
4380
8072
2606
3080
2301
5003
5144
8298
891
2152
2380
1993
2393
3033
5940
2232
3453
5120
1996
9979
7880
9193
8770
6082
9423
5793
9998
7961
7373
8726
8183
5388
5916
1114
9400
1076
1702
9263
2802
5084
8685
7103
3365
5502
4694
6356
741
7106
4833
3093
3121
3111
9047
9396
1285
9455
5551
2188
8174
9123
3229
5873
6733
1594
4213
5824
7724
9977
1132
8172
1833
6461
9832
7406
3957
6733
8765
5159
9054
829
9504
9362
8620
1068
5070
2427
7590
6193
2239
5398
5738
4215
8856
5397
4671
5472
3186
3230
6540
7174
276
5516
9901
4488
2151
4477
325
5930
2596
7572
2974
5523
7606
7088
326
7738
8363
1028
9285
8411
6876
9122
8504
4187
7546
9383
5935
7200
7996
8915
9282
2152
2918
2247
9819
2729
338
8664
7110
2217
981
5597
1251
3634
9390
8979
7102
7819
6363
7278
2508
2369
8757
9811
6111
1119
1351
5779
3333
1239
2497
4690
3761
4988
7462
375
1751
3391
714
4457
5173
5801
1619
8064
9486
1543
5546
3390
6925
2763
3790
350
7193
7774
6973
4905
3284
5529
2495
8834
3424
1172
4758
1292
3930
8241
6223
4011
7587
5651
4999
9909
8058
4001
2221
9101
2780
3649
9108
4882
9523
6143
1234
191
6069
9007
1783
2584
8963
4678
4386
2830
182
7005
8121
4620
2940
6276
8619
3680
3640
6922
8511
4815
6706
2282
2782
6407
2986
3094
5995
7752
5006
337
8925
284
5327
4236
7130
3009
3789
3249
6746
3896
2305
3972
9415
4782
2610
9382
994
64
6532
9809
2713
9165
3492
8256
3992
9948
7308
9643
9121
8370
2946
4606
4800
5894
5789
666
2901
7854
9460
5030
7077
7762
6300
8917
1049
1707
1472
5814
2838
8646
8346
197
4
2029
1313
8549
2930
9094
3565
4300
2683
2579
6433
6324
3613
694
1308
7115
1189
1934
5417
8094
9704
9150
5758
8707
4481
5978
2817
2823
98
8078
9476
7347
1110
526
6548
7598
2198
6936
448
6965
5093
780
9582
5049
6783
1050
288
1255
1011
4147
1279
1893
1029
7146
2550
9839
4157
326
1635
4343
5329
839
7101
1832
6982
2090
8059
2289
4236
5903
4986
2803
1993
7521
2974
4458
241
1403
4362
9705
2782
2144
4158
6853
1488
914
9740
4081
2
2512
8082
9865
8690
5179
8731
60
8461
1428
4779
5220
8628
9846
5939
9486
5804
1935
5913
2727
3906
2842
1972
1249
7933
5366
9822
9946
7254
3460
3874
828
1258
8559
9190
7302
4215
5783
718
6022
2511
6200
3950
1159
9927
2625
4645
8804
2532
1153
5626
1095
4990
141
6989
4422
3802
8365
6026
4277
3030
8297
9109
9531
837
3816
3493
102
1335
2194
2543
7467
4049
4576
2170
5885
3420
7632
9727
1876
7580
4952
7079
1913
128
8234
8513
2769
7728
9875
465
2038
5424
2943
3641
1745
4372
6873
3113
5144
2447
5161
329
4641
3907
322
8249
215
249
4099
4892
3354
6810
2894
5616
6462
8767
5035
1749
2212
474
3662
1633
2069
9063
310
4419
6933
7333
2142
9635
4086
9732
6899
3511
133
6643
7321
9719
4691
9278
5151
9002
8020
6155
8454
751
272
6280
433
36
37
6848
2347
6331
3578
6260
2640
5784
7296
5527
6564
4566
9555
7817
751
4586
9737
56
1611
6698
4808
9543
2600
3200
3538
6268
8440
1758
3434
344
9148
1566
3294
9503
9192
2890
8233
8800
9463
6355
8301
275
3990
6416
9659
9039
3150
3796
3656
4945
4655
1009
2296
8358
4747
2025
9681
1804
9664
7963
1528
1396
7956
5693
6104
1413
5340
6065
5870
8781
8897
8687
1249
7554
5487
8062
5131
4174
3546
9817
4119
5552
2741
2507
1411
6435
5560
4820
3223
7519
6386
5224
8094
7819
971
2450
1370
833
4322
2304
2160
5203
1233
7384
8883
43
5359
3094
2342
5570
2267
1533
3884
8962
9472
5826
8533
3567
2295
352
3643
1013
1793
6489
5253
8809
8481
5730
6128
6673
2519
3506
3788
60
5801
649
2552
4082
9648
7126
8091
63
6675
8138
4661
1216
4228
1871
9336
5904
4103
9550
9200
2536
5882
4340
46
6301
2357
723
3289
3594
662
9993
7966
5985
3509
1673
8790
7858
2894
8675
6612
4775
9917
8721
3857
5172
8711
7070
2831
1275
5887
6626
1934
6445
7133
8246
8973
7958
6112
5497
2478
8446
9728
7198
703
1809
7035
1607
3523
8092
9858
7941
3166
2739
5436
2675
8078
2990
6319
1209
2785
683
1680
7737
6548
1455
9199
7324
1336
3049
9215
1139
7548
3458
1076
9406
5889
9691
8758
4468
6796
6068
4404
4819
1865
1010
1054
914
4443
3331
7031
8364
9583
3988
6654
115
1703
1836
63
9974
3297
2814
1743
3379
9100
878
7462
224
4187
3867
8803
3263
5476
1793
617
6181
925
2702
3727
9570
428
8931
3333
8802
5297
2963
8926
9110
5200
9611
2159
9493
3193
2708
9791
6464
9299
2693
3438
9073
4853
5444
8400
5933
3280
6707
7081
7221
7953
4955
9683
1791
4739
5481
4803
7284
6327
9749
7507
4139
89
506
5574
2926
9924
7057
3984
3546
5834
2863
8855
9382
3588
7305
623
7476
9700
4620
6958
9806
8286
7420
2236
3562
2585
8736
9339
9690
8691
7826
3893
2580
116
550
9897
8446
374
7504
7888
7991
9455
4059
821
8052
4053
5180
3105
4560
2950
6749
7311
3818
4420
8599
364
7149
6732
1090
7957
1572
1176
4096
7183
4289
6873
7427
6149
9902
4202
710
5372
1863
8837
5197
4855
4382
1684
3047
3757
1947
1196
1695
4689
6622
1115
6522
2371
9765
610
9283
3908
4162
7297
1098
3510
3184
4611
980
6744
8578
3002
6729
5958
8519
6901
7592
2993
2864
9453
1860
2720
9672
524
6575
8423
7853
9961
2092
7285
9786
9985
8032
8107
815
4202
809
3422
1099
6051
8254
6155
4704
6392
6471
9516
9611
360
1779
2213
5799
4231
7474
396
8177
1534
2456
5307
975
3909
4731
9875
9543
3808
9334
90
4812
9656
5952
6612
2281
4872
3385
6139
9555
4018
8694
2608
5993
8614
788
4228
4789
9007
5154
4146
3601
2175
514
5171
8044
9070
6528
7472
4252
2559
2267
2430
6118
6090
168
3595
2414
5649
3086
6544
3199
5814
6927
558
4543
4410
7085
8634
8446
5556
4431
2401
4350
7182
4307
3587
6753
1816
6792
2254
9395
907
248
5601
2984
1792
5245
3098
9475
8090
6979
1347
5797
5958
4073
3889
6739
610
2745
2076
7845
7476
6028
2399
3126
8574
9828
1869
1011
7077
6110
6937
7275
4444
121
1565
9630
7633
1128
4574
7357
3786
6699
9263
2946
9932
2704
5856
6436
5091
7844
2077
1282
5488
6691
4663
919
446
4491
823
2168
4477
7680
4493
2971
2489
2578
8128
5054
2744
5077
2132
4217
1317
3716
3836
496
7118
6648
6744
6058
7333
7230
1781
6651
7281
5824
4932
5518
8493
6193
5225
5930
181
9097
1654
5115
9802
4705
7631
8445
3820
7070
7884
6897
4357
2041
8065
7702
4808
1496
2544
5808
9333
2223
7552
8636
533
214
2184
9040
4995
8747
120
7328
6121
9338
2569
2087
2526
6032
7
520
6852
9160
187
7329
4130
291
3887
3220
2498
2925
6267
1865
715
8974
3373
9088
906
3058
9394
6583
2935
2792
7842
8721
4577
5415
6614
9358
5538
7042
213
9962
315
3819
2958
4982
7163
6237
2133
1036
889
2316
7337
3950
8404
4039
6563
5244
2403
9775
5834
9721
4776
457
8782
3294
7887
2421
4372
8012
4889
3129
9713
4905
8503
8464
7097
4236
9161
101
2708
9027
6746
3831
9116
3740
3650
3188
7369
7225
1524
2109
4413
2451
1502
265
8434
387
8098
2745
8421
5301
1855
885
8910
281
7288
7512
9896
9805
5811
8299
7105
1459
9858
7180
9839
4126
4195
5854
4185
6258
5254
1227
9819
3601
3171
8774
6729
2751
9743
2525
8719
8549
5625
5628
4822
1130
9562
9720
3410
2768
5377
8556
6822
4009
6312
7534
7887
925
4627
1851
6463
2148
7235
7279
1053
4865
3031
4308
8175
8441
4100
3018
3358
3066
4950
6235
2486
2279
6350
8948
6977
9199
8746
2947
9117
9257
6102
7493
6137
155
9905
196
5867
9916
5620
6102
9060
1913
273
9834
4673
3152
201
7528
6227
2504
2238
986
6747
1556
534
6920
3388
4383
2962
440
6905
9506
282
3794
9784
5250
8850
9343
652
3999
6278
3153
1665
3705
8003
7569
6390
7027
2172
7990
3608
8856
770
2463
6195
3880
6497
6842
1505
9402
2589
9457
2806
4075
4892
9867
8977
5014
9388
3691
9791
4737
10000
6543
1206
5581
9889
5650
9153
478
2557
2104
4310
8248
1282
2894
6299
1751
3059
232
682
8029
2468
5725
6207
205
7248
9057
673
9040
1778
5974
4400
9028
9976
4263
9941
1405
278
9042
2220
3783
510
4140
8285
9798
9025
545
3900
8162
7335
3790
4907
4412
1165
7320
343
4704
3642
780
282
6428
4844
1954
3774
2064
5274
3744
9443
5793
4005
6987
2215
6079
5303
589
2669
5090
7333
45
9324
8226
6626
465
8596
7148
2641
136
3031
8227
4623
2058
5985
2580
6309
2802
5033
4200
8168
9195
3184
4906
8251
1205
1313
623
5031
3407
2799
1847
1048
7026
5842
895
8322
5744
7380
5430
4240
7017
3165
4668
1964
8864
8572
4504
6810
1386
2494
8267
6553
7684
8365
215
948
4493
4157
5943
3283
3539
3132
1584
572
2190
826
2944
5049
7872
5027
935
7020
475
9958
9215
6371
2496
4118
2228
7722
1265
8934
9852
8094
2077
5055
9096
3441
1925
7538
9072
4346
1830
3471
1768
6741
3149
1742
7247
8572
3015
3211
6412
7661
2369
5503
9958
8540
2889
7795
1186
6683
948
8722
2565
1033
80
7227
8098
5370
5110
2465
8933
1076
646
8228
2616
3595
8192
6995
9885
5061
7480
9647
2645
7815
6726
5415
7631
2318
2387
567
398
38
2376
3801
4855
9550
4245
8806
9731
604
3851
2530
4164
5027
3716
2207
9724
8560
8091
5159
9209
7315
9299
5958
3339
1242
4741
5185
6640
253
5219
4064
7999
1700
7643
1454
3803
2404
7131
880
5300
129
1727
8239
6124
4401
7722
55
6378
4610
6132
4232
4568
5911
1989
9540
1391
5550
4508
4706
9396
9264
1326
4440
4986
9342
7562
5852
9199
6205
699
1965
3193
8013
7832
9480
1394
2638
3519
6424
7401
6935
4102
9586
791
3155
3480
4858
6435
2371
1144
9037
7511
8067
6616
7011
4356
8620
9525
6288
9152
2487
1515
130
6550
815
671
4161
6382
8459
6714
5457
1267
2242
1241
5764
7368
7976
7890
4373
5393
3018
3802
7450
5135
6237
668
2821
2153
6906
4958
5111
9823
2604
4286
1864
5144
2151
3756
2453
8093
9126
9624
9162
1777
2158
1667
3923
7467
7927
9044
8665
8938
1164
429
6225
3929
2180
6386
5535
701
7857
5784
3270
7750
2764
6269
6158
8083
7912
9654
3170
362
6909
8251
2943
1696
1474
8615
994
5515
6358
795
8225
368
4622
4153
2341
7392
3331
1688
1557
9053
1405
9028
191
9645
9574
9196
5595
6367
6114
7793
2183
5051
2368
553
8944
178
9376
2337
7304
9853
1685
1124
1517
130
2474
6091
6877
7176
7120
2398
4072
3753
9821
4698
6474
5992
3133
9605
4798
4476
1886
196
8214
3673
1010
6471
3221
3361
8956
8586
3084
2139
4310
5099
582
2376
2736
5494
5932
2337
3645
2656
6743
4093
9902
6333
4720
6882
5640
9870
1771
9969
196
355
737
9685
4333
3555
4104
6825
7944
9757
3483
8467
6660
6547
2498
4116
2635
5022
234
53
7423
3624
7739
1932
5867
4623
5347
6086
1049
201
1153
2825
7470
6428
3241
9549
9644
9470
7670
3134
3810
7759
1064
3950
6548
4808
2822
7786
2719
2380
4607
2388
1437
2739
1984
4854
1799
8498
5752
3019
7221
4625
8062
8942
5437
2154
5427
4006
483
6405
8898
1558
2159
6048
9199
7630
3391
3376
9069
4362
3994
9117
5317
854
4938
8553
9010
1034
9111
223
9366
9206
4126
7443
1854
9648
5738
5944
4939
8396
557
653
1041
4009
9435
8480
3318
126
2948
5240
5356
3247
6661
1531
8002
875
4488
4138
556
2669
6449
3862
9059
5699
7068
4655
3219
3824
2358
5083
1238
4276
3312
1787
8148
1836
9873
7236
3049
7052
553
7476
1157
3002
7577
5767
4621
8318
3208
7371
3011
4041
5342
5881
5808
3374
2080
3347
4321
8131
367
532
6288
8797
4647
1918
9220
9507
6276
7672
8445
5386
7741
6396
2025
6710
2040
5731
9853
1771
5085
1718
5009
2463
4741
444
9042
3694
4039
4358
3990
1321
619
8249
5003
3152
597
7475
5476
3887
5620
5452
3754
2372
1003
8227
5843
9627
9080
7120
1573
3169
139
4292
5708
8972
442
9802
8113
1736
2807
546
1866
6814
4786
9251
8430
7128
7717
5763
8646
3233
4464
579
5544
3471
9536
5247
4860
5282
6483
6642
8706
9742
3430
1595
5427
8885
9112
7959
5562
6953
5011
3646
1016
1565
4316
7400
6938
2974
970
305
9763
6242
8207
7201
1255
6075
6092
3228
5504
8838
8979
425
6980
4743
1135
6102
5838
6473
6672
7418
7102
9640
7951
5504
7646
6886
1409
2475
7814
149
1701
4302
8140
1434
1250
5922
3611
5709
167
3901
7254
3084
9941
5115
2172
5822
659
5109
5491
56
9674
5581
1361
5018
7663
9396
4679
5159
5166
5447
7754
1917
8763
3189
647
2628
4433
6357
3063
9226
6423
8738
4989
5187
5735
8321
9733
1518
9711
5199
5460
2648
9510
8815
8067
3190
2653
8345
8470
6327
3691
3733
8294
9608
7597
8125
8485
9471
9061
9207
2001
3743
7682
7052
9439
4299
2435
2064
4076
593
6930
7265
5216
3148
8375
6907
8731
4540
7204
2169
1199
1589
2386
8832
885
5841
4019
7150
1518
5001
6940
8978
2356
5954
4802
6048
1300
1172
1147
4632
4584
626
3982
9930
3944
4531
1412
3923
8955
4708
8895
7041
7546
9816
9380
9722
7678
6738
5815
9608
9884
9493
5249
407
2593
4075
9234
994
3109
3457
7636
319
9740
3154
6620
2368
6620
215
5887
8912
6680
8602
5983
4727
4487
4956
8608
4820
837
8213
7697
1618
9839
832
9488
7860
3387
3201
6347
1116
3334
9639
6088
7711
1174
2547
3274
3885
4181
8767
4659
5524
2930
2228
5183
5319
1155
7976
1394
9080
6189
6599
8720
4451
9288
8716
8223
8878
3124
7084
3692
7051
308
591
687
4881
4261
1220
8478
908
617
9393
7011
2149
8662
2273
5761
5534
6838
3238
9275
3915
2725
8166
3862
5338
7506
6894
9550
8232
6947
849
1069
487
2463
975
4278
3835
9041
2775
5577
5338
4718
5749
7722
4899
7401
9751
4710
9995
8439
9797
6172
1580
3409
6038
2073
1763
4411
9723
9072
3651
2479
9086
6476
3274
3855
2436
6502
2580
6205
5571
5995
8194
1402
7381
8582
3294
1861
5756
3235
9235
2511
3399
5549
2740
4536
3216
5845
6104
958
7551
6839
6100
2735
4960
3901
2599
5226
7584
7981
6955
7722
8064
103
8181
563
4430
3793
2630
9111
2131
477
5214
8485
1050
2261
7040
7200
9997
3459
4701
5940
2538
4948
6459
8101
9296
595
8887
43
365
8756
1320
5756
1808
7341
4232
5012
6959
7644
4644
7747
763
9410
3504
6226
7353
50
7162
8751
2323
9682
1003
7074
7931
237
9258
1454
1377
820
4953
9799
2504
2743
5095
8632
7329
4011
4943
3667
5366
7716
2194
5841
4491
5069
866
8482
3280
2338
7347
4076
46
2950
957
3315
8814
6774
6928
5553
6863
8174
302
2510
2882
4598
7202
2167
2621
5118
899
6526
5894
5122
915
7550
7768
5419
7794
8053
2330
7438
9158
4811
358
2360
1397
4143
1819
5779
1567
1756
630
6406
4734
4082
4937
2143
5943
2662
4828
2000
1783
3065
2512
9876
2936
2084
6292
4217
1222
4326
4496
5342
3980
849
3956
8966
623
5807
9677
8006
6499
4275
606
1617
1767
5658
5402
9299
210
3091
3819
7757
8580
1102
1107
2032
1974
2940
4633
4308
1384
9561
1444
4653
3153
1486
1108
4327
2723
8295
3352
7894
1061
7274
3913
4952
3107
3235
3736
5679
5137
8414
6881
6814
3646
1396
9202
4797
1251
9616
7413
6669
9882
9231
9620
5287
6208
6967
4044
1489
7503
1382
6847
5659
8645
1903
2469
2679
1141
8167
2630
313
4855
1431
1409
9056
8074
8335
9971
429
7422
1089
2000
8113
2744
6004
3046
8660
1881
9570
495
8676
6614
1484
4566
8878
9565
7915
6278
1404
1383
2013
2396
4495
1618
122
2052
3788
2567
8182
1468
8189
4621
9149
3289
740
570
1784
5603
3428
1956
3549
7749
2320
4735
1510
5303
9466
4116
1098
8139
3922
537
8472
2707
5534
9723
3603
2929
2253
3605
912
9836
7191
4763
8959
2801
330
7172
9690
2963
2311
3615
4477
9907
7631
4820
5489
8982
4047
7253
1067
1263
9084
554
6347
5933
7325
5623
6421
8109
4418
6179
1054
3879
9670
6554
4654
815
2268
2634
5022
6624
564
7507
666
6176
6582
908
6502
5778
9682
2591
222
4768
3840
7055
3397
1432
4351
1041
5178
7810
641
7825
7107
7716
6476
9106
1931
389
9743
1689
960
2121
3866
9487
3464
1739
9037
388
7305
2182
6903
2271
9046
2937
7319
8594
1549
7731
8807
5792
3070
2353
5221
8915
6450
9095
1872
2278
8353
7085
1529
1
3473
4370
1099
9702
7198
7836
8575
5401
3572
3566
3443
7943
2537
9136
4254
38
8326
6159
7111
192
2548
5878
9269
8876
3269
2290
8803
6322
4235
8983
6243
4356
6634
4373
6038
6774
2459
9344
4532
310
7266
6951
9354
9647
7497
3054
4012
6067
7413
6408
5930
2078
9380
881
1640
1173
6390
432
4738
4186
9853
3044
4762
9402
462
8719
5200
3644
1026
7708
7108
3712
3532
3615
8016
7289
5369
1337
7034
7322
7096
2804
1444
9410
4367
8619
8633
2151
9152
9871
3446
5945
2440
384
1682
8322
6216
3779
7116
3983
3813
9430
1174
4597
7107
1367
9095
5915
4118
170
3542
6302
1601
2469
79
8201
8683
9386
7851
9474
2659
8084
2107
6893
1022
84
9769
2996
4762
7313
7090
4680
8925
4761
4413
8844
7540
1904
6513
3102
5456
5269
2860
7807
2058
4142
4042
436
4532
9541
1905
9485
7410
3780
3758
8612
2145
3135
6829
5747
4428
5622
7894
7141
7222
6026
2376
9414
9303
9580
9963
6583
5026
9361
2342
8324
935
9547
8558
4446
7312
469
8266
9946
936
8235
9762
2909
1317
900
4879
8837
7044
1781
595
4948
5411
7359
1857
4319
4657
375
4105
2937
9518
3550
2958
4532
3329
7847
8639
9962
6867
4485
7320
4456
9267
1017
4453
805
1324
3429
5700
2668
1835
2908
6873
1363
4827
7605
9144
8503
3269
5580
2759
4845
2041
3953
6667
3912
9066
5609
545
6868
6836
9928
1383
8204
9747
8232
272
3522
5741
1897
3474
7463
3447
6570
8517
3497
5622
8130
615
3126
7785
6146
6198
5890
7788
3979
9937
3087
8755
1473
2257
5933
4570
251
8668
8565
3410
3491
9435
5169
7515
3408
2504
6013
5213
2959
9982
4064
2863
6138
4976
8192
73
3856
4611
7303
7288
4158
9762
5196
7344
5726
8908
7426
9153
7324
3873
8210
391
3540
8411
5570
8230
2429
864
3294
8528
5934
358
1849
4147
3864
6831
9626
9026
1107
3147
9328
9204
84
1731
4833
2764
2160
6547
1936
7427
5000
1740
6535
4564
2302
5839
8044
3748
6521
8797
9251
2707
2702
5620
8371
6595
2905
7632
9395
6005
5142
5070
964
7743
9688
3057
1152
5953
1058
5730
5202
6803
9182
5682
620
1125
4224
8461
1186
5833
9718
366
1332
3098
7743
9331
4693
9548
1474
6830
4366
7245
2930
2744
2020
1506
2659
877
4574
186
1344
7235
7582
9150
5212
4916
714
1035
196
8055
757
4913
467
1100
2012
1659
7360
675
875
6554
8780
9292
4692
9098
7109
3080
8861
6544
8590
7691
4312
3289
8017
5289
4402
4608
8811
7517
3619
2381
6491
4474
7933
8131
2463
2759
5815
6266
9626
4260
562
9915
3361
8893
7166
5683
6142
6322
137
3467
7801
1190
4853
1433
9612
3319
2579
3089
8277
9256
3406
561
3062
1090
353
3434
2726
9967
975
6867
1211
2109
3794
4655
5367
4858
6403
9638
6038
9933
3343
2894
317
8781
5191
4124
8940
6749
5887
2881
6861
437
7817
109
6526
8844
4945
5355
9493
6545
9010
9011
5219
9091
7820
7991
7395
9941
5228
9693
8113
1980
2354
3899
936
2898
8025
1510
5735
2529
5586
1472
7573
7500
4291
2014
5021
1709
2029
200
613
9140
8298
4665
9937
3831
5558
6266
7094
3351
7249
3642
2635
1103
9909
6360
7122
812
4648
5445
2007
2512
519
4200
9692
4879
2632
3446
7900
4629
2842
1364
9397
8519
8318
1155
8950
7701
3895
5604
3532
393
1711
3912
9466
7115
1098
8876
1368
5820
692
9254
4784
4753
3036
9563
3996
8753
3708
9033
9409
9101
4347
9523
987
8319
5999
2153
5272
8702
1044
2649
1161
4761
5002
9191
7624
9719
7986
820
998
7725
8877
8108
5547
1402
5108
803
7437
3032
1178
4823
3767
8833
2976
7648
5931
8556
7220
8187
7629
6400
9973
7173
374
3079
9204
3686
1314
3920
5087
7205
797
7917
9080
1468
7315
7846
2734
4379
7910
4075
3243
413
6176
6930
9979
2843
780
1623
8123
1800
5456
9588
5134
3098
5435
8152
6269
7533
5452
9729
777
2383
7598
9114
9780
883
2213
3727
8086
8272
6845
1169
9836
3385
937
1807
9312
9365
7257
3707
6656
2627
9674
3957
8653
7018
3946
3177
2271
751
6092
9708
595
4635
1359
8163
1030
6028
3758
6946
4691
6054
1505
292
6313
6348
9232
8562
1472
7670
3119
2550
2054
3435
9297
4206
4746
1797
5823
3895
1618
1442
1448
1623
3595
8225
3490
376
4061
3255
9244
9950
3042
7687
6280
6003
2261
5429
3816
363
7497
5275
6298
4270
3000
624
532
6877
6552
6403
1989
8988
2532
1688
5212
7246
2822
9179
6794
2981
5675
4852
1852
3317
4490
7705
6005
265
479
321
1245
6410
9618
12
8885
5461
5748
2301
3017
3052
8441
3702
239
2681
3823
6008
4268
605
8038
9800
1446
2408
479
4332
7699
8862
4212
8437
9820
3863
1334
7199
7661
2571
7346
3771
3617
7859
8351
5006
9949
787
6217
476
2590
4368
4108
3324
6105
5204
4647
8674
2077
9792
8402
7131
3710
596
4332
7418
1294
1634
5927
9658
4175
9994
23
1746
1995
3214
5142
7075
1196
893
8419
6579
4394
2414
3246
9260
9898
9300
7937
9261
8844
7156
7420
4355
871
6272
6130
4164
698
2621
69
4434
4685
3731
9068
2353
8349
3388
7006
7950
2728
3956
7744
3615
180
9218
8732
4480
1207
7832
5006
1609
7632
2260
3604
302
2528
8260
5766
3052
2094
3930
1724
7877
6721
1619
8201
4528
8072
9125
6441
7346
1072
1676
1100
4745
3135
330
8510
2693
4269
5254
3658
2190
7332
4629
7518
8175
9338
5670
8827
587
3093
4364
2589
5026
5099
1889
2582
5442
5287
1827
5586
8421
9274
8041
1301
4784
6218
3213
9920
3993
7945
3982
1753
4441
1785
100
2477
1907
6256
6529
4575
613
4062
4097
6959
7321
8590
3698
1899
3600
1898
951
442
1694
863
6215
6055
2752
5256
6981
3427
3281
6790
9474
6589
567
1154
8938
2235
6380
931
8204
1425
8022
3031
2832
7646
9561
5079
5948
7281
6793
1012
3761
5921
8400
6555
2630
8413
4808
6835
6936
3306
5631
9246
46
5073
729
3191
6262
1730
6843
7077
3628
2737
7969
9253
8520
5779
7233
6926
3243
7033
4077
149
1471
9742
4253
7720
167
2832
4764
5509
1408
1062
6939
2889
7
9453
1734
7534
9311
4695
4646
8932
8370
9925
7702
1032
8416
3717
4864
2471
8349
7681
91
979
5544
3333
3559
2964
6840
9536
1030
5429
5629
2710
4005
9003
1663
9498
6598
6892
4363
8470
3009
8124
8242
1691
2312
9882
4059
6826
4597
1917
4661
6648
4442
7726
2765
9553
7017
8630
1376
6427
9997
7997
8018
261
1810
7503
9447
6420
4089
3998
1287
8367
5775
1788
5763
8801
8351
9587
7063
1347
1914
6872
3159
1934
4354
5882
6681
1545
8200
7779
9856
9986
6397
106
4571
1975
4344
8572
1826
1776
3709
231
8864
4853
5942
5498
9250
6600
294
9271
5335
5815
2918
5016
3948
6629
6399
2684
2488
9705
3485
6924
4573
2486
7627
2712
6727
8127
4913
3046
2957
2263
633
1997
2255
8928
3332
3036
4829
525
5786
4244
7800
7184
7426
776
7912
5375
8232
312
4244
6175
7426
7474
6508
7348
7358
6709
2260
2008
9284
8841
357
4912
6728
3507
1624
6582
8432
7933
924
7895
9648
3691
4649
4770
5643
8445
4521
2192
7803
1562
7194
9628
7767
7162
933
5546
2061
4557
9590
8076
9916
8064
7549
9265
6877
4127
5737
8618
2507
2839
4550
338
1874
7298
1730
622
1480
1015
9974
8285
6181
5665
8486
9279
8808
1628
6134
4427
9935
4061
1509
3285
2841
3288
4906
6178
6795
855
3331
2342
7958
2563
3402
1398
6857
2761
6460
6292
399
7987
9727
6853
4810
6481
4492
9677
1392
4855
8999
7406
9966
7243
7001
1157
1403
7130
9630
5450
735
5857
1859
1535
5551
8718
2257
1517
7921
6610
6656
8948
2403
8271
1181
2594
2007
9020
8022
8656
3030
8514
7636
8315
5471
4204
3408
7673
2466
4740
8837
4439
3163
6568
4645
650
8090
9711
9408
9432
3059
6572
4266
5583
6837
85
9182
2563
7785
2814
9100
100
2898
2505
1649
1347
378
2186
6715
7192
6966
1988
4381
2598
4319
565
6152
9024
2724
5689
829
8212
8494
352
6994
7157
377
9711
2293
2357
8417
9058
22
6451
2863
541
5920
2406
1433
3421
1626
1404
8607
7228
1798
6188
6802
3186
3414
3162
8280
6182
7914
5693
314
2754
9604
4246
4823
1099
4580
5980
503
9926
3300
2837
5679
5643
6862
9312
3706
8632
9920
8876
2272
9362
5541
3640
9328
9770
8424
540
8038
692
5860
9155
9758
9834
5164
5000
7594
5088
8985
2818
6143
8804
2643
1861
5131
7589
3345
2748
8681
2869
6479
6994
5158
9361
4555
1876
9488
8281
2717
2751
3706
3380
8585
785
6265
2836
8615
8039
5414
8215
4144
3490
6282
3382
8368
2372
1936
7919
6641
5791
2077
9658
3236
8814
6279
7494
2320
7853
3976
632
9914
2045
7744
8751
1976
4266
3444
8581
6453
5480
759
4460
4641
1456
9909
8218
690
1340
1811
2654
6266
8235
8147
9805
4968
8984
4867
7146
611
7960
5335
2117
2666
3004
5466
7988
6521
4567
6067
5520
7402
2259
2045
8577
148
2748
9919
9648
5354
7369
8911
8824
1384
2736
8362
5240
1984
6610
3157
5785
3651
1649
1322
1493
2469
5532
879
4150
9464
9837
9083
5167
5392
213
4303
9073
912
5477
8959
7602
8615
8087
2304
8970
9569
1370
9508
2489
1237
6593
4219
6681
4986
836
8316
2152
2379
7028
7805
5069
7481
7991
3825
7121
4245
5064
7273
9761
4908
8946
3490
3969
6462
9055
8482
4571
2536
4543
2774
5526
8678
7166
3028
6455
5037
3090
2352
278
9314
8912
3192
9219
9021
3002
1059
3753
2728
1212
128
1051
7401
1796
4283
7109
27
5689
4520
522
6450
2394
7126
6969
9979
9314
4820
311
7769
2828
9708
7894
4903
1093
5500
3108
1679
1136
6379
1855
5657
7191
937
8756
7694
9146
3143
2449
187
8243
6079
9469
284
4941
5333
8036
170
5177
7376
3013
157
6381
692
189
5251
4313
6446
351
3090
2533
5713
9778
4884
6376
4375
6914
1847
3640
5658
5333
2739
829
6989
7526
9788
3093
2045
5574
6707
7108
6681
238
8433
1214
6038
9807
1379
8659
8773
6057
6455
1781
6628
2805
7424
3607
1033
4795
5414
7378
3781
6924
4031
4853
438
4967
2398
5337
7528
764
194
9174
6037
4193
6114
7936
7719
6453
4367
3787
3701
308
4869
4767
5046
2551
3201
4578
8650
6269
3422
6869
1851
4868
1452
2193
2098
9845
5037
8016
9858
5598
4930
8169
9639
4404
364
1847
8271
3696
8852
3573
438
2371
6448
794
1201
252
9440
241
4575
8956
2553
6509
8805
4815
1253
1784
2949
8933
4193
5237
3738
122
7910
7634
1824
4921
6030
9586
7042
4262
6175
4211
8507
9487
5078
2390
3391
1345
1668
8963
3114
7914
5208
9188
9022
8229
86
7808
1266
9152
8187
9770
2465
2954
8438
7137
7401
5657
1888
5349
4855
4425
7400
7392
1816
1704
4793
5170
1888
1768
6377
2865
37
6788
5808
8845
8903
1711
9337
640
245
2251
1195
7970
4087
7384
3359
3063
352
3119
2827
3503
4147
5268
5035
4453
70
8227
8529
3267
2711
1927
5772
9192
3678
4418
1128
7938
6345
4118
6875
1317
550
3041
1015
1815
5024
9109
3065
9484
1832
7736
4586
4530
9809
5961
6569
4701
5582
4408
9160
8755
8325
8233
8093
3103
2268
6044
4931
3456
2999
3574
2864
9200
5714
5135
8551
2358
7344
3266
136
1381
4282
5468
4490
1613
9622
3694
8189
4743
5374
9769
3315
1024
1076
235
5224
7975
7796
4363
3519
1037
5302
4442
8778
5131
9059
9063
9991
1092
9982
5478
4605
2688
8038
5996
6996
9751
7217
7194
6996
9556
5594
3557
4824
5419
385
1227
3256
4479
7641
6472
9921
7686
3699
3229
6145
7748
3381
3035
4502
2981
5440
8150
6534
3122
3741
1608
1926
787
8485
9824
5188
8743
4030
8758
7345
7
9811
5215
2348
4855
78
5863
1833
6862
8334
3037
914
9993
7990
2145
2137
5294
6244
6929
4822
5339
1191
7938
4717
572
6065
5963
5091
3805
514
1902
1342
288
9479
1665
8684
2932
9726
6523
7444
3325
7711
380
2878
4205
6974
7342
9458
4940
1514
9934
9807
3405
2334
4941
6179
2946
1080
8267
554
6357
2415
8840
8414
1331
7401
5397
2674
4466
9773
5623
8224
2807
6711
4892
4351
7517
6703
5897
4572
8179
6232
6131
1112
6119
3871
6819
2979
5340
2902
6201
3846
8209
4073
312
7441
4494
7999
3748
4167
6401
651
9153
7577
4514
3096
3273
3406
9068
7229
2271
2087
3707
7655
450
5697
8944
3836
7554
8735
2790
346
5884
5717
8893
7480
5736
4352
8440
8122
6941
6873
8244
6113
7125
7595
2446
9808
2376
1971
6700
3075
1700
4456
15
1897
4583
9363
2658
7911
4171
495
50
3332
5625
6469
3257
2092
980
3627
7542
7194
7005
5173
2763
6048
7287
8089
9241
6428
2642
7351
466
628
574
1980
4449
762
7017
1861
2581
7753
3649
2254
6104
9592
7133
3876
5384
4666
4548
8556
1488
5362
9537
2392
9696
8877
9103
7788
9732
4211
8322
9279
2279
6231
7628
9860
2612
5389
7113
5509
532
9355
2116
5351
7741
441
1215
8126
7595
580
9998
4586
5063
7701
6308
513
4582
4248
3366
4353
3695
8224
9122
444
4846
187
4280
912
8739
3534
5876
5594
5057
319
6620
7793
6453
4277
2907
1120
7556
4035
8266
4034
5615
908
3610
2025
1673
8600
1790
1412
7776
7930
5541
872
8083
2534
5658
4092
9697
9280
4357
2837
9474
3005
6741
4997
7551
8428
3705
6284
6957
4398
2242
5763
1395
4706
8079
8127
545
3936
250
7977
2396
5820
3855
3998
4589
358
541
4666
8268
8755
3970
1975
6722
5820
9206
4027
2103
6247
7353
9771
1537
7998
5040
7346
9904
8354
7877
7758
2121
166
1055
1540
2954
3074
4013
400
7324
2212
214
951
2957
235
6910
7563
9137
8556
4855
6151
7091
7648
7152
4427
4492
4064
6976
7081
65
6553
1942
3553
8816
5019
8528
5978
4637
8849
9840
2282
1788
7465
3831
3822
4327
3994
3128
8653
5068
1052
931
2821
7079
1693
4676
2044
3651
4397
2659
3801
3343
6630
4716
5033
4666
3144
9772
4946
3936
7637
7756
6915
1887
3856
3941
1735
8940
6759
3427
1193
6856
3885
8936
575
4855
4746
5336
9244
4258
7568
2762
4850
980
3351
9606
1333
1675
7279
6063
8553
3070
4892
8090
9360
1057
4943
3006
4742
2099
7103
5887
2490
6069
5923
9343
2963
4829
7086
2021
1279
2407
1687
1052
5257
7083
2052
1849
7823
6989
7413
6453
4494
2429
4678
3158
6526
7490
1475
7428
9124
2688
127
4513
4748
4230
3448
1768
3915
7094
5301
3205
818
2175
4967
1517
4566
5573
6927
2556
5227
6550
7654
894
2292
8600
9520
3038
8352
3328
109
7114
8383
6326
8433
5674
5603
1190
6303
4019
2148
1250
4604
1083
67
7592
9299
6668
9081
4135
3130
4920
1260
4419
1250
3587
2276
7297
8530
6565
5549
9004
577
4987
6638
2234
4383
235
9673
7989
690
5399
8002
944
8345
9151
5711
7803
9362
9201
6800
8933
3475
3214
2220
8739
3405
7885
9994
9402
7375
5595
7734
6382
5310
9629
606
4835
9786
9530
7184
7948
1388
9520
397
9215
823
2227
2303
6902
5670
7446
370
3319
8895
9922
6291
4346
8535
5350
8175
5450
9837
9188
4014
437
9718
1438
3401
2264
2019
5887
6021
6827
2531
3301
8067
1716
9745
9400
153
4900
8060
5914
1609
5186
6960
4980
7754
2519
6459
5360
5774
926
4380
9557
9265
2287
8838
9697
6898
7077
6426
5765
3216
7607
583
6566
7757
6052
9045
395
5035
5626
7046
5320
4800
5628
4675
466
1477
6225
1165
463
8894
904
1518
5631
4219
4719
9206
182
4323
5212
42
1607
7266
3439
866
7962
139
3211
8686
882
3094
9102
8651
1600
2836
6996
7571
2463
5436
2057
1684
1502
789
5953
423
939
4302
3780
8601
6859
93
4989
892
3482
3792
3619
3557
3071
5155
1195
6863
1321
7526
2399
6119
1052
8644
4574
5830
1524
2971
7683
2381
175
1586
5665
2024
1789
4444
3372
765
3923
558
9948
672
9328
2784
9921
4762
8230
9277
6989
6542
8663
4432
7941
7475
4163
214
2692
9516
2265
9802
4796
1177
9295
6131
8244
5474
9914
7260
14
2268
6007
6421
5874
7259
1706
105
5825
3900
514
989
7319
2112
3073
7292
3392
4399
7303
9145
2224
2304
1663
8530
8155
8519
411
997
8686
7665
126
631
4377
5518
4392
6347
983
7900
7633
3554
7062
2088
2954
3274
2091
5579
5670
2247
5964
5234
4487
7307
7319
5967
2710
8338
2543
8489
4319
5554
3675
683
6722
854
7754
1380
986
1805
5714
3779
3042
9856
8435
1537
1904
9182
9213
2759
2840
8112
8681
6787
4480
5904
1127
4365
9848
3887
5099
9165
4715
6754
7136
2183
6496
3050
6912
2721
9238
3379
7121
7534
1105
651
9351
5677
5847
7055
9602
3998
5877
2387
4224
7427
4859
9236
2465
612
1787
4165
5317
4407
4302
5847
9832
3003
2449
6785
8747
7578
5982
7978
4653
2315
5050
5353
5346
7719
5189
7589
9519
9838
3414
556
9803
9391
524
8189
1056
8302
2863
2247
2050
5759
1090
7464
1031
3440
8989
7160
8520
1778
3533
2338
9410
389
7145
3373
8627
9257
5342
4823
6536
6195
9459
7642
9999
276
4610
67
7206
4483
1965
9120
8029
5202
7142
1241
5692
6216
2815
2215
1658
9601
9403
124
6948
8648
7678
5130
8599
7939
7427
2837
3261
2027
968
4270
8355
6729
4912
5429
2901
3231
8539
7974
2264
7850
6636
5839
7550
7834
7024
5419
4545
6588
2881
6811
4773
2890
3181
1083
8438
1325
6423
1894
6397
4312
6263
6700
7600
6363
7641
4572
611
2922
8319
2098
1465
5948
7330
2891
1564
9224
9145
6943
8023
5601
9131
4333
6601
7654
8971
3682
8259
5406
7973
5964
6622
5091
1594
4978
3988
957
5097
8395
5979
4338
1950
3645
4769
5110
8808
5176
2118
7391
4026
5723
2538
449
5391
3733
8363
3093
3258
3385
4489
6256
2752
3113
8978
4255
4745
6947
1906
8213
8540
1194
4787
1479
5651
1705
6235
6323
8545
8632
6899
8307
9136
1305
8024
339
7829
3383
5031
5297
8189
1852
1788
8570
4489
4613
2113
2943
558
7244
8158
1788
9171
2881
8676
3182
3465
2708
9095
9057
1725
2285
2456
5992
4183
6858
8475
6171
8494
8066
7766
5276
1317
9948
7370
3825
4583
2732
5987
1908
4820
1783
888
4324
401
4245
7046
3402
4319
4318
7590
8375
9077
5048
3081
5448
6683
7298
985
3130
4171
1738
1938
3563
2304
6051
8944
1266
1805
2215
3687
6229
2567
5925
1458
242
4205
8048
841
8832
2228
2785
1645
7467
6514
960
7234
9043
1019
9240
1586
5690
6917
6325
3584
8539
1504
9849
5468
4295
639
6791
8981
8327
1811
6135
5816
4249
7450
5845
8553
143
3789
5260
4092
6705
7494
3008
5225
4619
7094
3842
8673
7408
4674
9210
1519
1485
3884
3052
8938
363
2941
8838
8553
4270
5849
4194
5820
4972
3693
7573
182
245
9394
2710
1637
377
9495
2542
6001
4341
514
7144
8382
4991
4411
9802
5061
906
3065
4230
3190
4022
7503
3376
9863
3613
921
4799
3864
903
1097
6312
4408
4165
4269
7037
427
892
6384
420
5047
7811
9091
1363
3863
3018
4316
2007
3280
732
5873
4242
351
9931
6130
6623
4906
5966
2795
9177
9388
6722
3977
2289
9379
7579
109
7029
8608
5033
2713
8429
7741
9926
8129
5307
7949
536
7521
8736
6901
3648
3314
1200
9237
9462
7753
8550
4099
3682
101
8578
9308
9563
8568
5397
1722
790
2369
8260
5427
2370
2219
142
328
1026
530
8890
2966
3163
494
7104
5734
5012
1580
325
3133
2587
1272
7979
2533
7974
7750
3298
7821
4722
4047
6272
1052
7621
5714
871
1362
5555
5744
9613
5843
1225
5717
8580
2501
4468
2916
2622
9017
8645
4728
1415
2246
7122
7688
3355
3534
6217
2140
6376
1836
18
1936
4772
4062
6436
9498
4454
8472
5301
4215
5524
3615
8537
9663
2912
3233
616
6844
8733
7283
5424
9525
7638
1143
3321
9214
5845
7531
2046
4584
567
9190
2161
7630
6614
4731
2165
6879
129
577
4439
1798
660
4318
7178
9775
8659
1311
3794
1061
333
3581
6595
1926
1332
8207
9637
1896
9265
2381
6578
8623
6723
4948
9743
1856
2821
394
798
4580
5659
6992
893
5636
3143
6236
5471
9827
2893
3113
11
6680
8409
3133
8136
1048
43
2997
4033
7489
7775
6452
8476
3120
3484
5755
3421
7107
4459
4670
7946
3905
5731
333
970
1424
1125
194
2154
1307
539
3510
7288
6675
2781
3083
3523
8768
726
7531
5982
735
3428
7880
9274
1772
8125
1334
8508
4203
7869
1166
4425
123
3296
5289
6087
6228
5876
9616
2410
1762
8307
3380
5053
1602
1249
5079
2223
3596
5427
768
3217
9647
4669
6120
2900
3321
1362
4439
1858
2354
2244
8167
5828
2244
2364
3078
4856
2064
7602
7162
9849
1823
7785
4742
6508
5096
496
5362
2317
9855
3924
6816
8675
1400
9284
9396
7282
3768
7847
1143
1652
5664
4674
7509
4338
2584
8565
4534
6201
9786
8864
8522
8999
1293
8140
344
2390
4111
1747
3221
1059
2789
696
9814
2844
6799
4894
2813
5383
1086
690
9616
6054
3090
6863
8182
9058
5847
7893
5310
6968
9821
3025
4678
525
5486
2877
702
7287
9377
8010
2714
9744
5705
6362
7783
4141
8279
3297
537
6852
4269
4124
4632
8115
5379
547
8387
8178
3004
3892
4419
7034
6367
6753
6922
5313
1825
3773
8738
6556
9631
7475
1036
6601
9424
5415
2351
9244
6480
6473
1943
2864
5970
6044
9221
3783
8515
8916
903
666
3529
765
4368
4790
7988
7833
1111
7304
2587
5842
7971
1227
6084
6463
3977
4100
6928
4581
9122
59
4977
1686
7813
3733
2041
2169
8125
3681
790
7554
4919
4881
9932
757
9707
4423
1441
3335
6002
9509
9473
5895
5630
9126
6045
2937
5883
8064
5186
539
1071
938
6045
1681
1254
7589
4025
4682
6027
9011
1848
9294
6354
8584
9223
9704
1598
5241
358
4144
6663
9870
6587
201
668
497
7136
4373
5557
6313
4593
2300
6412
7675
7531
5362
6649
9249
5791
3492
4856
5635
1514
954
8828
9832
2171
9575
5644
6254
5221
3886
7862
871
4424
2656
6388
5852
2211
6398
4525
7551
4375
7824
461
427
2782
3277
6378
82
1986
2678
467
2572
8857
3616
6968
9809
873
4432
9743
169
7900
9387
2627
5465
2951
2387
51
9967
5420
4112
950
7029
9532
7218
1589
9318
650
2337
2117
8420
4491
2886
2759
5103
3672
1182
6188
2795
9943
3257
6256
2856
9737
2442
3221
2657
1641
5337
7918
7399
9923
7521
7272
1637
3247
2137
3407
7919
4860
1025
8954
7360
6126
5168
3914
5175
5270
615
3746
895
7910
7694
6441
7397
2231
1962
7162
4180
225
4522
3538
3246
4926
2559
4747
7448
5462
6286
536
7428
9079
7212
8843
6344
7744
6029
7531
9065
5887
9002
4360
8620
7505
4214
8218
7738
8696
9759
9628
5617
8362
1378
5614
4564
6857
281
5902
9245
9802
3728
5789
6047
2006
8304
9464
7958
5553
6600
9380
7800
1638
3341
7566
4156
8801
2899
7087
3996
6411
2738
9652
9221
4066
6102
4699
2718
7430
3171
7805
6535
2550
4676
7815
8813
1025
8650
4934
9588
1476
8907
4552
4420
8367
6844
3308
2195
4554
5897
9238
7378
2322
6082
730
3480
3397
8317
6530
6838
7401
4616
6014
4767
3068
9956
2484
7807
426
2231
2919
266
9509
9574
958
4083
5448
3927
3149
3322
7586
5557
6029
9337
9406
2785
9077
5019
8205
7431
5077
1999
4859
9081
4097
7898
8786
4119
8200
5878
7773
3081
4495
9709
4705
4060
3637
3709
3846
1085
9921
5217
5979
4819
8110
3341
551
9687
2232
7036
8656
7653
5127
8835
4533
8967
4556
9821
2391
6089
5840
196
173
6501
6816
7509
9366
9010
6086
3591
3957
1490
3760
3045
3956
9471
6821
4842
123
673
3038
9949
5506
2669
567
7355
8849
6288
7043
4050
6370
7729
6761
2123
5909
1543
7333
7560
6262
4189
3577
2532
3901
684
3037
5250
9499
7140
4060
4836
2180
3022
2807
6066
7092
4983
1022
5386
5975
1488
2307
1229
2090
5627
615
7517
1860
1534
1323
4024
137
9007
7535
9679
3243
3577
4102
4654
4754
8461
5803
7779
6962
914
1309
9254
2320
4705
6274
7058
1799
4381
6108
3731
4263
6586
2067
3604
155
1812
5455
4269
2545
9098
326
5558
4109
6685
7406
5017
8769
6166
6895
3736
3704
4559
8847
9629
8840
6920
876
9772
5174
199
210
1985
7725
5100
5314
2010
5505
6392
7127
5930
768
4503
7205
4753
7212
9936
6398
2797
9565
5937
4518
2452
81
8211
1943
3068
6134
4020
3003
444
7244
4628
8452
2588
2127
1332
108
239
3671
7109
7360
1843
5661
7358
2821
2948
7443
6139
873
1945
8871
2470
6073
3276
9318
3582
7928
9876
9011
7389
2207
9274
7633
3710
1027
6709
1212
4954
7659
6920
342
1488
5671
3939
1640
2026
821
7001
6790
7535
1948
5027
2829
7617
5692
5648
40
4683
6058
1292
9551
779
2463
5940
7308
1585
8264
3909
8419
1080
7929
2577
1345
4881
6492
6682
4366
2899
5401
3764
4612
986
9007
2407
5502
7513
132
3010
9342
2138
9652
6225
4464
6779
6586
888
6990
5129
9296
6007
4494
5258
5739
4856
252
1070
2866
1797
9963
137
2503
782
7072
4694
290
3978
3707
7016
8215
2858
5692
7221
152
4738
9443
5902
5952
8126
2905
627
9463
8589
35
6400
7932
8628
8156
6880
7423
8024
1540
5109
389
9015
9013
5096
7660
7331
5096
9088
7556
3403
9470
5253
8481
5263
6556
5855
4646
1736
3554
2604
5186
317
5917
1605
9929
1335
1532
7568
1327
5858
2097
983
9267
9756
9617
6315
2523
8060
4757
3317
9669
7129
1614
6298
2908
4963
3153
7123
3150
1061
2011
6377
879
1062
7867
1800
9425
2267
4405
2336
4390
9812
3059
322
2938
8594
3883
2239
8134
7668
4180
156
2046
7731
970
7640
2904
2747
3034
5134
7049
3930
813
187
8059
4446
9573
9871
9550
914
9260
5656
2133
7012
4030
1518
3849
5758
5921
7415
3873
8608
4702
1480
3734
7499
2485
1160
1109
6676
9121
149
8310
6644
1067
9543
8572
4018
5152
9830
7277
3888
9477
7020
9550
70
3173
8293
1161
7610
6048
2129
9442
8497
8228
492
8282
8720
480
571
3768
6310
2821
1217
593
9675
4367
2355
7813
59
8528
3796
4894
7504
4475
4914
8409
8813
871
7276
6341
3874
7625
3657
1106
728
5081
8480
9171
5232
3611
9310
4546
937
548
3204
4938
1650
835
8459
1408
9877
8438
3137
5775
1222
4757
2412
607
1535
6174
9349
4307
2403
5054
9358
8545
9717
3520
2247
9044
1667
4055
8789
5773
9947
7514
7277
3015
2511
7463
1616
4062
4417
2829
361
8188
3085
4762
9064
9502
2896
6679
4065
9700
4096
4079
2249
2588
4528
4500
9063
4411
2151
9039
1958
8791
4526
9172
4826
4039
9226
6645
2183
1138
6297
7578
1984
7147
1958
230
3330
6992
963
9326
3808
6720
3389
1031
828
49
5095
9591
9955
8050
8645
837
1213
5349
630
907
995
7291
4209
6484
3595
7693
8637
6281
3715
8474
2541
9614
7164
8548
5024
2017
6743
6701
2991
8030
1887
1606
3404
8432
1865
8997
12
9360
6126
2582
8167
484
5906
6184
9101
9985
3940
5600
4596
1998
953
4580
7238
460
6274
2480
7736
9574
6137
1703
286
5870
7286
5384
9763
7833
4652
1373
4091
8351
1168
9107
7153
9349
6904
3623
263
175
493
404
1527
6669
5182
3479
7232
8091
6305
6641
7557
6064
2808
7449
2868
6962
7
8588
7075
9358
3835
6175
2346
3071
998
106
4319
4878
9452
8393
6514
9617
5777
4594
3492
6061
9917
2062
8338
3734
8864
177
1156
60
171
2399
7159
1285
8048
6706
6448
7929
6290
4855
4297
9113
9970
6014
5087
6297
560
3526
4907
1937
3693
9701
3601
848
8422
1922
9013
5277
7726
3631
4052
3206
2151
899
7006
2441
4403
1169
3953
5258
4992
9286
3051
2967
1261
3061
6673
8328
3535
9115
5602
799
6292
4730
3462
5161
1720
2576
3755
3571
4034
2533
8404
2220
2865
9772
2578
6549
9218
9917
1871
3704
9344
1808
9534
620
2678
935
672
634
2901
9354
3944
9466
2746
8048
9618
8754
4165
5183
3184
7358
3329
4241
144
5006
512
3595
9732
8567
1148
3028
794
556
9591
5782
8671
4713
3117
2971
4813
8876
8325
1669
2311
7176
4499
9835
1200
8973
7305
2832
2317
8247
3649
6386
2187
5692
3140
4863
5553
3737
7083
3433
9605
4406
3011
466
6244
573
1330
511
4880
1394
1224
617
5555
5372
2536
2142
1931
4600
8595
4482
2633
6723
3364
2361
2647
6382
3890
6792
1064
2011
5970
6690
1449
3962
7380
6595
1378
4306
3375
2870
8314
5106
6366
3893
4606
6058
5289
437
3249
4009
1602
7405
3601
2646
9089
985
8779
6738
5853
3668
2347
533
8891
6479
889
1983
6896
457
7
4319
9566
173
8906
8065
1171
1070
1787
6097
2649
10
2421
1215
591
6295
6320
1270
7094
9230
3845
5874
8096
6876
2851
3879
4370
4452
7260
6394
3627
3262
7665
8505
1849
9222
5888
3732
5145
133
6883
6029
1319
3621
731
2723
7665
3015
3119
4982
4411
8618
9616
2532
2391
4914
417
3441
8510
7141
7040
2268
2297
4585
7961
1843
906
4697
3667
8088
2383
7128
5569
1742
2276
3658
1887
3418
8917
3060
1946
4284
260
1637
2630
2813
9519
5347
2937
275
4375
5331
7722
5478
4745
3409
4219
195
203
3626
4799
5732
2534
8763
6213
5417
4635
5235
1700
6855
6980
4199
2695
2712
1923
9557
5381
1619
9637
4016
5263
2155
4668
8515
8060
3738
2913
3242
9811
10000
6553
5632
56
4297
2622
4677
2162
1159
4930
5097
8792
4216
7958
8312
3197
5296
2773
1238
4887
5553
4047
4295
3700
9988
2974
4869
8073
7516
6303
7107
1291
6148
5011
5683
3472
3938
4138
7893
8038
8060
9024
6864
350
3092
4188
529
8090
3737
4595
8934
5351
8723
9697
6353
2902
2895
4577
5283
4934
499
2891
3558
4336
2137
2704
6665
4350
3338
5091
3253
4185
5189
199
3688
9100
2653
4157
4269
6349
4229
5877
9912
608
538
623
6984
6850
1551
2706
8054
1872
9574
2142
2410
4978
4629
8296
3064
5256
2419
7392
4861
6546
7015
7928
208
3496
7043
5014
7640
622
1024
7409
3072
9850
9200
5257
9829
9380
3237
9446
6776
5177
5060
1633
9915
1610
2202
9049
9243
7767
16
8918
3641
9117
5730
7416
8221
1112
838
2185
2216
3346
4241
465
4416
6430
3133
4452
2966
8736
9404
3238
9474
5435
2078
506
8887
6530
1966
5156
8809
113
6819
9593
4882
2310
5813
9356
3555
7546
550
8099
4746
4265
5506
6626
3792
2880
7505
2575
4573
5897
4305
633
3875
3920
337
3950
2122
7689
8687
7334
4020
5857
5768
8319
9006
6364
2554
5585
8410
2093
4735
8582
5086
5810
2486
1245
7972
251
9000
3157
5300
1238
1585
8011
8737
300
2656
7184
5347
8545
6094
547
4904
9142
2116
8618
535
9462
2634
5655
7468
2003
8819
2895
2169
1024
8464
6299
2792
9873
4633
1464
215
1042
6787
5067
6154
5765
209
8312
3953
3964
7851
54
1207
7566
5453
3517
3098
5236
3555
5575
1345
3247
2769
7807
4475
6683
6421
9806
93
2226
8821
7003
6182
7120
1385
2566
6712
1526
112
953
2918
4123
5592
9585
1339
9248
9452
3614
3635
8454
1385
8368
2975
2584
6107
3770
4412
4784
3575
9000
4267
5986
6874
8981
8034
403
2180
7225
2648
3880
3426
7228
1860
2965
7702
3123
3030
1473
5818
2681
1429
3290
6206
5079
8333
2942
4933
738
3018
8514
6021
626
679
3079
6529
3984
5889
2023
2451
6017
3044
7961
9841
4059
6640
8278
3373
4200
2906
2802
6100
8743
5795
324
6043
3978
4891
4107
7498
3046
9805
9979
7426
4759
650
3365
7302
1254
1163
429
5766
1337
9920
7632
9276
1751
9592
8021
6647
8601
9061
5856
9472
8628
6024
8745
8420
1181
3374
3225
3852
2432
9837
5574
4772
8634
5508
5646
8168
9230
8794
900
887
7823
9984
2201
2952
4595
7041
3458
1979
5368
9577
1232
3099
7887
1255
3724
2615
7154
8076
632
7148
671
6379
9200
8462
7002
2247
4783
3749
8992
9172
5000
1228
1753
1910
3580
846
4744
7027
1129
7631
7464
5607
3496
2254
142
6119
7474
7858
5890
2473
4856
798
6255
9650
9664
928
5118
3700
9720
2100
7360
6201
3307
1576
2594
9141
6834
2153
9751
6754
383
6538
3007
9869
760
3687
1939
4562
4553
4578
9469
7789
89
9841
4017
741
9578
9905
1071
6861
4931
2052
1348
4212
4742
8544
3697
1970
468
9947
4711
5302
6102
7021
5144
8026
9981
6828
6406
6071
8004
3702
2147
2042
5443
1029
2333
8216
6871
879
8560
3836
7492
1205
8918
8681
3511
1938
9927
6254
677
111
797
8869
596
2770
5331
4429
7738
5982
6990
3910
7359
928
3823
7047
5716
3234
5930
6682
9621
5101
5268
8684
6304
5993
3519
2720
3774
3279
5365
7290
1660
8674
7653
378
4483
3804
4758
9544
8346
2101
8934
794
9337
8072
7021
5797
6668
8880
8014
95
660
9438
4642
9743
7497
6781
9149
8632
7778
5995
849
3987
3282
9345
9050
1286
4100
4811
9783
3407
1068
4916
9250
8134
445
7844
230
5708
3544
2250
1040
448
5012
5551
2489
6682
1320
1304
8753
4769
3738
4102
5093
505
7937
1398
5436
7399
5437
1026
5620
8331
3736
3539
3517
4805
3609
3000
2755
6674
597
2210
1670
1477
7670
6470
4506
1728
230
557
5255
3089
6495
491
7785
7876
7711
5398
8295
8365
3742
4856
6212
3749
2965
6112
1162
8257
1117
8058
1324
1261
8905
6447
2407
4480
8324
9583
3794
2451
4808
4850
3425
9321
2681
7729
9168
6863
921
965
9871
3512
9668
4126
2462
5009
89
8806
2284
263
3261
754
2386
9278
8827
8224
4027
6372
2386
2501
3699
8494
1025
3775
3115
5753
6345
9344
9651
9339
3098
201
7327
6921
9710
8660
850
47
6903
4616
191
6965
801
1348
7099
7082
378
346
6189
7024
6642
6448
2392
1443
9554
6847
7407
6836
5747
1971
1262
5626
6250
2314
4213
5454
2934
1440
8332
7908
9316
4158
7295
3254
2627
6594
7597
2329
3493
4242
5935
6808
2733
8731
6265
9443
9198
3969
8427
4522
917
1616
9559
9900
2036
8117
4846
7296
3572
9573
8183
8920
2732
4843
3437
9828
2809
8949
7009
5872
408
8643
262
5437
1813
5449
4471
2811
2601
1186
3786
87
1794
4772
1581
7526
1388
3743
3595
1889
8526
4903
1414
6335
1154
8276
5934
931
2075
9869
2434
6180
4273
5765
5909
6691
9045
9145
6690
2898
3288
9793
5681
7237
6896
8373
8419
6493
3300
7110
8137
4084
489
8915
5621
6624
5689
8497
6763
5032
7532
3252
6985
6895
8521
7770
7355
3607
7847
9879
9084
5710
9798
7781
4814
8583
4054
1211
3687
5176
3485
7940
1566
2963
7026
5771
5230
3316
5775
6750
6788
629
2466
5712
4211
7238
5702
9144
2766
9152
8247
6837
6449
2563
1980
7178
7571
3875
3219
665
8013
5997
1389
9163
537
414
9611
3486
6177
3016
3280
5315
3591
9071
495
483
885
5331
303
4792
3495
4914
279
384
4036
3575
6046
3861
9477
6185
1616
8417
3850
7763
6
8904
3694
1176
5087
1588
6428
5770
1089
3689
9117
2893
9210
8063
2775
5160
5142
1161
5170
2323
8440
734
5652
7490
7930
8019
5505
735
5666
1592
1171
1093
649
1644
7890
7849
8223
4608
5804
8950
833
2475
5886
3073
9881
8122
6581
5139
1163
548
5956
8984
7722
8857
9291
5405
8556
4758
7607
4604
9513
4858
7717
2867
2473
7840
6329
7421
3807
7324
3582
5492
461
7825
1715
9360
162
4737
9324
8741
2656
5446
4830
9033
3002
4825
5201
8493
9820
4356
2470
3612
4933
4393
7298
7711
6860
4742
1718
3827
3017
3395
5709
1735
3496
1885
9735
1191
923
7099
3322
1174
1722
3660
1791
7880
7287
6965
4994
7963
804
355
5611
6201
4436
9193
6895
7856
8871
6273
4164
8073
9575
3828
1495
178
5798
3996
8416
3626
6592
2946
4850
1796
900
1262
4891
8175
4385
9885
3078
6750
3248
7169
6231
1529
1900
4324
906
4606
1063
6818
6281
9028
9798
2825
4525
8518
4356
6302
6524
9456
1394
5075
4636
2660
7074
9386
3177
2349
4503
8266
6752
8270
6619
8175
1837
6884
2004
895
8827
3937
7796
4973
2674
2128
7146
6523
1619
4532
7913
3348
9443
7277
7556
1116
7646
6871
2502
8015
744
7315
8788
8279
9630
6908
5018
7422
2072
3127
3904
2682
2232
3433
2396
8966
3245
2174
8208
9102
6468
316
3397
8101
2594
8281
3411
1209
3748
6538
795
6215
9522
8891
8878
5118
7496
1378
4159
4651
6799
2528
9314
1619
1054
2831
5537
6634
5803
6249
7408
3714
2098
630
6301
5447
6395
1993
4125
3638
222
4271
3594
6188
235
5313
9217
4905
2825
2643
5412
5543
7981
8841
1459
1813
923
2241
6419
9620
6501
2666
6857
9825
2091
7878
2984
1670
2925
3005
2676
9950
451
9449
226
1457
7958
3544
1314
1742
8086
5234
5179
4125
3130
8970
6843
4779
986
4162
7538
977
3104
2431
6781
1902
8327
5898
7722
4320
8972
4644
1478
5887
8533
2737
1257
3697
2887
4684
4022
3405
1663
680
6671
9761
2239
5019
930
1610
4883
5674
504
6154
3098
6868
796
8839
1879
3583
1327
2987
8320
7988
9551
8532
7197
363
8265
2623
4740
8055
1543
8943
4655
7596
5565
9696
9825
6361
1051
6994
2344
1049
1516
8045
3115
368
5596
5362
4690
3159
885
2061
1560
8834
9585
234
510
1609
4499
8615
9530
2680
5756
4460
599
7722
5081
5979
7899
2923
7102
8435
9703
785
249
4969
8704
9470
6848
8793
7546
231
9070
9319
9098
5329
6357
2236
8196
3673
1622
640
340
660
3787
427
9923
8040
7340
5751
2271
322
972
9396
7636
360
1444
800
7664
8607
8420
4440
5816
4963
3439
4461
6431
9201
1618
62
2032
6195
4273
738
146
2102
7938
3146
1650
9281
4684
9499
4291
4842
9434
3857
8466
5208
5691
8792
148
5601
4868
1344
3150
3934
758
6620
1680
7431
5002
5647
8419
6998
5978
5213
9430
2058
5059
5512
5809
8635
3160
963
3972
5899
8493
1585
7206
167
7223
7607
6596
5001
9056
8572
1022
7290
6468
3090
103
5512
424
9477
8917
4415
8027
8333
7570
4843
8258
9172
9140
1407
299
8810
5493
4699
6357
1519
1124
7657
3829
2598
2076
3657
9094
2343
9500
5750
1880
2238
4176
7468
5008
3013
1918
2732
6337
6467
6655
4229
5193
4087
1561
4976
4426
7174
7685
3253
1349
6044
7530
6106
3119
9208
2104
9602
2104
9919
5971
6843
7878
2421
6180
6318
8749
6934
6144
5220
31
2993
3717
1304
821
1356
4561
8075
7652
3979
5830
5090
2177
3639
5323
6243
389
1098
9624
7193
6839
1906
3306
1681
9155
9420
7968
762
6338
999
9749
1076
1875
910
6042
3726
4578
6367
6637
9043
8563
2679
8353
686
8164
6267
7326
4580
6335
1156
7721
1937
1203
1629
7992
8195
2881
458
6320
299
6475
3474
4210
9113
8663
7253
837
1814
6570
995
7756
1111
8129
9347
4832
2642
364
5486
7671
4567
9745
7711
6538
7936
7110
5008
2014
7153
4340
1649
4214
3398
5296
2804
2014
3076
2693
719
502
5168
9125
2398
1033
7099
7131
5475
5039
3960
6118
7575
7386
4010
9967
1743
9376
5885
3533
9956
7119
4987
325
2000
5401
3720
2997
2832
2613
8618
710
8695
1158
9422
4736
7011
7097
7401
5378
8116
5142
5652
5440
8356
9497
9275
4227
8366
1281
3297
3733
8239
8029
5082
8083
9728
5149
3623
4479
5081
9122
2249
2101
7199
5777
7162
9057
6049
3649
3605
9023
243
3405
713
6614
2280
3526
4731
3909
4730
3727
6388
5444
8155
7341
6829
2402
8215
8947
1668
8066
1412
2644
229
1152
9699
2255
8840
7100
1318
9679
2313
5001
8620
5312
669
1572
408
3047
3976
9713
7374
1768
7156
2498
4597
5804
81
4192
9440
1869
1155
9026
6532
1361
247
8743
5626
5823
4517
8758
2434
866
3251
5756
4344
3342
9810
7232
8446
1672
1714
9862
8033
3006
547
7421
7887
9644
389
3884
7433
2415
3336
9582
6255
2102
4034
2565
6526
3604
6962
6235
4382
3392
493
3351
797
6948
8836
1340
3575
3223
4159
8286
3986
9688
633
3396
3687
8879
6390
2532
2928
2328
8117
249
9646
6909
9223
6140
9805
9655
3936
62
6541
1902
6094
1417
1961
7143
5562
3992
2649
693
1488
6450
9016
3517
743
8506
6944
5560
2522
229
922
8898
210
1807
9359
815
5979
2008
9076
8018
130
4368
7822
8947
555
1608
4206
6791
5592
8021
2199
8509
9885
7527
9573
9723
2151
4526
7663
9314
108
8315
1732
6374
8765
4257
43
9607
8563
6439
7139
8734
44
4001
5001
4405
7480
1469
5330
8083
5320
1341
9854
3874
9159
4847
2957
3615
4916
1306
3149
3393
6170
1292
1779
6733
5826
127
1105
7897
6953
3845
1596
523
9133
5677
6724
1013
9026
6968
3528
5366
7596
3527
7471
1349
2964
8557
8924
2146
2669
3822
9742
880
6848
7692
9069
803
2858
4734
1405
3614
3713
306
5220
1269
5890
5144
3336
5979
3311
2633
8090
9373
942
1839
302
7546
1281
9982
6741
1712
6540
1228
593
7185
563
5880
7010
6031
2538
9153
4856
8245
8755
5970
8512
3918
9339
2206
5292
9971
7192
3999
4280
1166
2173
2793
1085
4342
4015
9977
5858
4546
18
1582
8176
7281
1998
783
2070
8560
7208
3269
8043
8780
2955
2303
5899
9416
9435
4226
7489
934
6110
1517
9594
556
1703
4777
3248
5116
1615
6623
1870
2263
9549
3985
4414
9747
3509
6850
3527
936
6843
2494
5053
5818
1800
7170
7556
7811
2267
5236
3554
9627
1628
4847
4246
7325
5931
9899
2708
2903
2648
8970
5808
3406
877
5729
2270
9380
5005
8503
1622
5223
473
2708
356
8066
5035
484
4219
768
7950
4564
7892
2556
2808
2318
6298
1181
2852
5107
669
6710
1420
7701
3058
4843
2054
1803
4708
9703
4725
134
6767
6928
3914
5002
2746
1854
7438
5601
2932
2258
5921
2088
4911
7058
5391
9477
8435
2586
5918
1763
9783
6571
5831
342
6355
4933
5267
3468
2412
5439
7935
3708
4319
8605
4500
8990
1525
8731
3948
8593
4549
6225
5634
2922
6871
7242
8556
1815
1300
7474
5489
1192
8941
9462
2841
9795
6005
3553
5113
729
8403
6033
4782
3
5456
269
1724
5574
3082
2623
9662
7379
5275
2430
4716
7259
6038
6836
4793
7144
4663
7420
7992
2842
7253
7319
5344
4281
6378
8561
2796
7509
6250
2388
6388
4071
5144
7768
9919
309
9985
8306
2344
2153
2883
2524
3770
2058
1284
4021
4757
6330
3640
3516
8109
475
8694
7173
6607
1856
8526
5631
975
5838
2345
1359
7563
3784
7791
6907
9468
8866
9588
6586
5698
2012
7652
5
1620
4796
7559
7325
2660
327
7387
6039
6407
5821
5620
1124
6408
9879
6853
8410
7620
314
321
3178
7258
9848
3459
3824
6289
5115
7834
8667
9610
4052
6625
2964
4792
260
2656
6705
3005
3136
8954
7504
1104
5344
3632
8506
2717
7155
294
6916
4635
4571
7271
4001
964
1022
332
3107
2012
6442
845
440
1866
6722
6756
7141
676
4388
1203
1454
6177
8942
4463
8306
8579
9322
8460
4140
2735
7895
7000
3878
1768
406
1930
6114
2590
7686
220
7132
470
4949
479
4657
6411
6777
4377
2077
5373
417
2325
6487
3852
7189
764
1705
6930
3269
6786
4494
3625
2591
7568
3320
5327
9029
2650
7566
8621
342
1541
5610
529
9516
8569
4428
2634
2435
5665
248
7720
5880
9713
6048
6307
5216
9168
9242
6236
9933
6369
9746
7012
6466
7716
2064
3072
6652
4694
8188
9034
1098
5072
261
9686
7871
9179
5413
7169
299
7490
6777
7759
6502
636
3557
3060
6947
7413
9113
4444
8245
2520
1752
3778
8624
5310
1312
3890
8148
6473
6496
1520
6729
752
6933
2742
4517
8866
4922
3938
1490
3383
579
8597
9448
418
6619
6441
4790
1762
7929
528
2616
8292
9596
8009
5310
4461
953
595
3372
9081
5874
5967
2435
1712
3007
454
9806
8655
6978
5549
4610
4163
2404
7675
2362
8709
8161
7849
1535
333
1353
5202
8868
9607
7514
4061
3360
1542
7955
8780
6187
960
3877
6396
751
5192
103
5967
709
5683
5294
2853
2275
8032
884
4750
9491
4120
1670
3808
8816
7699
4039
6437
4384
6717
7216
7684
9955
1794
1739
266
2637
6198
3475
1312
9376
5921
3753
5357
9871
9878
265
4939
2692
8523
546
815
5164
1276
9812
5837
7184
9344
6076
797
8164
4978
2730
779
3349
5915
4722
2216
8299
7667
4871
4674
1234
8407
8472
8196
7424
7
1482
2186
9940
9745
7520
7234
8561
9918
7479
3749
9810
3191
9519
5533
2429
4814
1836
8612
8181
7605
8064
5321
7148
277
4382
175
471
835
6147
6373
4790
5220
106
1302
150
479
3728
3075
8640
6824
1385
3989
770
6096
7941
5790
5431
9260
9772
7225
240
3207
2189
3981
1504
1110
8436
7319
2052
2159
3567
7084
8656
101
1344
5090
1754
6113
3314
4113
1641
7798
4076
128
9921
601
3593
7013
899
5788
9663
3220
2796
3432
8057
7869
504
3361
9000
5208
4354
7348
7024
9766
6233
5005
1778
9108
2398
4871
3429
846
6818
113
8569
6124
9979
6368
981
6322
2946
2334
7501
1894
4076
9359
7412
5247
7940
3292
9756
5182
5707
3186
8673
5963
7795
9980
407
9220
5876
2863
8692
2913
674
7575
7629
79
99
8463
4717
6741
100
1083
8083
9361
2389
816
3919
276
7953
8772
7441
6912
5482
2567
8577
4473
1150
5227
2355
9675
8554
4090
860
3206
7185
30
5438
742
1077
5477
6416
6332
5269
8567
8077
5417
7627
3040
4504
9718
8887
9075
3049
5206
4011
6387
3610
5078
3813
580
8507
7624
934
3307
3563
5730
3217
5373
3223
6937
3945
6648
5493
7775
655
9140
7134
375
9463
862
1326
6589
5426
5188
3052
8475
551
6770
1714
6480
1220
4147
1281
7356
7262
8818
4438
3251
8789
7576
7064
8131
6160
6158
9767
968
1232
350
903
1351
4729
6657
9373
6327
2255
9175
4627
8088
753
94
6110
523
6429
7133
9891
5525
4513
308
4240
1786
6921
663
7245
273
6427
2999
5352
4735
3656
2789
358
3636
1601
7331
8962
4628
3676
6114
3490
5615
3446
375
8346
5205
4142
9079
9790
8717
8910
3505
82
2660
5154
1436
7747
3319
3132
7995
3632
105
3448
1471
7697
7223
8490
7730
317
6261
862
1574
9764
2929
9225
9837
3584
6422
8545
5111
667
72
4978
9321
1348
6341
4038
669
9060
2374
4874
7613
6130
2585
1299
4292
7656
4927
5965
5649
5560
3304
6321
4828
5906
9414
1440
5549
8292
707
4287
5659
7877
6766
8548
3761
1916
7337
3726
3724
2482
196
5485
7775
2334
5069
5467
4047
3188
7764
625
8630
5928
514
720
3512
5664
1900
387
3610
6011
6400
4348
5778
14
6568
4742
7094
8494
4611
972
5246
3283
6676
9874
3408
8341
7337
5724
3739
7280
2081
9907
1976
8780
7662
1858
2396
2843
7093
8424
8982
7322
2049
2801
2403
3046
7705
6251
6696
223
4972
8376
3545
9900
7661
1275
712
1143
8655
633
6616
800
7855
9182
7830
7032
2852
2776
3995
2113
5468
2495
1228
2355
5514
5377
1808
1194
4584
1547
8895
3700
89
3521
2087
8458
9546
9246
8580
3373
4435
2921
8385
2467
7893
6327
6576
9947
5498
1550
4277
1630
136
9696
1877
6842
7288
4776
4786
7681
4770
9396
8626
819
7647
289
3964
5093
8954
4791
3005
5592
3105
7650
4960
412
8305
4464
6199
2442
2437
6554
2496
4614
7344
1867
1113
6914
1104
7391
455
4898
5898
1181
5836
235
8381
5260
6717
9797
8236
269
2008
2240
9492
7616
6477
8231
6062
5148
3929
2910
8978
1155
5127
6376
2512
2652
2015
1550
6592
9372
8585
5853
8489
5895
4882
2826
2392
2383
210
9675
8158
1298
8785
2603
5180
123
9244
9422
9163
9152
5904
4910
1524
4444
1649
3721
4750
1321
3040
600
3421
2549
8009
6183
4274
1450
8019
9813
6458
8981
9640
1014
947
5359
6882
5015
1483
5838
9044
9827
6317
5694
20
8401
317
811
6765
2411
9601
9897
6406
2740
9854
2660
7123
5582
1913
2070
2485
4693
1967
3583
9248
491
2410
5794
3212
6775
6741
6704
3896
1394
3798
8604
6001
4703
6035
1270
2073
1364
8969
781
1552
2197
679
5680
3259
5487
9510
9383
4465
3986
7275
853
1418
1982
2621
6421
4656
3641
9269
7138
4833
9242
5203
9945
1950
4439
942
3710
8635
5891
8893
8998
2649
7453
8693
3612
1766
2248
8985
5886
5743
2255
2014
6858
4487
4380
560
5913
3497
354
7800
5337
3784
9326
9301
2816
677
6368
69
563
5120
8745
5302
6587
9554
1027
4444
5446
3169
3841
7120
5002
821
1635
2289
8748
5624
4233
846
5850
3677
439
1612
738
5667
2010
1136
4763
3590
4873
2847
4274
7251
1812
8179
437
9762
6024
5961
5205
2025
2114
3429
7035
9282
4826
5756
3888
1148
1726
8262
2290
9665
8489
5930
8280
2194
6082
6512
3914
8261
8042
6912
2136
4704
2802
2824
8895
9550
3798
2160
2099
5041
264
4905
2256
3328
6334
2357
7470
4128
9972
3585
3977
3916
6283
7381
7891
3595
3833
8388
2082
4929
6662
3053
7410
5616
112
7402
4459
3787
4177
2222
1906
9215
7015
7110
5957
5623
6709
3220
5567
3526
668
5937
2983
8413
6245
5904
4410
5469
7221
4737
8521
2034
4966
8684
9012
5470
9182
7569
8183
7760
8273
8269
6845
2121
7338
3569
8207
4195
856
1594
5001
1588
9495
9370
8091
8304
8714
4532
8220
8762
4160
5136
2513
4201
3928
938
2103
1360
1614
5166
3370
483
5155
3813
8751
62
4213
3212
4211
8562
4570
3255
9643
5395
8217
6494
3088
1353
9180
3948
7313
9387
1159
6107
3705
8013
6357
1547
5173
3803
727
4450
7895
3504
4006
3685
9269
6600
508
7562
3986
1877
8872
7416
2195
6683
4312
2653
6910
3193
3221
1223
8987
4170
1804
4028
5654
5116
3025
8172
7871
7928
521
43
9615
7003
6621
7642
3585
3255
1039
2146
4723
7161
7065
2491
5978
8724
1877
8042
3378
8269
7066
3366
8736
2585
9816
2760
6186
3020
4742
9396
1161
2950
7438
1299
4215
749
2419
8321
6106
7039
2188
4206
312
1982
4708
7096
4087
9038
9347
6591
1696
869
1383
9639
1488
5857
427
2130
7913
2888
5379
4175
7728
1236
1628
5298
6465
2101
8409
4975
3346
8819
3368
4259
3141
7084
8916
8093
1125
212
7086
1091
701
137
2070
9533
2131
478
1853
6151
6340
3370
6253
7016
500
8920
5891
386
7662
3268
1879
6686
2863
2076
5026
947
7454
8365
1620
9873
6627
3844
1293
9216
4209
6084
4681
833
8767
9823
5616
9876
2676
5581
3570
8824
635
2300
6312
8186
9979
4637
9773
5294
4617
3777
288
6488
7511
3160
278
8223
6074
7107
9303
3116
4358
9795
3722
4765
9261
7455
2073
3917
8147
2561
9396
7207
9611
2446
1473
1691
9848
3748
3399
9761
3795
5907
7319
5760
1323
5461
7575
3724
1262
3716
6276
4108
1449
2548
3305
6005
2796
7212
4036
3972
45
8227
1845
304
2215
8417
3343
1279
210
6786
4344
6915
1605
8345
5311
814
412
892
2020
3839
2001
1512
6705
3101
9953
3870
5232
3950
9158
9625
4930
1297
1877
9056
1008
402
8618
569
9208
2719
2470
6156
6040
4138
6318
5858
1065
9115
9632
4025
1575
64
7293
4766
9062
5800
6251
340
5090
2830
7533
1222
5447
4509
5891
1372
784
518
5519
8497
7278
2802
4133
8426
767
415
3575
1900
4638
3290
3912
9364
7349
5434
6154
9673
2685
8587
2459
5631
3846
8958
2746
891
8924
2688
748
7325
9153
2608
6807
356
4049
3384
3124
706
1613
4564
7684
8015
9951
715
1066
8241
8417
6332
7929
6800
2084
4218
4509
3016
6255
3171
1486
6800
3979
8692
709
8501
1304
6896
9322
4653
1373
9376
3577
4287
6740
4469
6150
9405
5727
5201
1814
4266
5865
2173
2459
8115
3143
5192
9492
3717
5281
9023
5804
3273
5053
381
5901
697
3276
8589
1360
829
4163
7620
5828
1052
2820
2889
1619
7093
4296
7187
4220
771
9203
6926
586
8082
8331
6590
8814
264
3677
3275
9350
8539
5285
8013
8016
8724
2218
3907
6170
8559
1122
1135
704
9428
8271
8672
3038
4138
1708
5166
2395
7183
5139
3982
2792
950
8513
7141
6038
9218
6968
4548
9922
5473
259
2501
6127
5726
158
9057
3509
4892
6339
9741
388
4479
4990
4412
2616
8244
5231
8613
5381
8815
3195
2492
9207
2275
8027
6514
3115
7691
8180
1980
4443
376
1946
1017
784
2052
3917
3340
6475
66
6456
6437
7514
288
9433
6556
7572
4304
2586
7991
8708
7961
1609
4341
5507
3654
998
4168
5415
3443
9255
5353
9743
3518
8897
6057
4543
3283
8442
851
7799
6753
5541
1048
6605
296
2558
7507
4971
4046
4836
9553
5424
7989
5158
900
8489
7498
4296
3644
7005
8071
9246
9565
2553
1127
4834
8644
4495
9499
7123
732
623
280
7089
8394
2498
5937
755
2542
6945
1080
2298
4028
2430
7412
4559
6946
682
1265
4846
7180
5881
6267
8224
3763
4808
7267
6772
2085
2576
7148
5561
5514
7279
2728
7817
3438
7914
3770
7549
8621
3108
2948
2641
1238
2991
2722
9426
2637
1136
7619
474
6875
8076
1147
4780
7599
2399
7339
9494
2691
1918
3444
2621
7715
1199
2008
6685
1300
6961
9861
8751
6688
9356
5472
5352
2500
4595
4445
9144
1879
7062
5870
9187
6260
139
6169
6655
6932
7629
9266
4159
4571
9436
6275
7574
6831
683
9570
7649
4948
898
2348
2816
6148
1146
5922
9439
7694
8273
9622
2248
9241
5229
5116
4089
8067
477
7455
9057
9262
9752
2027
4333
5300
2301
1227
8442
6546
4949
974
9586
3046
7387
4153
5698
8367
1736
6751
7499
8427
5864
2042
5822
4603
1050
2627
3462
9296
7046
4652
5389
6561
5859
9164
5460
3982
6643
1645
3716
3670
6490
4602
6233
1331
408
9801
2106
300
6876
3531
739
1868
1434
4290
3069
7373
4319
7375
9324
9636
434
8534
7576
9755
4391
9495
9477
5026
1234
7213
3080
3395
4230
9737
6480
1935
6218
7243
8241
9464
7157
4029
9358
8183
8055
4016
7982
8007
8802
2415
220
2812
5640
9802
5670
1084
1618
566
308
7145
8509
5374
3885
1850
5429
6319
499
9719
2583
5501
2783
5072
7495
428
250
5326
6384
8374
7291
9426
4868
2728
5840
6303
5667
1235
7362
8300
3412
1713
9734
4925
8257
7862
8043
6035
2409
4966
6908
4777
4652
4911
3250
2720
2804
6688
4449
458
8130
6949
3754
9279
3763
1001
1853
2644
7419
1197
2692
5350
1165
396
9554
4867
9356
6344
676
591
8954
5481
9059
4820
6416
6829
9666
8619
1582
3351
4249
8905
6292
3289
8832
440
8769
938
793
5454
911
5186
5935
1906
1242
4528
6516
7903
7750
8530
3281
1654
5126
2734
6106
6007
4354
6266
5361
187
4748
884
4849
7980
710
7197
2869
7869
710
7635
2786
3925
1355
3159
1292
6350
9264
9522
6330
6297
4865
5372
7849
7821
1395
1927
4470
9721
2643
1407
7615
6455
6650
9544
9116
1224
2889
8972
5578
4127
6848
385
1329
8867
1437
89
4765
7219
8683
7175
8625
6211
1712
1534
943
1329
5863
3406
3091
3544
3967
46
7566
6259
8059
43
2725
4810
1932
3349
703
692
4770
8695
2807
2745
6335
3188
8313
7051
9467
9796
5111
5808
5323
8242
2474
7917
5421
3731
8932
512
2151
8758
6962
739
3884
582
6155
2580
8900
7108
8928
3144
4902
4640
2199
2740
4441
8584
9508
2602
5793
2007
8438
8303
4030
472
5839
7361
3259
9342
4254
1054
540
5393
8523
3899
8287
4952
6684
7376
9382
4397
2997
3079
4890
5537
2696
82
7660
4228
2673
8027
4240
4458
4042
7990
1998
931
2102
139
7759
4562
8006
3090
3026
231
2786
7298
1000
2801
5464
1467
5255
1379
2937
3887
5104
7567
7503
2765
6675
8182
9894
3567
6602
7359
1049
3151
8759
1795
8807
7410
6004
6037
8972
4648
6626
5638
7543
2005
9228
7455
8335
2534
2378
7738
3494
7118
9633
2966
7377
7602
9211
1916
6645
431
918
5982
4229
3922
8875
9364
5900
190
7529
869
6969
5698
2637
3437
760
9201
6166
3778
1994
8283
9441
2959
8322
5705
6421
6681
4818
2952
3241
5878
9354
2519
4756
9777
124
2627
7144
4445
1123
7203
598
1933
5804
8617
7745
5743
5319
3998
3249
7847
3664
2464
1434
2029
4031
6382
691
2011
6359
9313
6775
443
4953
2392
2634
686
8367
854
9844
1437
3832
2806
6637
3037
2226
7838
2242
7699
5092
9090
814
9710
7460
2144
1597
3862
6554
8024
8553
2193
8908
7285
290
1217
4849
6403
2826
5695
318
2845
5717
8237
2784
8322
6634
6959
2034
4791
7518
2931
6931
8093
4171
5322
1865
8563
1768
3337
4450
3444
2461
8023
3490
7561
3609
4816
3222
2291
9877
6527
9548
438
5227
539
7239
5135
1993
7222
7274
3136
9853
1237
709
8846
3889
2971
1351
8763
4339
8771
4683
5505
2289
4556
6847
3490
6032
6482
637
1798
4536
8048
8722
9065
8424
2235
9603
3
1108
5672
4876
9436
5958
4334
2638
3766
3075
2127
7666
6020
1101
4481
5768
1807
9354
8490
9347
3782
1646
3648
1943
9624
5138
4251
9223
3779
3948
3515
2791
6512
3656
3405
6511
1033
1702
7075
2960
6611
7072
7939
7493
9048
5563
7554
3591
6739
7495
2574
4111
7989
2253
4739
590
9693
1758
4197
8264
9353
5360
4603
5935
4745
2799
5779
3823
3240
1548
2998
6020
1393
6683
294
8510
4079
4736
4221
8228
712
6664
6930
9093
2806
1304
8267
4193
8520
7295
9976
2416
1715
2345
2590
2611
1297
1024
8496
9549
8380
3942
4576
3796
7708
8888
3369
5061
6371
4126
2602
3608
9125
5523
5167
4242
9942
2070
6434
3668
4830
193
3857
27
5356
819
2646
2873
7349
8984
8336
8109
6839
2393
7773
3210
1264
1849
9789
4029
8822
2640
456
2579
9526
6079
2909
3085
2171
867
4543
4653
3868
9313
1634
8217
6439
7490
4033
1968
843
3070
9248
5355
7563
1841
847
5593
2034
4349
1059
9862
7664
5146
201
6119
8006
2964
7482
5253
4833
8839
6549
7919
6549
850
7760
5000
3945
2623
7614
3954
1601
1298
1182
6746
9246
9354
2889
7150
7552
4206
3556
2452
3792
2915
21
6323
9117
5265
8726
6724
7757
4013
7152
8369
9366
7993
3678
2904
3683
7146
83
5941
7993
8442
4643
8137
7990
8943
2815
1414
9809
3363
4711
7669
3087
6062
7601
2644
1315
5246
9012
7487
65
5137
4815
665
3815
5233
9603
8469
7391
7332
6895
6032
3228
1105
9660
2109
3700
3274
5357
8394
9307
6401
8365
8663
3557
8831
1669
8110
9546
433
7558
8442
8421
6798
7145
1205
45
8533
8956
1206
6381
9176
4287
957
2164
6938
715
4032
6028
8507
945
3117
3484
2175
8671
8479
2832
2774
4503
6161
6714
6361
5283
2108
9584
5407
9193
677
3808
3746
1546
4010
6850
7456
4433
3427
5206
8711
262
1750
6087
7811
6902
8642
6897
6984
9358
5284
9135
8738
6370
4889
2498
5521
2952
6764
1213
2475
5319
3619
646
5647
9143
4842
8493
5519
796
2104
8572
1519
9079
6592
3768
8207
274
3548
2294
8996
3674
1928
7135
4124
2351
461
2794
6894
6951
6327
2662
4735
6767
8470
6834
5916
3529
4499
5955
1582
5325
4801
1823
9213
7627
1668
8209
6963
6115
9291
586
1017
3693
2859
8812
4741
8389
1959
3765
4038
6334
2997
9115
1404
2861
8045
5447
2711
1124
3427
1266
4370
2774
3666
272
561
6764
9341
4861
8492
3857
4386
7859
1101
4016
8843
5323
1390
3035
9409
2190
3745
3674
6494
1229
6742
6012
9196
2144
9126
9440
5602
1694
3412
776
7757
666
1874
445
3255
7801
5845
2597
749
4888
3568
7248
3533
4896
7515
3544
2799
199
7836
8132
9286
2270
6418
5295
112
9978
1750
8769
1190
3054
9719
1729
1702
4330
7142
5202
7005
9999
1952
2067
9605
3174
867
2120
4758
2178
350
4688
5251
3847
5786
4536
9464
8994
3976
5440
2940
5544
6757
9784
3139
5440
467
6663
7220
1466
5907
3827
8500
2462
9819
5211
7792
4624
7160
8985
4664
3032
913
7977
4784
6138
1123
1003
6860
6647
4909
1940
5693
7750
3968
1563
1035
9218
1356
6154
5945
5175
1239
5272
6446
862
4655
9462
1162
1082
2912
5173
7243
7275
8774
8094
8575
9139
3687
1948
1215
8415
4476
8262
839
125
7964
9285
8987
9928
7981
3556
526
8156
857
8970
4279
4115
5379
4905
1802
3906
8909
7670
627
9656
5978
4204
9607
1212
3944
4927
7135
5117
8250
9949
5540
7605
8015
7070
9940
8914
1147
6118
9014
5194
5822
638
7924
9276
2944
5200
9974
2164
8555
2661
5523
5802
9090
6438
4861
6098
4312
2290
4290
1282
8530
2945
1346
2765
4764
9558
8927
9648
4113
5240
532
6263
5922
6231
6026
6233
4753
3593
2799
9455
2440
6422
3902
9246
4005
56
6283
3060
8327
7210
5604
3198
2536
9618
6550
4623
6940
3100
28
4451
8855
2055
7614
8293
810
3132
2629
327
3737
1132
4288
4491
7241
9368
9384
9356
8956
8125
8688
3813
9571
6177
157
3020
6042
6901
9924
9561
9810
5772
922
656
7804
8676
1343
832
1423
5005
8818
7177
7895
5286
2899
9422
5290
9866
7118
2702
4758
1781
224
9628
5165
8892
1713
6915
4519
3498
2079
1307
7563
2063
9903
6450
6840
2807
7700
9120
9968
7940
4908
991
6063
9828
7128
2467
5887
3950
9339
2238
6123
5759
1210
7794
9532
3100
7879
6737
365
522
8533
7843
9211
7527
4357
9604
973
1576
3701
7239
8156
3896
1534
5427
1356
119
7839
6069
4624
3601
1253
5658
9554
6358
1900
4726
2629
4692
8231
4821
1498
5440
836
4174
9151
895
8657
2723
9127
6132
5356
4321
166
4795
3054
1534
7016
4257
6020
1840
3684
6615
2589
9088
6605
2493
8703
2779
2895
5713
2565
3994
7571
1772
9557
532
7564
5474
6483
9696
2732
686
3648
6453
4106
2717
2377
1345
2463
8677
9948
3464
2303
8177
2981
1674
1007
4966
2633
2491
8912
6568
2651
2921
7361
4231
4132
5998
2925
4569
9136
8943
7957
670
6459
3096
8315
2995
5575
4674
9457
4376
2101
8360
3591
6209
2483
4716
9110
5077
4388
3785
3511
9443
1713
8585
6322
2451
4311
3567
4951
3496
2694
4826
8752
983
1071
8291
7068
2320
7128
9560
6440
9892
5385
4457
7519
4612
5004
1582
7548
8221
4578
1980
4051
1762
6568
6406
8367
3993
3063
1015
8394
8445
6264
9713
9954
3886
8030
5827
3427
2565
375
2030
1041
2629
1068
8568
468
8083
1942
423
3223
3195
4297
9756
4897
1383
1580
2345
3378
4287
967
7528
3765
3020
3677
6095
3239
5623
8068
4183
9586
732
2677
6922
8924
6644
2346
1124
7534
2023
7039
2520
3975
3113
123
4786
6614
9188
1137
1550
2417
8882
4596
9402
1849
147
186
4196
3019
2970
4538
3539
2246
4455
3926
8194
3306
4748
7745
542
6570
873
4145
8525
3694
2191
6875
8761
590
8178
8625
3020
2131
6953
9092
9758
3205
9673
7408
4006
4454
4331
8996
1343
6200
6967
5869
3211
7626
5387
9472
1865
6946
7762
272
5043
8893
5238
5286
8586
8677
3773
4704
4287
7096
7155
4448
6779
7992
6994
3543
5648
4678
2850
2030
9377
2658
4937
9195
5962
7187
5044
6094
9989
5276
1186
7781
6768
1076
2104
3713
5890
6106
2884
6733
8906
9274
3375
4575
2381
1561
4935
5133
9017
4652
4100
8383
5756
4814
1524
3353
1827
8418
97
976
9828
8040
9981
3585
4891
2056
9040
5384
1099
9777
6096
2951
3497
7080
6368
7421
901
4792
3569
7606
3549
8592
5463
9930
9182
5132
6456
5869
4279
9350
5636
6790
5838
1346
8896
5925
7668
2391
5864
1261
1145
3697
8156
5891
6874
260
8107
7845
6690
5168
2857
4567
40
6541
8807
8310
1091
5195
1729
6385
7352
5662
9830
8255
9541
3105
2482
9899
9273
3035
1894
924
2363
8308
9373
3884
9713
2233
7147
8289
9134
3989
2384
6769
3044
6224
5120
6709
5580
8025
6239
6203
2718
4539
6705
4183
9363
8446
9230
1338
2478
3335
2290
3734
4547
3862
2313
9680
4186
6697
5861
5805
2401
6103
8003
4750
7076
6249
3964
3066
7406
7318
8281
4769
642
6299
3194
2721
1570
9913
3722
2136
1598
3354
4643
96
1862
3800
3727
7232
3340
5339
1680
8754
4787
6843
4816
3973
6597
5162
2531
1822
5167
7417
4278
6525
1519
9903
4975
5296
2052
2784
2238
5626
4212
8319
6074
7541
1204
6435
5159
7139
8550
8763
4278
3588
5604
6658
1234
93
8101
2473
5949
8487
3334
2871
5105
4586
3089
4778
2983
2540
3509
6296
2568
5599
7859
6775
1796
2594
4075
420
7566
2150
2409
2265
7328
4558
6
9730
946
7480
5212
643
4441
8012
9312
8519
3769
1442
8191
2264
9774
1421
9631
2741
617
4042
5895
6219
602
6140
5848
1635
9112
43
995
3757
1708
3624
2794
4396
9447
2132
7196
1137
3341
4471
493
1080
7527
1429
2826
237
5092
2346
4311
5506
1606
1819
956
4520
9927
2673
9660
5734
8693
2971
7485
2466
2429
5964
5790
1790
3007
2066
3467
7814
3839
8688
7181
9118
7660
2832
6151
9654
9487
5471
1452
1444
4680
8682
300
6650
9930
3269
7870
4809
250
1618
385
371
9181
5100
1253
9534
4404
4628
5863
6448
1861
1479
7560
7771
6189
8434
7116
8227
7725
4266
4725
3112
7678
3551
4853
7519
444
5040
8593
7672
9925
2957
1121
2335
7367
3273
163
4106
9195
4728
7885
7601
1228
910
5035
3998
1768
4460
9002
3542
692
8600
1509
6293
7434
6960
749
54
4999
5326
5837
7236
308
3701
221
2652
5510
1087
7275
3989
8834
950
1426
4952
1341
2887
7149
7811
7881
4415
6837
4944
1593
4665
304
2547
806
7459
9070
9175
2012
1560
2997
7557
9497
6
3402
6808
8492
4436
3997
2466
78
5407
573
7082
3198
858
9564
88
7914
2251
7407
3411
2873
7380
8793
752
9157
4604
6973
1357
4299
1242
4152
7574
776
1050
2304
1316
9728
3876
2169
403
6265
7725
8825
4891
4544
8497
6763
2250
5258
7271
750
5509
8331
822
2853
587
7228
5524
9293
24
7468
6609
9750
7493
2584
8339
4700
7734
6080
1866
9069
3521
8079
5090
5340
1464
8511
5865
6383
8266
7529
546
197
7544
313
1912
2616
7628
1266
974
5436
5950
6936
6105
6076
7006
2988
4478
8839
7417
8808
3906
3321
8390
9505
4983
6759
2415
225
5998
2243
2668
4646
5548
7673
1103
4967
4894
9298
6696
8419
1542
2987
7411
7279
1380
3224
7500
6877
815
6006
1407
1896
5565
7333
933
1022
7453
3113
8067
2905
1944
65
9863
3744
3782
9398
3742
2518
9093
815
7395
8328
4778
41
4745
2674
5836
6756
1345
1251
3697
5433
7437
3278
2596
9131
1420
3009
7745
6662
7696
2531
519
5345
4403
2527
3839
3397
5566
3239
7154
8527
542
4941
3837
1320
7337
3043
2498
9462
3789
1681
6771
3590
9381
9687
8918
6158
5580
3014
4011
570
3103
6842
4775
4204
9680
8022
7388
5418
859
7621
9807
7624
4679
3433
7806
5917
5996
1827
5409
2671
72
4599
5924
3245
7165
4988
8692
1263
3190
7952
7424
1808
2907
3555
3913
3690
7462
7432
8669
5977
9104
72
2460
855
8414
7107
1968
5682
7627
4699
6256
4402
8373
6972
5301
8114
9470
6941
1045
7255
1588
838
9605
6610
8449
158
6506
699
9751
4776
1806
1446
1360
8286
2728
2844
1225
1366
3800
2380
9079
7046
9491
682
5690
824
9840
6190
2273
9026
4217
8331
3918
5831
4868
3906
1125
4222
218
2292
2366
739
7151
2407
6661
3486
5917
2738
5503
4332
7204
827
250
7849
5811
3408
4544
5164
4212
3638
5973
5213
6151
2396
5202
5215
1521
7346
7037
3656
7057
9623
3488
8880
1546
3515
3086
9078
3964
4703
4582
5075
2963
8871
4994
815
3026
4091
807
7315
5412
802
4812
6505
6637
8124
3650
895
9694
3057
6882
865
5423
9363
6638
1391
9362
6442
2131
2717
2803
6978
6910
9566
2726
6318
6259
4642
6172
7508
3214
9908
8647
9956
7992
2530
7632
7038
9190
1440
7643
3740
1012
7382
6200
7446
7671
2892
1010
9857
4022
781
249
2539
58
5399
8823
4990
8926
5821
2373
5341
6997
9650
8518
2566
9335
9316
1075
4166
7235
4374
9672
8915
4741
6355
4121
7536
2135
8589
6909
4981
159
4777
5183
4403
8576
5697
509
9883
5837
9078
5248
292
4857
6797
9860
637
4274
9345
551
3401
780
1595
5300
7487
2685
8365
5490
4023
1462
836
5589
7272
740
3375
8242
8236
476
4095
8346
5574
6437
5167
4284
4076
4960
8556
2100
2268
4363
3058
1001
3976
8051
8292
6628
2793
158
7941
5142
2639
5418
1240
5182
3227
5556
6713
1795
176
2148
7768
3381
2752
2285
5007
2581
1359
9552
5838
9066
7424
5109
1884
9361
8261
4288
3298
5224
8954
2817
1305
368
2014
9500
6421
2487
1381
7536
2800
849
6506
2286
3938
4133
9611
884
5981
73
6748
1065
2208
8443
3461
8714
5204
2505
5309
1267
8073
3394
4705
9601
4389
6905
8015
1073
6068
6099
6441
7546
970
222
5267
2360
9791
5633
5597
9755
1896
8855
1852
4785
8568
2512
663
7505
4891
3602
276
5311
3595
4276
3707
3401
1245
2231
2545
2018
3283
5483
9356
4234
1176
4105
2845
4544
3952
6300
1624
572
3281
7019
3103
4144
5277
2711
1523
6308
3836
1598
6592
3965
6059
8385
1679
9582
8032
7176
2667
801
5754
8798
2869
7263
6179
8755
9232
5231
9848
7903
4692
7302
3201
4667
4874
7578
5918
1493
48
7957
5361
9520
6796
2418
9704
4262
7337
3401
6489
9224
5204
3498
615
1197
1248
8887
2768
7209
5611
1661
9061
6004
2826
3754
248
6250
5284
8047
2398
4778
8244
3698
8691
3086
21
4601
8103
7016
5320
4302
4411
3722
3426
613
2035
7751
8212
2971
3016
8591
3172
5240
8627
9057
4435
3720
4467
3150
8944
1920
7431
8119
1369
221
9996
9704
3831
7961
540
6697
1347
3445
7835
8787
8748
7025
7805
399
7545
7570
401
6901
3665
9842
59
3482
5106
5828
4430
8067
2149
3975
4599
54
3407
5487
9097
3245
8721
9040
5901
1256
9129
7550
9992
1000
1427
7736
1484
6141
6069
3033
5852
7800
1674
9613
4525
640
9334
8532
3983
8195
8930
9300
8980
5688
931
8184
2660
8819
612
9178
5397
399
1338
9029
7055
9709
477
6328
2968
6352
7770
8189
6015
6937
1690
5505
5015
5105
3062
3633
6101
2277
8762
2939
2770
6226
622
1327
780
958
5624
2939
3049
6666
8854
1147
1150
1675
9283
7183
8909
373
6963
3362
6683
6377
7994
9219
2645
2275
3461
3873
9369
9786
6441
2427
295
3110
3889
5015
3309
5632
5141
1178
6887
3489
7923
8028
1195
4113
135
9536
1962
7875
805
987
8764
6882
7212
1836
4772
8449
1676
9855
3832
8566
8689
6793
2886
228
3316
2105
9626
8894
847
8315
3737
456
6613
8975
2912
3641
5135
9140
3728
6515
6171
4948
2003
8671
4522
1224
7816
8176
6601
5485
5953
7207
2006
5037
1139
6250
378
7086
5803
9194
4864
6408
4411
9312
9192
8868
3958
5006
6950
6761
6600
4382
6405
5326
2250
4009
5542
1322
7517
4889
2783
6293
1261
5634
1211
5766
8122
9082
8708
2559
5960
9810
7808
2376
6710
4152
9680
8878
7647
7034
7076
4938
9784
9607
3637
5180
1722
6992
547
8538
4030
399
3006
7934
5199
6376
1944
671
5222
1599
4923
5251
7865
5086
5849
4473
6420
5327
6340
9934
8909
6042
922
4214
8873
7167
1451
6800
5346
3272
7325
6947
1385
432
9957
7409
4597
3976
7590
6819
6853
4770
2291
1845
7254
9798
8329
4707
4880
4267
7584
2392
8490
2907
9654
9485
7515
8611
1182
6148
3875
5544
5674
3895
852
7605
8784
7164
9594
3878
6144
637
9616
1651
469
67
5931
8383
9238
1191
8726
3600
3274
1367
5056
2458
5120
7922
5304
6947
1545
4527
4522
1971
9606
5298
5865
1688
3087
9234
5732
5022
3573
7429
273
5479
4437
3573
8875
990
7716
3987
5425
2195
4930
5074
7041
691
3598
1692
6417
217
8961
4100
379
6697
8548
8118
6672
1167
5428
7225
6877
5568
8980
4473
9907
4235
5442
5842
3523
2666
3346
4713
5540
1964
6485
7586
6865
6986
8172
5180
2572
9062
8991
3498
8091
1212
5574
3801
9540
4740
6160
4728
977
9150
1787
3542
5668
8582
4801
5175
2804
8743
1648
5538
3037
2206
4662
589
5689
7095
6720
2063
9698
8308
5114
3084
1913
7989
4795
1839
4116
8567
8938
7692
905
7531
628
5192
7955
4168
7473
1323
2874
7937
98
1836
9115
8624
2396
4490
468
2430
7987
7010
3419
364
9953
331
633
9796
697
9253
4622
2077
3880
1458
906
8749
6099
4977
905
3438
8386
8139
5767
7003
7111
4820
7441
5615
8071
9999
1956
7373
3098
1392
2947
4259
7403
6351
4225
6689
8242
6482
6974
8772
5095
1666
4363
4393
6976
6309
1920
684
4527
8756
8007
6926
144
1426
3711
4152
7436
9289
3817
9556
3238
2804
5971
9212
340
1186
5542
3214
7117
3439
4723
9955
4071
3403
4991
805
4717
4980
114
9175
7945
8463
6220
7569
2657
7719
5345
2715
8377
2857
8777
8485
8550
8332
3717
6292
9179
4242
2270
9808
1909
9470
8672
7952
5416
8405
1144
19
6511
9870
8308
9957
6789
9667
9983
6777
6130
8025
1957
8817
5107
8401
2298
3728
9492
4933
1097
1703
5393
7884
8578
4395
8346
1186
3346
2779
9322
3112
4397
6093
545
7419
4502
3107
4149
1868
7715
6691
9962
8124
170
6907
4735
876
2895
4522
7525
7707
1565
7472
1434
9774
3779
7511
2702
3204
3430
5240
7204
7589
8599
8751
8877
3658
4154
4360
2535
7313
986
5716
8013
240
9864
5338
6278
7862
5530
4893
9016
1980
6179
1471
8732
2467
7624
4328
2326
8348
3759
7749
494
3009
1467
4143
2516
4994
225
8370
5217
4486
107
3956
9151
6448
6343
5481
4913
4345
5468
7040
4564
7958
3602
9050
1377
4574
2899
6330
4258
7799
902
5692
6097
8978
7131
2930
4712
5993
9622
7150
5234
2606
1897
2637
6167
118
1366
620
5567
7135
2473
4118
8749
620
6739
6125
4805
9388
5391
901
2591
5488
8059
6798
8121
6089
8106
8374
7876
854
2579
8640
8912
9203
1634
943
646
8496
6592
3304
6459
68
949
4405
798
771
4670
8547
9413
6977
2238
7629
6284
4684
60
1010
3296
871
4040
9333
5115
7231
1774
8522
6035
3523
7649
8824
9781
1445
9285
7440
5966
5173
1254
9112
2302
3011
4600
6763
6089
3645
5132
915
5492
8954
9657
6087
2225
2255
4149
1992
9399
8892
6300
736
4157
1102
3683
9196
208
2491
8143
6530
1764
6474
7482
6047
9588
7793
1217
1194
6102
2596
8285
1042
633
8629
8727
3124
6929
1653
8990
1901
438
9686
5082
8903
1667
1697
40
1918
4051
6075
2162
2701
8907
4316
9993
3649
3353
1182
1904
5349
2024
6772
9644
4834
7594
9979
9944
6697
7246
2974
7954
8377
3761
1649
7605
4931
8515
4002
8201
3145
5662
4297
4546
5282
9446
2702
9993
4126
8533
3049
5427
3295
5211
2504
7154
8943
6829
8226
1669
7123
477
9755
8825
8754
2354
2673
7802
6460
3866
8433
5836
7510
8976
9357
4922
6847
6758
8222
1109
7915
7776
6111
6172
5401
5149
7038
1190
4758
6997
6801
9242
5094
1317
2344
7106
2247
2016
6930
1222
5271
4442
1340
6166
7329
345
2969
3912
7956
5007
7864
3540
6582
8903
7811
2755
1899
2876
2424
5160
5028
1002
3996
1080
7438
244
2874
1289
8310
151
5342
8404
9536
3613
134
5307
4763
4451
2104
5048
3159
9244
4114
4733
3394
193
8838
1024
1510
470
3860
4284
2129
2358
2995
5465
390
7835
8418
4808
329
3047
2384
2202
6738
7570
9261
201
4135
9875
1872
6161
8097
3928
5854
9657
1970
9581
6311
9166
7501
3751
5511
5009
9105
6523
3321
8206
40
6254
4844
6383
7917
4195
9142
4689
7711
1716
645
80
526
4098
3893
6482
3590
6343
6470
2845
8355
4996
7202
2632
6375
2902
3944
4705
3237
455
8529
4814
4529
8115
1439
3230
5016
4537
6421
1155
641
2758
3908
3584
5356
8332
3123
7810
5736
5373
7555
541
4743
9449
839
7423
9109
6637
4065
4968
6425
3797
5805
5212
7761
8634
1339
733
8892
4351
3964
1239
939
9811
6102
6991
6020
4582
6597
181
8385
5888
1112
3490
9856
6331
8061
1315
5513
1331
989
4311
5677
4859
8515
6603
2854
4038
4587
7816
160
9189
8188
2887
5664
1017
5389
1307
8696
3149
8918
1750
2382
3257
9108
6547
4919
9014
6346
2378
164
4572
3967
2502
4661
7191
4470
1870
4567
7896
4616
7025
7935
8025
6433
5880
6428
1432
8708
6284
1248
5737
2899
682
8318
6786
5841
4858
4480
4648
8354
4312
582
9782
7384
1564
3916
9293
1053
2
9904
2273
6118
4318
7106
5765
6221
6345
3443
8484
1582
4572
9997
2883
6153
3645
5261
628
7945
9629
7144
6708
1726
4959
6686
5416
5698
5568
1052
2251
8556
3678
9581
3531
9543
7208
7072
4766
5624
7026
7361
8821
3730
1957
6610
6847
4781
2329
7387
7750
802
8872
9530
4775
3847
2406
1291
9331
2532
8183
9398
9050
4249
508
9069
6053
1835
2029
5671
1012
2998
2533
925
4929
6259
1341
6632
4307
8870
4654
8042
3283
6391
1073
1786
1821
8316
671
2362
1592
5101
8830
7879
1953
5043
9142
827
1549
2820
4067
457
6958
3467
2394
4046
19
1604
1163
8113
6104
4785
2649
7280
5358
7270
5420
4854
6286
8675
842
218
8098
9396
5310
25
1264
7805
4805
6036
3825
6247
9874
474
4437
1606
5935
3508
8700
8376
6192
4058
2457
5003
3357
9677
9741
9018
7157
2469
2526
4768
3287
3392
8925
6750
1636
5148
9660
4427
1479
2799
6127
9971
2643
4065
4699
7363
4273
8853
4278
8449
568
8956
6704
1953
1695
2843
3419
3309
9693
1310
1809
8033
9004
3259
1474
3596
1624
6833
8077
5415
8473
4233
9646
5424
3845
1593
5693
2108
2926
9512
20
4538
548
6199
4214
4587
7219
2042
3271
1096
8949
9495
1398
2168
7242
7378
7693
7803
8245
6916
9177
59
9150
8605
736
4638
7456
6880
3258
8919
9113
1549
6440
3816
1410
2123
6949
8507
7042
9433
8717
6892
5009
2089
6449
8279
3124
2369
1389
6877
2263
7100
8891
4525
7580
8937
8829
1643
5239
6877
1245
5713
8550
7268
221
7632
4870
8683
3112
6715
2457
6327
2769
3108
3447
3017
8368
7836
5741
5992
8183
3693
7933
5620
7208
9661
7407
9668
5525
3282
9446
1559
3694
3245
9540
8634
3028
8004
8346
4785
7085
8402
6351
9215
1315
7894
2873
1828
3812
9870
6984
4796
1556
1668
8249
1383
8198
5150
9266
7781
2065
6453
5302
1447
9657
4952
2001
5567
8770
6477
7451
791
3809
4520
628
6749
6579
2935
8856
6554
699
2526
6050
5356
8666
892
2383
9888
3162
202
1770
6838
819
2602
5019
693
2328
7327
8480
6982
3954
2854
6824
6522
2969
5617
1571
6217
6456
8148
3372
7738
3117
1860
3444
7408
4470
4886
3959
3424
8174
8822
8729
1368
4579
7384
2211
380
6676
8392
8512
6427
9702
3540
9862
6906
9058
4038
6290
320
7217
6906
4976
4263
7916
452
3218
8781
3375
252
2444
354
5637
8672
7843
3215
1402
4986
4511
2124
2949
6664
5616
7446
7218
2126
2961
4666
6973
68
1097
2050
6105
6560
7129
8159
1223
8546
266
2967
5049
5442
1147
6516
8269
753
8354
8962
5562
8578
2381
3051
2868
8617
5129
6443
1697
8887
790
615
5417
7130
7516
1741
8044
9465
8406
2110
9362
9698
5298
6116
5340
9671
5334
3810
276
6297
718
3667
3075
2659
4401
9599
3040
3081
9857
1417
24
3457
7571
6326
2347
7102
6048
1075
4072
6148
6523
3803
1786
4803
693
4682
4782
4649
9210
597
7
5935
8318
650
9653
1492
4013
7432
8432
7931
4167
8849
3668
7721
9336
5116
9122
5546
4250
4208
7194
3569
4875
735
577
1323
4737
4411
4419
6739
4719
4895
5506
5966
2332
9886
8601
3920
8573
9647
7601
2894
1965
9253
5098
868
7724
730
5625
4939
5817
550
7202
7208
6096
6798
4647
6326
6002
6496
3005
8546
4688
7428
3757
2720
9467
1303
6316
9005
6861
3699
9320
7211
4326
3650
9840
4062
6627
8149
1780
814
1117
2719
2280
973
8365
6227
3526
5838
881
6672
4425
1315
896
1282
3215
7206
2909
8212
6656
2577
1740
7421
4605
6022
8957
339
549
8341
4778
5647
5154
3671
9435
7441
5448
8505
5304
2549
8412
7667
9455
2143
7608
6779
5629
9043
2146
4935
7485
4073
5113
292
3721
4650
5936
5383
8355
54
3890
6307
7874
3746
7824
8040
7157
5255
7961
7769
5752
597
282
3778
5161
6125
2971
4168
3852
9505
6674
9559
9370
4236
5293
6209
8308
6850
1521
3427
7450
9554
4550
4944
2142
5086
4992
1616
8598
5190
4831
5238
6384
1881
3005
3021
9748
3737
599
3854
4382
9135
853
6849
6927
5999
5028
2810
966
8714
7590
816
7412
8198
7666
8432
8658
5070
5184
956
3837
5700
8153
9690
3700
1461
1164
229
7377
745
6164
2370
1385
7869
2841
3396
429
2666
9705
3987
7667
7247
3191
2061
4543
9071
435
1479
66
8237
1615
3703
3042
4550
6465
8106
1118
5225
2453
2089
4662
5272
5798
3941
7057
2415
3424
1109
4852
5965
8825
1466
1018
4660
2002
7757
8569
2244
9854
7227
9427
5225
9978
3251
2552
673
2253
3422
3819
5241
1231
2595
8677
2987
8661
6024
8468
6847
2263
9930
9401
8656
3898
3444
614
3839
6329
8609
660
654
8696
5595
1850
2189
8918
9399
5151
4526
2580
9359
6683
6453
332
1998
9107
1341
6903
1281
3732
1514
4535
5288
3457
797
1039
2397
1533
5633
1101
308
8392
728
3042
4827
1299
8420
3119
4828
4938
530
1687
6904
2184
6090
6402
9334
9601
8562
2139
1921
4627
3860
318
1622
4119
9877
818
3758
539
9343
7513
1582
5663
7087
6471
7916
7511
7783
5971
4215
7442
8464
558
4988
1043
6467
9771
90
8169
4692
2364
8126
3703
5887
8883
1968
7436
5084
4471
3389
4227
7032
4233
5681
2008
9509
2142
4747
9628
5158
6218
9634
3282
9453
2665
6622
7154
9031
8325
7761
1194
9210
6269
7475
7708
8624
7326
1366
6144
7584
5214
2633
9352
5944
6935
9024
8561
8936
416
7388
9983
6850
1679
4980
9490
1162
173
6851
6919
1808
7155
7985
1360
4614
5507
4959
2463
7377
2127
3531
8280
8178
9901
3578
6281
183
2502
9204
9975
244
281
4060
3678
9221
9562
5751
7031
2184
5485
9425
5709
8340
8839
9903
9520
1046
3987
4135
5294
9185
6700
125
8652
9844
5253
7046
1042
7166
7703
1088
2456
4793
7108
8917
1954
4340
42
2976
7301
8067
740
2856
1047
2784
4984
5034
6947
692
1274
3976
4110
9159
5262
6803
8837
7819
1248
6052
1949
9187
715
4843
4839
6111
7679
4931
5844
7563
2585
84
3846
1984
702
9457
3137
9786
1558
9891
7150
5172
2175
770
6568
7343
7415
1063
2259
8438
7457
9263
5535
5771
8039
1814
4564
9055
1005
3371
1855
3262
2880
9016
3739
1069
3990
4956
4686
1973
5824
5547
8541
7490
8389
7314
6374
3829
9865
2865
264
4981
4377
1438
3164
1151
754
9264
3997
1099
5140
8723
3780
3119
5761
2234
4902
94
8534
6014
992
412
8009
6091
2041
2191
4707
4045
4061
3344
9285
5877
9624
3623
6163
3157
2578
1107
276
6290
3468
6571
6799
6764
1841
9810
8221
2267
148
9265
2641
8807
5030
6490
6434
5240
1269
3014
8778
3586
3313
4288
8275
5999
549
9001
8512
6153
1691
1948
6592
3303
6317
6276
7793
178
9424
5597
5912
9198
9348
7468
9068
8541
8053
9989
2747
4229
8861
51
773
758
4806
3000
4938
6182
7631
2441
991
51
944
5239
4184
2344
8787
4182
4875
7964
7302
6448
5459
3922
764
6768
6926
1565
9966
8218
4081
3334
6666
8417
6596
3080
3112
6047
6759
720
7794
6980
8646
9054
7415
4618
8166
5953
2893
298
7193
372
7291
7744
6828
1950
5395
2353
3192
9337
5031
2332
8164
7479
2240
3126
4622
1399
5094
3411
4379
3012
9336
5305
8741
1341
8873
2367
4076
9761
4149
9897
2088
1972
3481
5932
8707
5640
775
7528
9015
2801
2785
9721
9288
2044
107
7881
4509
3542
9995
4283
2091
7824
2143
7565
263
8848
8048
8520
6758
57
3291
372
5777
9735
9211
7672
2082
1521
6791
4505
5022
4097
4241
4248
3254
427
3936
7315
1994
6270
9002
4699
9512
1757
1039
8246
9006
9474
3948
9146
8561
1033
1745
1305
7292
4071
3788
447
5032
5616
7006
9865
1092
293
8788
5663
2096
5560
9380
581
3529
7472
1251
4969
9658
1385
5962
9421
417
5532
5034
2010
8812
8582
2813
9072
5876
7146
4846
3860
172
7465
6270
5682
9642
3554
2728
8196
1538
3807
4995
9785
5659
490
9475
9417
6447
492
7963
2956
1799
5718
8401
7146
4149
6998
7208
2854
1655
6844
994
6818
6292
1923
7504
8742
9054
2319
9557
633
9840
62
9138
7350
9886
671
8945
2570
8970
5655
3869
5040
6401
868
7578
8608
2264
2003
4187
2880
9643
4936
6150
6977
9894
5765
85
1410
2836
9613
8103
9296
4805
6392
6929
5325
2926
830
2454
996
508
1394
6580
5854
9181
1117
6422
5486
2728
5694
5441
7441
1611
5101
2223
5707
681
5152
7678
4203
3318
8787
9839
8119
8492
5817
3965
4869
7940
8568
6084
5182
9402
1633
1290
5344
4816
4357
919
9941
6028
4360
9588
5090
7004
4917
2734
3705
2794
426
3405
4765
1868
8330
7770
4737
2982
3958
2789
2158
6076
6800
391
2114
9123
5375
4132
9666
9035
6712
3719
9491
6978
4861
2141
2247
5075
7253
3631
1455
3049
2202
1150
1349
8460
561
101
2616
8285
1292
687
738
1574
1293
7777
7711
2474
5198
5055
3757
5846
853
6850
1306
2857
9093
6681
9760
200
5113
6762
5291
5711
6229
1588
2372
9661
9016
3588
7133
2855
6697
1018
7134
1516
2756
7001
4800
2917
5467
7728
3399
9561
2017
1018
8006
4182
8953
6841
8564
8283
8251
4155
777
4416
5403
1839
7842
6512
9569
623
7270
1774
4194
397
7211
7127
7151
5517
3588
5035
9418
8097
3129
6816
5740
7897
5136
8447
7368
7731
8589
3675
1960
7479
4117
331
6189
7317
6236
6607
6060
8401
2504
475
2912
6518
2895
4263
8866
3237
5625
8873
778
8624
3237
2775
6352
5671
9470
7479
8623
5826
1460
8574
5504
8060
9657
6415
3703
5640
5841
1359
7682
9438
8507
9717
4592
5726
4814
685
9800
4691
1318
6887
7936
8512
5199
9144
3167
2848
6535
9416
43
1027
5086
4333
6260
7666
3857
5078
7814
5718
2252
7041
3300
2712
7511
8670
9160
8381
3079
4831
9904
8986
235
5622
6456
9254
5252
8101
311
6928
323
2933
2776
7837
8125
5797
9856
559
6012
4225
8881
8059
5771
3356
3117
8003
2650
1862
6368
8710
6287
1492
5686
2262
7723
2252
8858
1488
4545
3733
2675
8767
8978
6259
5971
5775
535
5885
5141
4132
2262
7177
6718
4731
9260
949
9037
5150
4674
4364
3344
2646
3804
9941
501
8478
1842
3616
3597
6661
6492
4963
2942
2583
2624
108
2059
2132
5946
5232
5384
190
4189
5644
8888
7504
3099
1048
2551
8391
4312
2503
3803
4035
7154
6835
3180
7002
6012
9138
6704
1926
9364
4457
6749
8876
5235
5739
7698
5603
4252
7783
6617
5984
6496
1539
7496
5236
7413
8966
7762
7988
9127
2673
1084
1689
6827
7346
9111
5753
7408
6489
4116
4349
8504
8878
2244
9993
8485
5630
5225
1504
7393
8832
9679
375
3740
398
774
3504
7870
5666
4972
1961
5536
2839
7175
7021
6914
8581
7160
285
1015
5322
5399
7262
6651
444
9954
885
8806
4483
480
200
5654
9357
743
8294
7694
3250
7786
1290
5381
3999
3065
576
6482
9555
5706
6047
6526
306
3431
3678
505
2708
673
5877
4454
6305
4075
6566
7226
6510
971
2451
4600
7333
8980
3359
8098
644
3064
9239
845
6817
7840
6923
5015
945
5319
4442
2860
662
5758
1428
9474
1760
1126
2282
349
3586
6317
896
3991
1765
1653
6703
593
9456
1324
363
1575
3907
2482
9652
5915
1174
3535
998
9874
1938
9062
2535
4656
608
3737
7969
9294
385
1149
2130
2604
9912
5383
1822
3744
6170
2824
8675
6507
9642
5290
361
3093
550
1425
4262
2166
3576
7512
714
9042
1958
3794
6192
4568
7993
4789
6980
8142
560
3854
229
9761
8174
877
1959
8245
8916
207
7679
8013
9020
4669
6198
874
4473
9205
2345
3667
5383
6157
6132
1885
9418
4779
3353
8960
8592
4268
8790
8099
5783
957
8352
4840
1488
3026
8214
1696
1795
5047
4947
6583
6276
574
2559
1499
591
8383
3538
284
9347
7306
3003
7804
4981
8778
6854
1251
3594
7639
2867
8689
4090
303
3263
7376
3773
9745
4572
1299
1875
1013
8262
298
5058
2205
4490
9812
5182
537
2475
6420
7190
2728
7667
5956
6963
6799
2870
9565
5331
8978
6276
7928
7113
6171
7411
2797
1142
3473
6364
2732
5962
9990
576
756
3641
5112
284
5921
8444
9078
8691
3798
4963
2943
4934
2767
7145
9403
9011
5815
6641
5683
1255
8338
9445
3751
488
6216
2061
5049
2794
1573
1705
2421
1288
4033
8983
6793
4671
9973
6351
684
5202
6487
3460
3314
7601
6496
4229
3586
5452
4339
1302
8904
7540
4969
9428
1983
9757
2254
1243
2814
7380
6958
9212
7830
9894
2694
407
8716
9747
2146
5533
4113
8528
4710
90
2331
1823
2867
5045
9934
30
6547
9066
7428
6698
5661
1833
9193
8876
983
627
4254
7332
2811
1610
6000
8489
9280
5153
2586
6834
5991
4329
2027
7757
6580
8961
9540
905
6922
7525
777
5332
8543
9304
5256
4101
4065
1946
4258
7242
8119
51
3101
1796
4334
2899
2785
1470
6856
3710
8000
644
5245
3156
6273
8051
4915
3432
5675
7870
3987
6792
2238
9227
3426
1892
2567
1732
8745
132
1715
8356
3418
3418
7161
7978
607
2905
4163
1220
1955
4937
6249
7991
2682
3159
8660
7013
9678
7866
2033
2056
1246
9615
7716
5036
470
3651
6450
6106
5138
1815
3718
723
3166
8519
7871
6361
8277
5037
2938
5090
3062
8970
3395
9763
953
2772
4902
7106
218
6764
5194
8296
373
6994
5459
8519
6809
7292
556
3581
858
9683
1698
1899
4505
7755
903
2587
9677
6425
2947
5769
5416
8111
9338
6977
8811
6452
9639
8450
9217
5332
4758
9968
7202
7700
9274
9261
4667
8310
7358
2338
3810
2736
5833
1362
3927
6712
9457
8340
9682
6855
382
840
2944
5809
6156
2010
5171
9296
2856
8838
6852
1499
852
5338
9054
7219
2594
2302
3437
4509
6823
7422
2841
3171
6505
8631
2630
2081
2779
6926
3304
7952
4632
7268
7551
7433
8301
2228
3447
3688
8258
6576
4783
7375
3612
8769
8529
2951
7391
9726
5538
5657
1073
3045
686
7457
5967
9896
1604
3678
6699
3499
1738
5037
3938
7572
8864
2240
4259
1404
235
2589
6668
334
7820
4430
5055
926
5612
4038
2318
3831
5108
3281
2005
1230
5063
7172
1021
385
1148
9489
8207
1139
1218
9710
8873
1514
2032
6724
1960
8204
3109
486
257
486
5241
3453
3479
597
6860
2818
9023
4395
9768
791
2870
5715
7567
6715
5336
7924
1163
9204
5424
9146
2621
4855
6064
2222
4977
3860
8770
5953
214
6496
3763
523
2821
9345
9141
4423
999
401
7328
5315
5125
3086
9162
9726
5877
8338
4948
1851
5684
4348
9208
7057
5584
2742
3272
6760
4820
5399
8981
1039
1675
4599
9998
9071
9584
3688
6388
5915
4425
4551
1357
8959
6354
8321
8734
4969
9556
7220
1755
387
8642
4822
3461
4076
6221
5462
3675
8059
7398
9336
4871
3619
7521
7441
1351
8613
2818
7423
2479
4142
4987
6662
8060
3443
9822
6670
4223
6804
269
6953
8613
4438
7363
5647
7795
2367
3304
1988
8757
49
1446
7719
4466
1506
507
5839
6594
2440
3950
795
5588
1824
6589
4214
6624
8825
6209
5673
263
1868
7578
7792
2056
2992
1668
295
4039
9980
913
5561
6638
776
8800
8704
1628
9632
1076
653
7058
1000
9942
5652
8181
5747
3808
6248
5258
2877
9612
1603
5752
2809
2816
9273
9461
6589
8515
410
7548
2853
614
7320
5355
4566
2393
8916
8563
5694
9534
4066
5259
3311
4230
1416
2057
2744
6237
1345
6416
9634
3726
1505
7752
1489
2420
7973
8967
9825
282
2773
5541
8139
5403
7506
8697
9928
7739
2333
938
2896
7488
8393
8195
3678
8933
1202
8282
5896
1381
4485
6151
4125
1473
5589
7104
8650
1260
1919
2845
1239
1732
4552
570
6831
543
938
419
903
7284
7368
188
6154
2892
1394
8996
5158
8089
2948
5031
3476
2755
7728
2471
9781
5684
7880
745
5141
2096
7442
8968
7449
90
7791
1787
3339
7813
9449
8221
636
4369
4775
5725
1047
6659
3430
9956
8882
1074
689
1430
4801
4948
3586
1489
7756
1616
6223
7562
3984
3018
7833
8971
5215
5275
8401
4994
8591
5393
2472
4662
8103
6755
2004
6427
7315
9546
3462
4665
299
5805
8972
4830
5716
4541
1574
4052
8807
8909
939
834
4800
3590
5724
7183
2364
150
243
3285
8003
5565
2346
770
8084
814
6101
5808
1952
9191
1514
2317
2762
9462
3602
5431
8270
1853
690
3043
5359
2963
3565
1904
7570
4518
208
3546
5924
6476
6317
851
4281
5878
8599
6875
3552
3279
3010
5442
6540
9212
2625
8187
2785
6467
192
306
9701
4712
2445
3361
7500
4364
3685
6797
7022
1887
8095
1260
9690
6137
442
3324
4247
9290
8188
1522
9230
3947
6517
2569
261
6619
1628
3278
587
4119
267
8055
1499
7131
138
2736
9483
8036
312
1881
387
3281
7231
7953
5546
7315
7890
9020
6232
9517
6129
2311
4788
9427
3590
4633
8159
1656
8183
8197
8017
6540
9763
6566
4131
2680
7428
2633
7789
7569
1704
579
1061
5157
3767
1019
8654
6025
4132
6349
6692
8861
6852
9979
9625
6559
6857
2226
1378
2848
8072
3692
4043
8134
5998
1794
5106
4909
1069
2427
1617
4888
7953
5679
3414
4649
3604
5364
2382
8603
3207
7976
9528
4908
612
2028
9597
7814
8810
1264
2270
9914
1408
9530
5439
6193
2654
5241
8003
4142
498
5716
3213
6163
9639
4124
6498
2327
7695
1407
9937
2433
8014
3367
8986
8828
7946
637
4609
9214
5071
9788
8759
6898
2605
6263
3361
8097
9423
692
5201
7769
7557
5229
1440
345
8440
2341
3766
4201
177
2266
3461
5552
2493
7431
1467
2986
7783
6730
6824
9453
7520
4600
5981
7399
4188
438
7405
1295
6200
1551
2082
1062
1893
5080
780
7302
7013
4461
2830
1263
5096
283
6076
3886
5930
6326
4687
3818
8925
5976
7663
9007
6006
9007
3016
3447
2702
436
3725
1247
7911
5895
6339
1312
6477
8565
6362
5054
7126
2581
7326
3285
570
2225
6289
1626
1521
1354
4941
7420
3143
909
4643
2355
2509
6381
5932
6062
263
5537
1163
9375
7453
181
8015
1992
8086
3930
3494
5905
1499
7121
2155
2646
562
8374
1029
6663
5494
1122
3622
6310
6996
9230
595
7069
3536
9292
4171
1589
8694
8108
2518
5864
879
1179
8106
5396
9025
4745
3509
586
3995
8573
1180
3482
3443
7374
1497
7391
7882
2134
4284
3959
247
5919
5173
6779
6664
919
7769
7691
5344
9316
9618
4539
4432
1597
3977
2047
9142
1080
480
5829
1437
9119
9242
2116
1988
4528
2165
5030
4673
9742
2986
4207
4660
9215
6266
8215
4380
6412
9626
6203
6170
7413
2478
7835
9564
6434
8295
9078
3146
5844
1167
994
750
5475
3078
4569
1737
7669
3418
4026
9080
4222
4864
7514
5212
9449
481
9222
9940
5111
1166
8172
2350
7617
1163
6536
5981
3943
5693
5106
8596
164
7507
406
3668
3016
9844
5316
5844
3461
5122
2917
3379
7099
1122
3793
4810
7169
6220
1239
808
6107
616
8149
8827
4314
3626
1869
7177
5848
1128
4620
449
1096
5661
6979
6427
1944
2228
2694
5325
5463
9678
7476
6951
3326
6996
2144
6043
4642
3511
3753
1780
8171
4299
6230
7200
6807
4723
8944
1179
2916
5485
2908
7244
422
2629
8743
9013
3256
3546
6685
5780
4457
4229
3754
3823
7003
3341
327
2147
9504
8909
5407
4197
8017
5401
3864
2536
5327
4867
4928
1207
2391
1370
6098
6470
5004
1133
7263
4027
6041
4084
787
3163
7475
2059
1221
1617
7142
1176
553
1901
5628
1699
5038
9793
7160
5948
4976
6286
3117
6494
5441
9011
3568
5744
5738
3870
9744
3013
8161
1115
7442
2597
7068
4053
5539
1605
496
760
9340
5732
1658
8520
155
5850
886
2010
7272
6467
8653
8489
2983
4411
4282
563
8133
2205
4413
1861
804
4651
9200
5698
413
4474
6115
799
7249
7334
2199
1001
3412
9389
647
1147
8370
5100
3077
9178
8034
7685
8719
2213
1058
6255
6231
2840
1650
4022
6488
6660
1610
3752
9887
1436
133
9347
959
4006
8464
325
4047
5244
5350
2242
1296
4337
4689
1034
6017
1896
4738
7549
610
1370
254
7513
2477
9630
7957
6430
6907
7459
4571
7081
7244
7542
9346
6841
7004
6207
7877
7192
156
9648
9665
2626
183
5240
78
7891
2022
1770
2326
472
6705
5766
9774
1895
1587
4792
1948
5643
4211
3152
8372
3561
7269
5712
1762
3990
4273
4144
1743
8032
4740
3597
3889
7209
902
9927
9410
8298
6914
1998
8540
7626
519
4342
8827
6887
6584
4928
2193
1490
9031
7099
2572
3041
3825
6080
7127
35
7257
4321
3178
8425
4984
5740
2614
6096
5662
6903
4377
9986
9362
4864
181
6517
4131
12
2930
4596
7816
3621
2241
7012
1869
7139
7216
4607
1243
4174
4828
6215
6294
8428
4153
3693
5784
8758
1912
4511
6895
9466
9162
6095
5924
5964
1728
1517
9515
1934
5943
2739
9261
7818
5301
6926
1570
1551
1965
2605
8813
7280
4356
4432
562
1669
1337
8512
294
5747
4830
9538
2081
1020
7884
8508
4136
3288
1674
7093
1431
4475
2478
744
6369
1313
7834
4800
4074
6371
4475
7917
7419
7593
4208
6941
9924
2882
5909
3631
5530
2688
6455
9796
850
442
4112
2172
5909
1362
476
3993
2942
1671
3252
3300
9255
6552
939
829
5959
5137
9948
4519
4085
3819
4824
1071
4568
2081
7915
6872
4048
1722
1582
9792
3988
229
1917
3348
239
5342
3496
2535
5245
5902
4979
7188
4736
2074
5845
6277
4256
7041
937
5571
8534
7214
2850
6975
946
4721
4033
4513
6631